{"useVlocityTriggers":true,"status":"Complete","processMultiple":true,"primaryDataPackType":"OmniScript","primaryDataPackKey":"bdf09096c7bc068b839f1f852e9c06c7","maxDepth":-1,"isChunked":false,"ignoreAllErrors":false,"forceQueueable":false,"forceOldDataModel":null,"dataPacks":[{"VlocityPrimarySourceId":"0jNRO0000000HYK2A2","VlocityPreviousPageKey":null,"VlocityMultiPackParentKey":null,"VlocityDepthFromPrimary":0,"VlocityDataPackType":"OmniScript","VlocityDataPackStatus":"Success","VlocityDataPackRelationshipType":"Primary","VlocityDataPackRecords":[],"VlocityDataPackParents":["9940d3b602e4f07c841daaee57fc3676","ec20eecccfdf3e43c0f15a6cd2a807d2","242ff166ea401ca692bbf8de89887228"],"VlocityDataPackName":"AddAllegation","VlocityDataPackMessage":null,"VlocityDataPackLabel":"OmniScript","VlocityDataPackKey":"bdf09096c7bc068b839f1f852e9c06c7","VlocityDataPackIsNotSupported":false,"VlocityDataPackIsIncluded":true,"VlocityDataPackData":{"Id":"0jNRO0000000HYK2A2","VlocityDataPackRelationshipType":"Primary","VlocityDataPackLabel":"OmniScript","VlocityDataPackType":"OmniScript","VlocityDataPackKey":"bdf09096c7bc068b839f1f852e9c06c7","OmniProcess":[{"IsMetadataCacheDisabled":false,"IsTestProcedure":false,"Description":"","OverrideKey":"","IsActive":true,"VlocityDataPackType":"SObject","Name":"AddAllegation","OmniProcessKey":"","VlocityRecordSObjectType":"OmniProcess","Language":"English","PropertySetConfig":"{\"persistentComponent\":[{\"render\":false,\"label\":\"\",\"remoteClass\":\"\",\"remoteMethod\":\"\",\"remoteTimeout\":30000,\"remoteOptions\":{\"preTransformBundle\":\"\",\"postTransformBundle\":\"\"},\"preTransformBundle\":\"\",\"postTransformBundle\":\"\",\"sendJSONPath\":\"\",\"sendJSONNode\":\"\",\"responseJSONPath\":\"\",\"responseJSONNode\":\"\",\"id\":\"vlcCart\",\"itemsKey\":\"cartItems\",\"modalConfigurationSetting\":{\"modalHTMLTemplateId\":\"vlcProductConfig.html\",\"modalController\":\"ModalProductCtrl\",\"modalSize\":\"lg\"}},{\"render\":false,\"dispOutsideOmni\":false,\"label\":\"\",\"remoteClass\":\"\",\"remoteMethod\":\"\",\"remoteTimeout\":30000,\"remoteOptions\":{\"preTransformBundle\":\"\",\"postTransformBundle\":\"\"},\"preTransformBundle\":\"\",\"postTransformBundle\":\"\",\"id\":\"vlcKnowledge\",\"itemsKey\":\"knowledgeItems\",\"modalConfigurationSetting\":{\"modalHTMLTemplateId\":\"\",\"modalController\":\"\",\"modalSize\":\"lg\"}}],\"allowSaveForLater\":false,\"saveNameTemplate\":null,\"saveExpireInDays\":null,\"saveForLaterRedirectPageName\":\"sflRedirect\",\"saveForLaterRedirectTemplateUrl\":\"vlcSaveForLaterAcknowledge.html\",\"saveContentEncoded\":false,\"saveObjectId\":\"%ContextId%\",\"saveURLPatterns\":{},\"autoSaveOnStepNext\":false,\"elementTypeToHTMLTemplateMapping\":{},\"seedDataJSON\":{},\"trackingCustomData\":{},\"enableKnowledge\":false,\"bLK\":false,\"lkObjName\":null,\"knowledgeArticleTypeQueryFieldsMap\":{},\"timeTracking\":false,\"hideStepChart\":false,\"mergeSavedData\":false,\"visualforcePagesAvailableInPreview\":{},\"cancelType\":\"SObject\",\"allowCancel\":true,\"cancelSource\":\"%ContextId%\",\"cancelRedirectPageName\":\"OmniScriptCancelled\",\"cancelRedirectTemplateUrl\":\"vlcCancelled.html\",\"consoleTabLabel\":\"New\",\"wpm\":false,\"ssm\":false,\"message\":{},\"pubsub\":false,\"autoFocus\":false,\"currencyCode\":\"\",\"showInputWidth\":false,\"rtpSeed\":false,\"consoleTabTitle\":null,\"consoleTabIcon\":\"custom:custom18\",\"errorMessage\":{\"custom\":[]},\"stylesheet\":{\"newport\":\"\",\"lightning\":\"\",\"newportRtl\":\"\",\"lightningRtl\":\"\"},\"stepChartPlacement\":\"right\",\"disableUnloadWarn\":true,\"scrollBehavior\":\"auto\",\"currentLanguage\":\"en_US\"}","LastPreviewPage":"","OmniProcessType":"OmniScript","ElementTypeComponentMapping":"{\"ElementTypeToHTMLTemplateList\":[]}","VlocityDataPackIsIncluded":true,"SubType":"AddAllegation","ResponseCacheType":"","IsOmniScriptEmbeddable":false,"IsIntegrationProcedure":false,"CustomJavaScript":"","VersionNumber":1,"DesignerCustomizationType":"","Namespace":"","Type":"SPCM","WebComponentKey":"c9770605-3cc1-63c8-4a01-72802861a996","VlocityRecordSourceKey":"VlocityRecordSourceKey:0jNRO0000000HYK2A2","RequiredPermission":"","IsWebCompEnabled":true,"OmniProcessElement":[{"Description":"","IsActive":true,"VlocityDataPackType":"SObject","IsOmniScriptEmbeddable":false,"DesignerCustomizationType":"","Name":"SampleAllegation2","EmbeddedOmniScriptKey":"SPCM|SampleAllegation2|English","ParentElementName":"","Type":"OmniScript","VlocityRecordSObjectType":"OmniProcessElement","ParentElementId":"","VlocityRecordSourceKey":"VlocityRecordSourceKey:0kERO0000000iBV2AY","OmniProcessVersionNumber":1,"PropertySetConfig":"{\"Type\":\"SPCM\",\"Sub Type\":\"SampleAllegation2\",\"Language\":\"English\",\"show\":{\"group\":{\"operator\":\"AND\",\"rules\":[{\"data\":\"true\",\"condition\":\"=\",\"field\":\"isAllegation2\"}]}}}","SequenceNumber":3,"OmniProcessId":{"VlocityRecordSObjectType":"OmniProcess","VlocityDataPackType":"VlocityMatchingKeyObject","VlocityMatchingRecordSourceKey":"VlocityRecordSourceKey:0jNRO0000000HYK2A2","Name":"AddAllegation"},"Level":0,"Id":"0kERO0000000iBV2AY","VlocityDataPackIsIncluded":true,"ParentElementType":""},{"Description":"","IsActive":true,"VlocityDataPackType":"SObject","IsOmniScriptEmbeddable":false,"DesignerCustomizationType":"","Name":"SampleAllegation1","EmbeddedOmniScriptKey":"SPCM|SampleAllegation1|English","ParentElementName":"","Type":"OmniScript","VlocityRecordSObjectType":"OmniProcessElement","ParentElementId":"","VlocityRecordSourceKey":"VlocityRecordSourceKey:0kERO0000000iBQ2AY","OmniProcessVersionNumber":1,"PropertySetConfig":"{\"Type\":\"SPCM\",\"Sub Type\":\"SampleAllegation1\",\"Language\":\"English\",\"show\":{\"group\":{\"operator\":\"AND\",\"rules\":[{\"data\":\"true\",\"condition\":\"=\",\"field\":\"isAllegation1\"}]}}}","SequenceNumber":2,"OmniProcessId":{"VlocityRecordSObjectType":"OmniProcess","VlocityDataPackType":"VlocityMatchingKeyObject","VlocityMatchingRecordSourceKey":"VlocityRecordSourceKey:0jNRO0000000HYK2A2","Name":"AddAllegation"},"Level":0,"Id":"0kERO0000000iBQ2AY","VlocityDataPackIsIncluded":true,"ParentElementType":""},{"Description":"","IsActive":true,"VlocityDataPackType":"SObject","IsOmniScriptEmbeddable":false,"DesignerCustomizationType":"","Name":"SampleAllegation3","EmbeddedOmniScriptKey":"SPCM|SampleAllegation3|English","ParentElementName":"","Type":"OmniScript","VlocityRecordSObjectType":"OmniProcessElement","ParentElementId":"","VlocityRecordSourceKey":"VlocityRecordSourceKey:0kERO0000000iBa2AI","OmniProcessVersionNumber":1,"PropertySetConfig":"{\"Type\":\"SPCM\",\"Sub Type\":\"SampleAllegation3\",\"Language\":\"English\",\"show\":{\"group\":{\"operator\":\"AND\",\"rules\":[{\"data\":\"true\",\"condition\":\"=\",\"field\":\"isAllegation3\"}]}}}","SequenceNumber":4,"OmniProcessId":{"VlocityRecordSObjectType":"OmniProcess","VlocityDataPackType":"VlocityMatchingKeyObject","VlocityMatchingRecordSourceKey":"VlocityRecordSourceKey:0jNRO0000000HYK2A2","Name":"AddAllegation"},"Level":0,"Id":"0kERO0000000iBa2AI","VlocityDataPackIsIncluded":true,"ParentElementType":""},{"Description":"","IsActive":true,"VlocityDataPackType":"SObject","IsOmniScriptEmbeddable":false,"DesignerCustomizationType":"","Name":"Allegation","ParentElementName":"Allegations","EmbeddedOmniScriptKey":"","Type":"Block","ParentElementId":{"VlocityRecordSObjectType":"OmniProcessElement","VlocityDataPackType":"VlocityMatchingKeyObject","VlocityMatchingRecordSourceKey":"VlocityRecordSourceKey:0kERO0000000hxg2AA","OmniProcessId":{"VlocityRecordSObjectType":"OmniProcess","VlocityDataPackType":"VlocityMatchingKeyObject","VlocityMatchingRecordSourceKey":"VlocityRecordSourceKey:0jNRO0000000HYK2A2","Name":"AddAllegation"},"Name":"Allegations"},"VlocityRecordSObjectType":"OmniProcessElement","VlocityRecordSourceKey":"VlocityRecordSourceKey:0kERO0000000hxe2AA","OmniProcessVersionNumber":1,"PropertySetConfig":"{\"controlWidth\":12,\"label\":\"Allegation\",\"collapse\":false,\"repeat\":true,\"repeatClone\":false,\"repeatLimit\":null,\"show\":null,\"conditionType\":\"Hide if False\",\"accessibleInFutureSteps\":false,\"HTMLTemplateId\":\"\",\"hide\":false}","SequenceNumber":0,"OmniProcessId":{"VlocityRecordSObjectType":"OmniProcess","VlocityDataPackType":"VlocityMatchingKeyObject","VlocityMatchingRecordSourceKey":"VlocityRecordSourceKey:0jNRO0000000HYK2A2","Name":"AddAllegation"},"Level":1,"Id":"0kERO0000000hxe2AA","VlocityDataPackIsIncluded":true,"ParentElementType":"Step"},{"Description":"","IsActive":true,"VlocityDataPackType":"SObject","IsOmniScriptEmbeddable":false,"DesignerCustomizationType":"","Name":"Allegations","ParentElementName":"","EmbeddedOmniScriptKey":"","Type":"Step","VlocityRecordSObjectType":"OmniProcessElement","ParentElementId":"","VlocityRecordSourceKey":"VlocityRecordSourceKey:0kERO0000000hxg2AA","OmniProcessVersionNumber":1,"PropertySetConfig":"{\"label\":\"Allegations\",\"validationRequired\":true,\"previousLabel\":\"Previous\",\"previousWidth\":3,\"nextLabel\":\"Next\",\"nextWidth\":3,\"cancelLabel\":\"Cancel\",\"cancelMessage\":\"Are you sure?\",\"saveLabel\":\"Save for later\",\"saveMessage\":\"Are you sure you want to save it for later?\",\"completeLabel\":\"Complete\",\"completeMessage\":\"Are you sure you want to complete the script?\",\"instruction\":\"\",\"showPersistentComponent\":[true,false],\"remoteClass\":\"\",\"remoteMethod\":\"\",\"remoteTimeout\":30000,\"remoteOptions\":{},\"knowledgeOptions\":{\"language\":\"English\",\"publishStatus\":\"Online\",\"keyword\":\"\",\"dataCategoryCriteria\":\"\",\"remoteTimeout\":30000,\"typeFilter\":\"\"},\"show\":null,\"conditionType\":\"Hide if False\",\"HTMLTemplateId\":\"\",\"instructionKey\":\"\",\"chartLabel\":null,\"allowSaveForLater\":true,\"errorMessage\":{\"custom\":[],\"default\":null},\"wpm\":false,\"ssm\":false,\"message\":{},\"pubsub\":false,\"businessCategory\":\"\",\"businessEvent\":\"\"}","SequenceNumber":0,"OmniProcessId":{"VlocityRecordSObjectType":"OmniProcess","VlocityDataPackType":"VlocityMatchingKeyObject","VlocityMatchingRecordSourceKey":"VlocityRecordSourceKey:0jNRO0000000HYK2A2","Name":"AddAllegation"},"Level":0,"Id":"0kERO0000000hxg2AA","VlocityDataPackIsIncluded":true,"ParentElementType":""},{"Description":"","IsActive":true,"VlocityDataPackType":"SObject","IsOmniScriptEmbeddable":false,"DesignerCustomizationType":"","Name":"SaveAllegation1","ParentElementName":"","EmbeddedOmniScriptKey":"","Type":"Remote Action","VlocityRecordSObjectType":"OmniProcessElement","ParentElementId":"","VlocityRecordSourceKey":"VlocityRecordSourceKey:0kERO0000000hxm2AA","OmniProcessVersionNumber":1,"PropertySetConfig":"{\"controlWidth\":12,\"label\":\"SaveAllegation1\",\"remoteClass\":\"%vlocity_namespace%.StoreResponses\",\"remoteMethod\":\"invokeMethod\",\"remoteOptions\":{\"preTransformBundle\":\"\",\"postTransformBundle\":\"\",\"Assessment.Name\":\"Allegation_Allegation1\",\"Assessment.AssessmentStatus\":\"Completed\"},\"remoteTimeout\":30000,\"preTransformBundle\":\"\",\"postTransformBundle\":\"\",\"sendJSONPath\":\"Allegation1\",\"sendJSONNode\":\"\",\"responseJSONPath\":\"\",\"responseJSONNode\":\"\",\"extraPayload\":{\"ContextId\":\"%PublicComplaintId%\"},\"inProgressMessage\":\"In Progress\",\"postMessage\":\"Done\",\"failureNextLabel\":\"Continue\",\"failureAbortLabel\":\"Abort\",\"failureGoBackLabel\":\"Go Back\",\"failureAbortMessage\":\"Are you sure?\",\"validationRequired\":\"Step\",\"redirectPageName\":\"\",\"redirectTemplateUrl\":\"vlcAcknowledge.html\",\"redirectNextLabel\":\"Next\",\"redirectNextWidth\":3,\"redirectPreviousLabel\":\"Previous\",\"redirectPreviousWidth\":3,\"showPersistentComponent\":[true,false],\"show\":{\"group\":{\"operator\":\"AND\",\"rules\":[{\"data\":\"true\",\"condition\":\"=\",\"field\":\"isAllegation1\"}]}},\"HTMLTemplateId\":\"\",\"wpm\":false,\"ssm\":false,\"message\":{},\"pubsub\":false,\"svgSprite\":\"\",\"svgIcon\":\"\",\"errorMessage\":{\"custom\":[],\"default\":null},\"enableDefaultAbort\":false,\"enableActionMessage\":false,\"useContinuation\":false,\"businessCategory\":\"\",\"businessEvent\":\"\"}","SequenceNumber":5,"OmniProcessId":{"VlocityRecordSObjectType":"OmniProcess","VlocityDataPackType":"VlocityMatchingKeyObject","VlocityMatchingRecordSourceKey":"VlocityRecordSourceKey:0jNRO0000000HYK2A2","Name":"AddAllegation"},"Level":0,"Id":"0kERO0000000hxm2AA","VlocityDataPackIsIncluded":true,"ParentElementType":""},{"Description":"","IsActive":true,"VlocityDataPackType":"SObject","IsOmniScriptEmbeddable":false,"DesignerCustomizationType":"","Name":"isAllegation2","ParentElementName":"Allegations","EmbeddedOmniScriptKey":"","Type":"Formula","ParentElementId":{"VlocityRecordSObjectType":"OmniProcessElement","VlocityDataPackType":"VlocityMatchingKeyObject","VlocityMatchingRecordSourceKey":"VlocityRecordSourceKey:0kERO0000000hxg2AA","OmniProcessId":{"VlocityRecordSObjectType":"OmniProcess","VlocityDataPackType":"VlocityMatchingKeyObject","VlocityMatchingRecordSourceKey":"VlocityRecordSourceKey:0jNRO0000000HYK2A2","Name":"AddAllegation"},"Name":"Allegations"},"VlocityRecordSObjectType":"OmniProcessElement","VlocityRecordSourceKey":"VlocityRecordSourceKey:0kERO0000000hxn2AA","OmniProcessVersionNumber":1,"PropertySetConfig":"{\"controlWidth\":12,\"label\":\"isAllegation2\",\"showInputWidth\":false,\"inputWidth\":12,\"expression\":\"CONTAINS(%concatTypeSubType|n%, 'Allegation2Type') && CONTAINS(%concatTypeSubType|n%, 'Allegation2SubType')\",\"hide\":true,\"show\":null,\"mask\":null,\"dataType\":\"Boolean\",\"hideGroupSep\":false,\"dateFormat\":\"MM-dd-yyyy\",\"HTMLTemplateId\":\"\",\"disOnTplt\":false}","SequenceNumber":2,"OmniProcessId":{"VlocityRecordSObjectType":"OmniProcess","VlocityDataPackType":"VlocityMatchingKeyObject","VlocityMatchingRecordSourceKey":"VlocityRecordSourceKey:0jNRO0000000HYK2A2","Name":"AddAllegation"},"Level":1,"Id":"0kERO0000000hxn2AA","VlocityDataPackIsIncluded":true,"ParentElementType":"Step"},{"Description":"","IsActive":true,"VlocityDataPackType":"SObject","IsOmniScriptEmbeddable":false,"DesignerCustomizationType":"","Name":"SubType","ParentElementName":"Allegation","EmbeddedOmniScriptKey":"","Type":"Select","ParentElementId":{"VlocityRecordSObjectType":"OmniProcessElement","VlocityDataPackType":"VlocityMatchingKeyObject","VlocityMatchingRecordSourceKey":"VlocityRecordSourceKey:0kERO0000000hxe2AA","OmniProcessId":{"VlocityRecordSObjectType":"OmniProcess","VlocityDataPackType":"VlocityMatchingKeyObject","VlocityMatchingRecordSourceKey":"VlocityRecordSourceKey:0jNRO0000000HYK2A2","Name":"AddAllegation"},"Name":"Allegation"},"VlocityRecordSObjectType":"OmniProcessElement","VlocityRecordSourceKey":"VlocityRecordSourceKey:0kERO0000000hxo2AA","OmniProcessVersionNumber":1,"PropertySetConfig":"{\"disOnTplt\":false,\"hide\":false,\"HTMLTemplateId\":\"\",\"accessibleInFutureSteps\":false,\"conditionType\":\"Hide if False\",\"show\":{\"group\":{\"operator\":\"AND\",\"rules\":[{\"data\":\"Allegation2Type\",\"condition\":\"=\",\"field\":\"Type|n\"}]}},\"controllingField\":{\"source\":\"\",\"type\":\"\",\"element\":\"\"},\"optionSource\":{\"source\":\"\",\"type\":\"\"},\"options\":[{\"name\":\"Allegation2SubType\",\"value\":\"Allegation2 SubType\",\"autoAdv\":null}],\"helpTextPos\":\"\",\"helpText\":\"\",\"help\":false,\"defaultValue\":null,\"readOnly\":false,\"repeatLimit\":null,\"repeatClone\":false,\"repeat\":false,\"required\":false,\"inputWidth\":12,\"showInputWidth\":false,\"label\":\"SubType of Allegation\",\"controlWidth\":5}","SequenceNumber":1,"OmniProcessId":{"VlocityRecordSObjectType":"OmniProcess","VlocityDataPackType":"VlocityMatchingKeyObject","VlocityMatchingRecordSourceKey":"VlocityRecordSourceKey:0jNRO0000000HYK2A2","Name":"AddAllegation"},"Level":2,"Id":"0kERO0000000hxo2AA","VlocityDataPackIsIncluded":true,"ParentElementType":"Block"},{"Description":"","IsActive":true,"VlocityDataPackType":"SObject","IsOmniScriptEmbeddable":false,"DesignerCustomizationType":"","Name":"isAllegation3","ParentElementName":"Allegations","EmbeddedOmniScriptKey":"","Type":"Formula","ParentElementId":{"VlocityRecordSObjectType":"OmniProcessElement","VlocityDataPackType":"VlocityMatchingKeyObject","VlocityMatchingRecordSourceKey":"VlocityRecordSourceKey:0kERO0000000hxg2AA","OmniProcessId":{"VlocityRecordSObjectType":"OmniProcess","VlocityDataPackType":"VlocityMatchingKeyObject","VlocityMatchingRecordSourceKey":"VlocityRecordSourceKey:0jNRO0000000HYK2A2","Name":"AddAllegation"},"Name":"Allegations"},"VlocityRecordSObjectType":"OmniProcessElement","VlocityRecordSourceKey":"VlocityRecordSourceKey:0kERO0000000hxp2AA","OmniProcessVersionNumber":1,"PropertySetConfig":"{\"controlWidth\":12,\"label\":\"isAllegation3\",\"showInputWidth\":false,\"inputWidth\":12,\"expression\":\"CONTAINS(%Type%,'Allegation3Type')\",\"hide\":true,\"show\":null,\"mask\":null,\"dataType\":\"Boolean\",\"hideGroupSep\":false,\"dateFormat\":\"MM-dd-yyyy\",\"HTMLTemplateId\":\"\",\"disOnTplt\":false}","SequenceNumber":3,"OmniProcessId":{"VlocityRecordSObjectType":"OmniProcess","VlocityDataPackType":"VlocityMatchingKeyObject","VlocityMatchingRecordSourceKey":"VlocityRecordSourceKey:0jNRO0000000HYK2A2","Name":"AddAllegation"},"Level":1,"Id":"0kERO0000000hxp2AA","VlocityDataPackIsIncluded":true,"ParentElementType":"Step"},{"Description":"","IsActive":true,"VlocityDataPackType":"SObject","IsOmniScriptEmbeddable":false,"DesignerCustomizationType":"","Name":"SaveAllegation2","ParentElementName":"","EmbeddedOmniScriptKey":"","Type":"Remote Action","VlocityRecordSObjectType":"OmniProcessElement","ParentElementId":"","VlocityRecordSourceKey":"VlocityRecordSourceKey:0kERO0000000hxq2AA","OmniProcessVersionNumber":1,"PropertySetConfig":"{\"businessEvent\":\"\",\"businessCategory\":\"\",\"useContinuation\":false,\"enableActionMessage\":false,\"enableDefaultAbort\":false,\"errorMessage\":{\"default\":null,\"custom\":[]},\"svgIcon\":\"\",\"svgSprite\":\"\",\"pubsub\":false,\"message\":{},\"ssm\":false,\"wpm\":false,\"HTMLTemplateId\":\"\",\"show\":{\"group\":{\"operator\":\"AND\",\"rules\":[{\"data\":\"true\",\"condition\":\"=\",\"field\":\"isAllegation2\"}]}},\"showPersistentComponent\":[true,false],\"redirectPreviousWidth\":3,\"redirectPreviousLabel\":\"Previous\",\"redirectNextWidth\":3,\"redirectNextLabel\":\"Next\",\"redirectTemplateUrl\":\"vlcAcknowledge.html\",\"redirectPageName\":\"\",\"validationRequired\":\"Step\",\"failureAbortMessage\":\"Are you sure?\",\"failureGoBackLabel\":\"Go Back\",\"failureAbortLabel\":\"Abort\",\"failureNextLabel\":\"Continue\",\"postMessage\":\"Done\",\"inProgressMessage\":\"In Progress\",\"extraPayload\":{\"ContextId\":\"%PublicComplaintId%\"},\"responseJSONNode\":\"\",\"responseJSONPath\":\"\",\"sendJSONNode\":\"\",\"sendJSONPath\":\"Allegation2\",\"postTransformBundle\":\"\",\"preTransformBundle\":\"\",\"remoteTimeout\":30000,\"remoteOptions\":{\"preTransformBundle\":\"\",\"postTransformBundle\":\"\",\"Assessment.Name\":\"Allegation_Allegation2\",\"Assessment.AssessmentStatus\":\"Completed\"},\"remoteMethod\":\"invokeMethod\",\"remoteClass\":\"%vlocity_namespace%.StoreResponses\",\"label\":\"SaveAllegation2\",\"controlWidth\":12}","SequenceNumber":6,"OmniProcessId":{"VlocityRecordSObjectType":"OmniProcess","VlocityDataPackType":"VlocityMatchingKeyObject","VlocityMatchingRecordSourceKey":"VlocityRecordSourceKey:0jNRO0000000HYK2A2","Name":"AddAllegation"},"Level":0,"Id":"0kERO0000000hxq2AA","VlocityDataPackIsIncluded":true,"ParentElementType":""},{"Description":"","IsActive":true,"VlocityDataPackType":"SObject","IsOmniScriptEmbeddable":false,"DesignerCustomizationType":"","Name":"TextBlock1","ParentElementName":"Confirmation","EmbeddedOmniScriptKey":"","Type":"Text Block","ParentElementId":{"VlocityRecordSObjectType":"OmniProcessElement","VlocityDataPackType":"VlocityMatchingKeyObject","VlocityMatchingRecordSourceKey":"VlocityRecordSourceKey:0kERO0000000hxx2AA","OmniProcessId":{"VlocityRecordSObjectType":"OmniProcess","VlocityDataPackType":"VlocityMatchingKeyObject","VlocityMatchingRecordSourceKey":"VlocityRecordSourceKey:0jNRO0000000HYK2A2","Name":"AddAllegation"},"Name":"Confirmation"},"VlocityRecordSObjectType":"OmniProcessElement","VlocityRecordSourceKey":"VlocityRecordSourceKey:0kERO0000000hxr2AA","OmniProcessVersionNumber":1,"PropertySetConfig":"{\"controlWidth\":12,\"label\":\"TextBlock1\",\"text\":\"<p style=\\\"text-align: center;\\\">Allegations are saved.</p>\",\"show\":null,\"dataJSON\":false,\"HTMLTemplateId\":\"\",\"textKey\":\"\",\"sanitize\":false}","SequenceNumber":0,"OmniProcessId":{"VlocityRecordSObjectType":"OmniProcess","VlocityDataPackType":"VlocityMatchingKeyObject","VlocityMatchingRecordSourceKey":"VlocityRecordSourceKey:0jNRO0000000HYK2A2","Name":"AddAllegation"},"Level":1,"Id":"0kERO0000000hxr2AA","VlocityDataPackIsIncluded":true,"ParentElementType":"Step"},{"Description":"","IsActive":true,"VlocityDataPackType":"SObject","IsOmniScriptEmbeddable":false,"DesignerCustomizationType":"","Name":"concatTypeSubType","ParentElementName":"Allegation","EmbeddedOmniScriptKey":"","Type":"Formula","ParentElementId":{"VlocityRecordSObjectType":"OmniProcessElement","VlocityDataPackType":"VlocityMatchingKeyObject","VlocityMatchingRecordSourceKey":"VlocityRecordSourceKey:0kERO0000000hxe2AA","OmniProcessId":{"VlocityRecordSObjectType":"OmniProcess","VlocityDataPackType":"VlocityMatchingKeyObject","VlocityMatchingRecordSourceKey":"VlocityRecordSourceKey:0jNRO0000000HYK2A2","Name":"AddAllegation"},"Name":"Allegation"},"VlocityRecordSObjectType":"OmniProcessElement","VlocityRecordSourceKey":"VlocityRecordSourceKey:0kERO0000000hxt2AA","OmniProcessVersionNumber":1,"PropertySetConfig":"{\"controlWidth\":12,\"label\":\"concatTypeSubType\",\"showInputWidth\":false,\"inputWidth\":12,\"expression\":\"CONCATENATE(%Type|n%,  %SubType|n%)\",\"hide\":true,\"show\":null,\"mask\":null,\"dataType\":null,\"hideGroupSep\":false,\"dateFormat\":\"MM-dd-yyyy\",\"HTMLTemplateId\":\"\",\"disOnTplt\":false}","SequenceNumber":2,"OmniProcessId":{"VlocityRecordSObjectType":"OmniProcess","VlocityDataPackType":"VlocityMatchingKeyObject","VlocityMatchingRecordSourceKey":"VlocityRecordSourceKey:0jNRO0000000HYK2A2","Name":"AddAllegation"},"Level":2,"Id":"0kERO0000000hxt2AA","VlocityDataPackIsIncluded":true,"ParentElementType":"Block"},{"Description":"","IsActive":true,"VlocityDataPackType":"SObject","IsOmniScriptEmbeddable":false,"DesignerCustomizationType":"","Name":"isAllegation1","ParentElementName":"Allegations","EmbeddedOmniScriptKey":"","Type":"Formula","ParentElementId":{"VlocityRecordSObjectType":"OmniProcessElement","VlocityDataPackType":"VlocityMatchingKeyObject","VlocityMatchingRecordSourceKey":"VlocityRecordSourceKey:0kERO0000000hxg2AA","OmniProcessId":{"VlocityRecordSObjectType":"OmniProcess","VlocityDataPackType":"VlocityMatchingKeyObject","VlocityMatchingRecordSourceKey":"VlocityRecordSourceKey:0jNRO0000000HYK2A2","Name":"AddAllegation"},"Name":"Allegations"},"VlocityRecordSObjectType":"OmniProcessElement","VlocityRecordSourceKey":"VlocityRecordSourceKey:0kERO0000000hxv2AA","OmniProcessVersionNumber":1,"PropertySetConfig":"{\"controlWidth\":12,\"label\":\"isAllegation1\",\"showInputWidth\":false,\"inputWidth\":12,\"expression\":\"CONTAINS(%Type%,'Allegation1Type')\",\"hide\":true,\"show\":null,\"mask\":null,\"dataType\":\"Boolean\",\"hideGroupSep\":false,\"dateFormat\":\"MM-dd-yyyy\",\"HTMLTemplateId\":\"\",\"disOnTplt\":false}","SequenceNumber":1,"OmniProcessId":{"VlocityRecordSObjectType":"OmniProcess","VlocityDataPackType":"VlocityMatchingKeyObject","VlocityMatchingRecordSourceKey":"VlocityRecordSourceKey:0jNRO0000000HYK2A2","Name":"AddAllegation"},"Level":1,"Id":"0kERO0000000hxv2AA","VlocityDataPackIsIncluded":true,"ParentElementType":"Step"},{"Description":"","IsActive":true,"VlocityDataPackType":"SObject","IsOmniScriptEmbeddable":false,"DesignerCustomizationType":"","Name":"SaveAllegation3","ParentElementName":"","EmbeddedOmniScriptKey":"","Type":"Remote Action","VlocityRecordSObjectType":"OmniProcessElement","ParentElementId":"","VlocityRecordSourceKey":"VlocityRecordSourceKey:0kERO0000000hxw2AA","OmniProcessVersionNumber":1,"PropertySetConfig":"{\"controlWidth\":12,\"label\":\"SaveAllegation3\",\"remoteClass\":\"%vlocity_namespace%.StoreResponses\",\"remoteMethod\":\"invokeMethod\",\"remoteOptions\":{\"preTransformBundle\":\"\",\"postTransformBundle\":\"\",\"Assessment.Name\":\"Allegation_Allegation3\",\"Assessment.AssessmentStatus\":\"Completed\"},\"remoteTimeout\":30000,\"preTransformBundle\":\"\",\"postTransformBundle\":\"\",\"sendJSONPath\":\"Allegation3\",\"sendJSONNode\":\"\",\"responseJSONPath\":\"\",\"responseJSONNode\":\"\",\"extraPayload\":{\"ContextId\":\"%PublicComplaintId%\"},\"inProgressMessage\":\"In Progress\",\"postMessage\":\"Done\",\"failureNextLabel\":\"Continue\",\"failureAbortLabel\":\"Abort\",\"failureGoBackLabel\":\"Go Back\",\"failureAbortMessage\":\"Are you sure?\",\"validationRequired\":\"Step\",\"redirectPageName\":\"\",\"redirectTemplateUrl\":\"vlcAcknowledge.html\",\"redirectNextLabel\":\"Next\",\"redirectNextWidth\":3,\"redirectPreviousLabel\":\"Previous\",\"redirectPreviousWidth\":3,\"showPersistentComponent\":[true,false],\"show\":{\"group\":{\"operator\":\"AND\",\"rules\":[{\"data\":\"true\",\"condition\":\"=\",\"field\":\"isAllegation3\"}]}},\"HTMLTemplateId\":\"\",\"wpm\":false,\"ssm\":false,\"message\":{},\"pubsub\":false,\"svgSprite\":\"\",\"svgIcon\":\"\",\"errorMessage\":{\"custom\":[],\"default\":null},\"enableDefaultAbort\":false,\"enableActionMessage\":false,\"useContinuation\":false,\"businessCategory\":\"\",\"businessEvent\":\"\"}","SequenceNumber":7,"OmniProcessId":{"VlocityRecordSObjectType":"OmniProcess","VlocityDataPackType":"VlocityMatchingKeyObject","VlocityMatchingRecordSourceKey":"VlocityRecordSourceKey:0jNRO0000000HYK2A2","Name":"AddAllegation"},"Level":0,"Id":"0kERO0000000hxw2AA","VlocityDataPackIsIncluded":true,"ParentElementType":""},{"Description":"","IsActive":true,"VlocityDataPackType":"SObject","IsOmniScriptEmbeddable":false,"DesignerCustomizationType":"","Name":"Confirmation","ParentElementName":"","EmbeddedOmniScriptKey":"","Type":"Step","VlocityRecordSObjectType":"OmniProcessElement","ParentElementId":"","VlocityRecordSourceKey":"VlocityRecordSourceKey:0kERO0000000hxx2AA","OmniProcessVersionNumber":1,"PropertySetConfig":"{\"label\":\"Confirmation\",\"validationRequired\":true,\"previousLabel\":\"Previous\",\"previousWidth\":\"0\",\"nextLabel\":\"Done\",\"nextWidth\":3,\"cancelLabel\":\"Cancel\",\"cancelMessage\":\"Are you sure?\",\"saveLabel\":\"Save for later\",\"saveMessage\":\"Are you sure you want to save it for later?\",\"completeLabel\":\"Complete\",\"completeMessage\":\"Are you sure you want to complete the script?\",\"instruction\":\"\",\"showPersistentComponent\":[true,false],\"remoteClass\":\"\",\"remoteMethod\":\"\",\"remoteTimeout\":30000,\"remoteOptions\":{},\"knowledgeOptions\":{\"language\":\"English\",\"publishStatus\":\"Online\",\"keyword\":\"\",\"dataCategoryCriteria\":\"\",\"remoteTimeout\":30000,\"typeFilter\":\"\"},\"show\":null,\"conditionType\":\"Hide if False\",\"HTMLTemplateId\":\"\",\"instructionKey\":\"\",\"chartLabel\":null,\"allowSaveForLater\":true,\"errorMessage\":{\"custom\":[],\"default\":null},\"wpm\":false,\"ssm\":false,\"message\":{},\"pubsub\":false,\"businessCategory\":\"\",\"businessEvent\":\"\"}","SequenceNumber":8,"OmniProcessId":{"VlocityRecordSObjectType":"OmniProcess","VlocityDataPackType":"VlocityMatchingKeyObject","VlocityMatchingRecordSourceKey":"VlocityRecordSourceKey:0jNRO0000000HYK2A2","Name":"AddAllegation"},"Level":0,"Id":"0kERO0000000hxx2AA","VlocityDataPackIsIncluded":true,"ParentElementType":""},{"Description":"","IsActive":true,"VlocityDataPackType":"SObject","IsOmniScriptEmbeddable":false,"DesignerCustomizationType":"","Name":"Type","ParentElementName":"Allegation","EmbeddedOmniScriptKey":"","Type":"Select","ParentElementId":{"VlocityRecordSObjectType":"OmniProcessElement","VlocityDataPackType":"VlocityMatchingKeyObject","VlocityMatchingRecordSourceKey":"VlocityRecordSourceKey:0kERO0000000hxe2AA","OmniProcessId":{"VlocityRecordSObjectType":"OmniProcess","VlocityDataPackType":"VlocityMatchingKeyObject","VlocityMatchingRecordSourceKey":"VlocityRecordSourceKey:0jNRO0000000HYK2A2","Name":"AddAllegation"},"Name":"Allegation"},"VlocityRecordSObjectType":"OmniProcessElement","VlocityRecordSourceKey":"VlocityRecordSourceKey:0kERO0000000hxz2AA","OmniProcessVersionNumber":1,"PropertySetConfig":"{\"controlWidth\":5,\"label\":\"Type of Allegation\",\"showInputWidth\":false,\"inputWidth\":12,\"required\":false,\"repeat\":false,\"repeatClone\":false,\"repeatLimit\":null,\"readOnly\":false,\"defaultValue\":null,\"help\":false,\"helpText\":\"\",\"helpTextPos\":\"\",\"options\":[{\"name\":\"Allegation1Type\",\"value\":\"Allegation1 Type\",\"autoAdv\":null},{\"name\":\"Allegation2Type\",\"value\":\"Allegation2 Type\",\"autoAdv\":null},{\"name\":\"Allegation3Type\",\"value\":\"Allegation3 Type\",\"autoAdv\":null}],\"optionSource\":{\"type\":\"\",\"source\":\"\"},\"controllingField\":{\"element\":\"\",\"type\":\"\",\"source\":\"\"},\"show\":null,\"conditionType\":\"Hide if False\",\"accessibleInFutureSteps\":false,\"HTMLTemplateId\":\"\",\"hide\":false,\"disOnTplt\":false}","SequenceNumber":0,"OmniProcessId":{"VlocityRecordSObjectType":"OmniProcess","VlocityDataPackType":"VlocityMatchingKeyObject","VlocityMatchingRecordSourceKey":"VlocityRecordSourceKey:0jNRO0000000HYK2A2","Name":"AddAllegation"},"Level":2,"Id":"0kERO0000000hxz2AA","VlocityDataPackIsIncluded":true,"ParentElementType":"Block"},{"Description":"","IsActive":true,"VlocityDataPackType":"SObject","IsOmniScriptEmbeddable":false,"DesignerCustomizationType":"","Name":"setComplaintID","ParentElementName":"","EmbeddedOmniScriptKey":"","Type":"Set Values","VlocityRecordSObjectType":"OmniProcessElement","ParentElementId":"","VlocityRecordSourceKey":"VlocityRecordSourceKey:0kERO0000000hy02AA","OmniProcessVersionNumber":1,"PropertySetConfig":"{\"controlWidth\":12,\"label\":\"setComplaintID\",\"elementValueMap\":{\"PublicComplaintId\":\"%ContextId%\"},\"showPersistentComponent\":[true,false],\"show\":null,\"HTMLTemplateId\":\"\",\"wpm\":false,\"ssm\":false,\"message\":{},\"pubsub\":false}","SequenceNumber":1,"OmniProcessId":{"VlocityRecordSObjectType":"OmniProcess","VlocityDataPackType":"VlocityMatchingKeyObject","VlocityMatchingRecordSourceKey":"VlocityRecordSourceKey:0jNRO0000000HYK2A2","Name":"AddAllegation"},"Level":0,"Id":"0kERO0000000hy02AA","VlocityDataPackIsIncluded":true,"ParentElementType":""},{"Description":"","IsActive":true,"VlocityDataPackType":"SObject","IsOmniScriptEmbeddable":false,"DesignerCustomizationType":"","Name":"NavigateToPublicComplaint","ParentElementName":"","EmbeddedOmniScriptKey":"","Type":"Navigate Action","VlocityRecordSObjectType":"OmniProcessElement","ParentElementId":"","VlocityRecordSourceKey":"VlocityRecordSourceKey:0kERO0000000hy12AA","OmniProcessVersionNumber":1,"PropertySetConfig":"{\"controlWidth\":12,\"label\":\"NavigateToPublicComplaint\",\"validationRequired\":\"Submit\",\"show\":null,\"HTMLTemplateId\":\"\",\"wpm\":false,\"ssm\":false,\"pubsub\":false,\"message\":{},\"targetType\":\"Record\",\"objectAction\":\"home\",\"recordAction\":\"view\",\"loginAction\":\"login\",\"targetFilter\":\"Recent\",\"targetId\":\"%PublicComplaintId%\",\"variant\":\"brand\",\"iconName\":\"\",\"iconVariant\":\"\",\"iconPosition\":\"left\",\"replace\":false,\"targetLWCLayout\":\"lightning\",\"businessCategory\":\"\",\"businessEvent\":\"\",\"targetName\":\"PublicComplaint\"}","SequenceNumber":9,"OmniProcessId":{"VlocityRecordSObjectType":"OmniProcess","VlocityDataPackType":"VlocityMatchingKeyObject","VlocityMatchingRecordSourceKey":"VlocityRecordSourceKey:0jNRO0000000HYK2A2","Name":"AddAllegation"},"Level":0,"Id":"0kERO0000000hy12AA","VlocityDataPackIsIncluded":true,"ParentElementType":""}],"Id":"0jNRO0000000HYK2A2","UniqueName":"","CustomHtmlTemplates":""}]},"VlocityDataPackAllRelationships":{"9940d3b602e4f07c841daaee57fc3676":"Reference by Salesforce Id","ec20eecccfdf3e43c0f15a6cd2a807d2":"Reference by Salesforce Id","242ff166ea401ca692bbf8de89887228":"Reference by Salesforce Id"},"DataPackAttachmentSize":32140,"DataPackAttachmentParentId":"0ncRO0000000LCmYAM","DataPackAttachmentId":"00PRO000000VohU2AS","ActivationStatus":"Ready"}],"dataPackId":"0ncRO0000000LCmYAM","alreadyExportedKeys":[],"name":"AddAllegation","description":"","version":1,"Status":"Complete"}