{"warnings":{"da00cc5d54a2310c2a8bd54331b5ae68":[{"VlocityPrimarySourceId":null,"VlocityPreviousPageKey":null,"VlocityMultiPackParentKey":null,"VlocityDepthFromPrimary":0,"VlocityDataPackType":"Apex Class","VlocityDataPackStatus":"Not Included","VlocityDataPackRelationshipType":"Metadata","VlocityDataPackRecords":null,"VlocityDataPackParents":[],"VlocityDataPackName":"GetAccountsAndContacts","VlocityDataPackMessage":"Apex Class Export Not Supported","VlocityDataPackLabel":"Apex Class","VlocityDataPackKey":"da00cc5d54a2310c2a8bd54331b5ae68","VlocityDataPackIsNotSupported":false,"VlocityDataPackIsIncluded":true,"VlocityDataPackData":null,"VlocityDataPackAllRelationships":null,"DataPackAttachmentSize":1005,"DataPackAttachmentParentId":"0ncRO0000000ISfYAM","DataPackAttachmentId":"00PRO000000VSHI2A4","ActivationStatus":"NA","isWarning":true,"id":"da00cc5d54a2310c2a8bd54331b5ae68"}]},"useVlocityTriggers":true,"status":"Complete","processMultiple":true,"primaryDataPackType":"OmniScript","primaryDataPackKey":"f5a9bd574417643c802e63fe6a1e03f6","maxDepth":-1,"isChunked":false,"ignoreAllErrors":false,"forceQueueable":false,"forceOldDataModel":null,"dataPacks":[{"VlocityPrimarySourceId":"0jNRO0000000Mgx2AE","VlocityPreviousPageKey":null,"VlocityMultiPackParentKey":null,"VlocityDepthFromPrimary":0,"VlocityDataPackType":"OmniScript","VlocityDataPackStatus":"Success","VlocityDataPackRelationshipType":"Primary","VlocityDataPackRecords":[],"VlocityDataPackParents":[],"VlocityDataPackName":"AddComplaintParticipants","VlocityDataPackMessage":null,"VlocityDataPackLabel":"OmniScript","VlocityDataPackKey":"f5a9bd574417643c802e63fe6a1e03f6","VlocityDataPackIsNotSupported":false,"VlocityDataPackIsIncluded":true,"VlocityDataPackData":{"Id":"0jNRO0000000Mgx2AE","VlocityDataPackRelationshipType":"Primary","VlocityDataPackLabel":"OmniScript","VlocityDataPackType":"OmniScript","VlocityDataPackKey":"f5a9bd574417643c802e63fe6a1e03f6","OmniProcess":[{"IsMetadataCacheDisabled":false,"IsTestProcedure":false,"Description":"","OverrideKey":"","IsActive":true,"VlocityDataPackType":"SObject","Name":"AddComplaintParticipants","OmniProcessKey":"","VlocityRecordSObjectType":"OmniProcess","Language":"English","PropertySetConfig":"{\"persistentComponent\":[{\"render\":false,\"label\":\"\",\"remoteClass\":\"\",\"remoteMethod\":\"\",\"remoteTimeout\":30000,\"remoteOptions\":{\"preTransformBundle\":\"\",\"postTransformBundle\":\"\"},\"preTransformBundle\":\"\",\"postTransformBundle\":\"\",\"sendJSONPath\":\"\",\"sendJSONNode\":\"\",\"responseJSONPath\":\"\",\"responseJSONNode\":\"\",\"id\":\"vlcCart\",\"itemsKey\":\"cartItems\",\"modalConfigurationSetting\":{\"modalHTMLTemplateId\":\"vlcProductConfig.html\",\"modalController\":\"ModalProductCtrl\",\"modalSize\":\"lg\"}},{\"render\":false,\"dispOutsideOmni\":false,\"label\":\"\",\"remoteClass\":\"\",\"remoteMethod\":\"\",\"remoteTimeout\":30000,\"remoteOptions\":{\"preTransformBundle\":\"\",\"postTransformBundle\":\"\"},\"preTransformBundle\":\"\",\"postTransformBundle\":\"\",\"id\":\"vlcKnowledge\",\"itemsKey\":\"knowledgeItems\",\"modalConfigurationSetting\":{\"modalHTMLTemplateId\":\"\",\"modalController\":\"\",\"modalSize\":\"lg\"}}],\"allowSaveForLater\":true,\"saveNameTemplate\":null,\"saveExpireInDays\":null,\"saveForLaterRedirectPageName\":\"sflRedirect\",\"saveForLaterRedirectTemplateUrl\":\"vlcSaveForLaterAcknowledge.html\",\"saveContentEncoded\":false,\"saveObjectId\":\"%ContextId%\",\"saveURLPatterns\":{},\"autoSaveOnStepNext\":false,\"elementTypeToHTMLTemplateMapping\":{},\"seedDataJSON\":{},\"trackingCustomData\":{},\"enableKnowledge\":false,\"bLK\":false,\"lkObjName\":null,\"knowledgeArticleTypeQueryFieldsMap\":{},\"timeTracking\":false,\"hideStepChart\":true,\"mergeSavedData\":false,\"visualforcePagesAvailableInPreview\":{},\"cancelType\":\"SObject\",\"allowCancel\":true,\"cancelSource\":\"%ContextId%\",\"cancelRedirectPageName\":\"OmniScriptCancelled\",\"cancelRedirectTemplateUrl\":\"vlcCancelled.html\",\"consoleTabLabel\":\"New\",\"wpm\":false,\"ssm\":false,\"message\":{},\"pubsub\":false,\"autoFocus\":false,\"currencyCode\":\"\",\"showInputWidth\":false,\"rtpSeed\":false,\"consoleTabTitle\":null,\"consoleTabIcon\":\"custom:custom18\",\"errorMessage\":{\"custom\":[]},\"stylesheet\":{\"newport\":\"\",\"lightning\":\"\",\"newportRtl\":\"\",\"lightningRtl\":\"\"},\"stepChartPlacement\":\"right\",\"disableUnloadWarn\":true,\"scrollBehavior\":\"auto\",\"currentLanguage\":\"en_US\"}","LastPreviewPage":"","OmniProcessType":"OmniScript","ElementTypeComponentMapping":"{\"ElementTypeToHTMLTemplateList\":[]}","VlocityDataPackIsIncluded":true,"SubType":"AddComplaintParticipants","ResponseCacheType":"","IsOmniScriptEmbeddable":false,"IsIntegrationProcedure":false,"CustomJavaScript":"","VersionNumber":2,"DesignerCustomizationType":"","Namespace":"","Type":"SPCM","WebComponentKey":"646c01d4-bd8c-9c92-543e-e01d2c275507","VlocityRecordSourceKey":"VlocityRecordSourceKey:0jNRO0000000Mgx2AE","RequiredPermission":"","IsWebCompEnabled":true,"OmniProcessElement":[{"Description":"","IsActive":true,"VlocityDataPackType":"SObject","IsOmniScriptEmbeddable":false,"DesignerCustomizationType":"","Name":"CreateParticipants","ParentElementName":"","EmbeddedOmniScriptKey":"","Type":"DataRaptor Post Action","VlocityRecordSObjectType":"OmniProcessElement","ParentElementId":"","VlocityRecordSourceKey":"VlocityRecordSourceKey:0kERO0000000pEy2AI","OmniProcessVersionNumber":2,"PropertySetConfig":"{\"controlWidth\":12,\"label\":\"CreateParticipants\",\"bundle\":\"AddComplaintParticipants\",\"remoteTimeout\":30000,\"postTransformBundle\":\"\",\"sendJSONPath\":\"\",\"sendJSONNode\":\"\",\"inProgressMessage\":\"In Progress\",\"postMessage\":\"Done\",\"failureNextLabel\":\"Continue\",\"failureAbortLabel\":\"Abort\",\"failureGoBackLabel\":\"Go Back\",\"failureAbortMessage\":\"Are you sure?\",\"validationRequired\":\"Submit\",\"redirectPageName\":\"\",\"redirectTemplateUrl\":\"vlcAcknowledge.html\",\"redirectNextLabel\":\"Next\",\"redirectNextWidth\":3,\"redirectPreviousLabel\":\"Previous\",\"redirectPreviousWidth\":3,\"showPersistentComponent\":[true,false],\"show\":null,\"HTMLTemplateId\":\"\",\"wpm\":false,\"ssm\":false,\"message\":{},\"pubsub\":false,\"errorMessage\":{\"custom\":[],\"default\":null},\"enableDefaultAbort\":false,\"enableActionMessage\":false,\"businessCategory\":\"\",\"businessEvent\":\"\"}","SequenceNumber":2,"OmniProcessId":{"VlocityRecordSObjectType":"OmniProcess","VlocityDataPackType":"VlocityMatchingKeyObject","VlocityMatchingRecordSourceKey":"VlocityRecordSourceKey:0jNRO0000000Mgx2AE","Name":"AddComplaintParticipants"},"Level":0,"Id":"0kERO0000000pEy2AI","VlocityDataPackIsIncluded":true,"ParentElementType":""},{"Description":"","IsActive":true,"VlocityDataPackType":"SObject","IsOmniScriptEmbeddable":false,"DesignerCustomizationType":"","Name":"addParticipants","ParentElementName":"","EmbeddedOmniScriptKey":"","Type":"Step","VlocityRecordSObjectType":"OmniProcessElement","ParentElementId":"","VlocityRecordSourceKey":"VlocityRecordSourceKey:0kERO0000000pEz2AI","OmniProcessVersionNumber":2,"PropertySetConfig":"{\"label\":\"Add Participants\",\"validationRequired\":true,\"previousLabel\":\"Cancel\",\"previousWidth\":3,\"nextLabel\":\"Add\",\"nextWidth\":3,\"cancelLabel\":\"Cancel\",\"cancelMessage\":\"Are you sure?\",\"saveLabel\":\"Save for later\",\"saveMessage\":\"Are you sure you want to save it for later?\",\"completeLabel\":\"Complete\",\"completeMessage\":\"Are you sure you want to complete the script?\",\"instruction\":\"\",\"showPersistentComponent\":[true,false],\"remoteClass\":\"\",\"remoteMethod\":\"\",\"remoteTimeout\":30000,\"remoteOptions\":{},\"knowledgeOptions\":{\"language\":\"English\",\"publishStatus\":\"Online\",\"keyword\":\"\",\"dataCategoryCriteria\":\"\",\"remoteTimeout\":30000,\"typeFilter\":\"\"},\"show\":null,\"conditionType\":\"Hide if False\",\"HTMLTemplateId\":\"\",\"instructionKey\":\"\",\"chartLabel\":null,\"allowSaveForLater\":false,\"errorMessage\":{\"custom\":[],\"default\":null},\"wpm\":false,\"ssm\":false,\"message\":{},\"pubsub\":false,\"businessCategory\":\"\",\"businessEvent\":\"\"}","SequenceNumber":1,"OmniProcessId":{"VlocityRecordSObjectType":"OmniProcess","VlocityDataPackType":"VlocityMatchingKeyObject","VlocityMatchingRecordSourceKey":"VlocityRecordSourceKey:0jNRO0000000Mgx2AE","Name":"AddComplaintParticipants"},"Level":0,"Id":"0kERO0000000pEz2AI","VlocityDataPackIsIncluded":true,"ParentElementType":""},{"Description":"","IsActive":true,"VlocityDataPackType":"SObject","IsOmniScriptEmbeddable":false,"DesignerCustomizationType":"","Name":"createContactAndAccount","ParentElementName":"addParticipants","EmbeddedOmniScriptKey":"","Type":"Custom Lightning Web Component","ParentElementId":{"VlocityRecordSObjectType":"OmniProcessElement","VlocityDataPackType":"VlocityMatchingKeyObject","VlocityMatchingRecordSourceKey":"VlocityRecordSourceKey:0kERO0000000pEz2AI","OmniProcessId":{"VlocityRecordSObjectType":"OmniProcess","VlocityDataPackType":"VlocityMatchingKeyObject","VlocityMatchingRecordSourceKey":"VlocityRecordSourceKey:0jNRO0000000Mgx2AE","Name":"AddComplaintParticipants"},"Name":"addParticipants"},"VlocityRecordSObjectType":"OmniProcessElement","VlocityRecordSourceKey":"VlocityRecordSourceKey:0kERO0000000pF02AI","OmniProcessVersionNumber":2,"PropertySetConfig":"{\"controlWidth\":12,\"label\":\"createContactAndAccount\",\"show\":null,\"conditionType\":\"Hide if False\",\"hide\":false,\"lwcName\":\"cfCreateContactAndAccountShortIntake\",\"bStandalone\":false,\"customAttributes\":[]}","SequenceNumber":6,"OmniProcessId":{"VlocityRecordSObjectType":"OmniProcess","VlocityDataPackType":"VlocityMatchingKeyObject","VlocityMatchingRecordSourceKey":"VlocityRecordSourceKey:0jNRO0000000Mgx2AE","Name":"AddComplaintParticipants"},"Level":1,"Id":"0kERO0000000pF02AI","VlocityDataPackIsIncluded":true,"ParentElementType":"Step"},{"Description":"","IsActive":true,"VlocityDataPackType":"SObject","IsOmniScriptEmbeddable":false,"DesignerCustomizationType":"","Name":"firstName","ParentElementName":"addParticipants","EmbeddedOmniScriptKey":"","Type":"Text","ParentElementId":{"VlocityRecordSObjectType":"OmniProcessElement","VlocityDataPackType":"VlocityMatchingKeyObject","VlocityMatchingRecordSourceKey":"VlocityRecordSourceKey:0kERO0000000pEz2AI","OmniProcessId":{"VlocityRecordSObjectType":"OmniProcess","VlocityDataPackType":"VlocityMatchingKeyObject","VlocityMatchingRecordSourceKey":"VlocityRecordSourceKey:0jNRO0000000Mgx2AE","Name":"AddComplaintParticipants"},"Name":"addParticipants"},"VlocityRecordSObjectType":"OmniProcessElement","VlocityRecordSourceKey":"VlocityRecordSourceKey:0kERO0000000pF52AI","OmniProcessVersionNumber":2,"PropertySetConfig":"{\"controlWidth\":4,\"label\":\"First Name\",\"showInputWidth\":false,\"inputWidth\":12,\"required\":false,\"repeat\":false,\"repeatClone\":false,\"repeatLimit\":null,\"readOnly\":false,\"defaultValue\":null,\"help\":false,\"helpText\":\"\",\"helpTextPos\":\"\",\"mask\":\"\",\"pattern\":\"\",\"ptrnErrText\":\"\",\"minLength\":0,\"maxLength\":255,\"placeholder\":\"\",\"show\":null,\"conditionType\":\"Hide if False\",\"accessibleInFutureSteps\":false,\"debounceValue\":0,\"HTMLTemplateId\":\"\",\"hide\":false,\"disOnTplt\":false,\"autocomplete\":null}","SequenceNumber":1,"OmniProcessId":{"VlocityRecordSObjectType":"OmniProcess","VlocityDataPackType":"VlocityMatchingKeyObject","VlocityMatchingRecordSourceKey":"VlocityRecordSourceKey:0jNRO0000000Mgx2AE","Name":"AddComplaintParticipants"},"Level":1,"Id":"0kERO0000000pF52AI","VlocityDataPackIsIncluded":true,"ParentElementType":"Step"},{"Description":"","IsActive":true,"VlocityDataPackType":"SObject","IsOmniScriptEmbeddable":false,"DesignerCustomizationType":"","Name":"NavigateAction","ParentElementName":"","EmbeddedOmniScriptKey":"","Type":"Navigate Action","VlocityRecordSObjectType":"OmniProcessElement","ParentElementId":"","VlocityRecordSourceKey":"VlocityRecordSourceKey:0kERO0000000pF12AI","OmniProcessVersionNumber":2,"PropertySetConfig":"{\"controlWidth\":12,\"label\":\"NavigateAction\",\"validationRequired\":\"Submit\",\"show\":null,\"HTMLTemplateId\":\"\",\"wpm\":false,\"ssm\":false,\"pubsub\":false,\"message\":{},\"targetType\":\"Record\",\"objectAction\":\"home\",\"recordAction\":\"view\",\"loginAction\":\"login\",\"targetFilter\":\"Recent\",\"targetId\":\"%ContextId%\",\"variant\":\"brand\",\"iconName\":\"\",\"iconVariant\":\"\",\"iconPosition\":\"left\",\"replace\":false,\"targetLWCLayout\":\"lightning\",\"businessCategory\":\"\",\"businessEvent\":\"\"}","SequenceNumber":3,"OmniProcessId":{"VlocityRecordSObjectType":"OmniProcess","VlocityDataPackType":"VlocityMatchingKeyObject","VlocityMatchingRecordSourceKey":"VlocityRecordSourceKey:0jNRO0000000Mgx2AE","Name":"AddComplaintParticipants"},"Level":0,"Id":"0kERO0000000pF12AI","VlocityDataPackIsIncluded":true,"ParentElementType":""},{"Description":"","IsActive":true,"VlocityDataPackType":"SObject","IsOmniScriptEmbeddable":false,"DesignerCustomizationType":"","Name":"lastName","ParentElementName":"addParticipants","EmbeddedOmniScriptKey":"","Type":"Text","ParentElementId":{"VlocityRecordSObjectType":"OmniProcessElement","VlocityDataPackType":"VlocityMatchingKeyObject","VlocityMatchingRecordSourceKey":"VlocityRecordSourceKey:0kERO0000000pEz2AI","OmniProcessId":{"VlocityRecordSObjectType":"OmniProcess","VlocityDataPackType":"VlocityMatchingKeyObject","VlocityMatchingRecordSourceKey":"VlocityRecordSourceKey:0jNRO0000000Mgx2AE","Name":"AddComplaintParticipants"},"Name":"addParticipants"},"VlocityRecordSObjectType":"OmniProcessElement","VlocityRecordSourceKey":"VlocityRecordSourceKey:0kERO0000000pF22AI","OmniProcessVersionNumber":2,"PropertySetConfig":"{\"controlWidth\":4,\"label\":\"Last Name\",\"showInputWidth\":false,\"inputWidth\":12,\"required\":false,\"repeat\":false,\"repeatClone\":false,\"repeatLimit\":null,\"readOnly\":false,\"defaultValue\":null,\"help\":false,\"helpText\":\"\",\"helpTextPos\":\"\",\"mask\":\"\",\"pattern\":\"\",\"ptrnErrText\":\"\",\"minLength\":0,\"maxLength\":255,\"placeholder\":\"\",\"show\":null,\"conditionType\":\"Hide if False\",\"accessibleInFutureSteps\":false,\"debounceValue\":0,\"HTMLTemplateId\":\"\",\"hide\":false,\"disOnTplt\":false,\"autocomplete\":null}","SequenceNumber":2,"OmniProcessId":{"VlocityRecordSObjectType":"OmniProcess","VlocityDataPackType":"VlocityMatchingKeyObject","VlocityMatchingRecordSourceKey":"VlocityRecordSourceKey:0jNRO0000000Mgx2AE","Name":"AddComplaintParticipants"},"Level":1,"Id":"0kERO0000000pF22AI","VlocityDataPackIsIncluded":true,"ParentElementType":"Step"},{"Description":"","IsActive":true,"VlocityDataPackType":"SObject","IsOmniScriptEmbeddable":false,"DesignerCustomizationType":"","Name":"city","ParentElementName":"addParticipants","EmbeddedOmniScriptKey":"","Type":"Text","ParentElementId":{"VlocityRecordSObjectType":"OmniProcessElement","VlocityDataPackType":"VlocityMatchingKeyObject","VlocityMatchingRecordSourceKey":"VlocityRecordSourceKey:0kERO0000000pEz2AI","OmniProcessId":{"VlocityRecordSObjectType":"OmniProcess","VlocityDataPackType":"VlocityMatchingKeyObject","VlocityMatchingRecordSourceKey":"VlocityRecordSourceKey:0jNRO0000000Mgx2AE","Name":"AddComplaintParticipants"},"Name":"addParticipants"},"VlocityRecordSObjectType":"OmniProcessElement","VlocityRecordSourceKey":"VlocityRecordSourceKey:0kERO0000000pF32AI","OmniProcessVersionNumber":2,"PropertySetConfig":"{\"controlWidth\":4,\"label\":\"City\",\"showInputWidth\":false,\"inputWidth\":12,\"required\":false,\"repeat\":false,\"repeatClone\":false,\"repeatLimit\":null,\"readOnly\":false,\"defaultValue\":null,\"help\":false,\"helpText\":\"\",\"helpTextPos\":\"\",\"mask\":\"\",\"pattern\":\"\",\"ptrnErrText\":\"\",\"minLength\":0,\"maxLength\":255,\"placeholder\":\"\",\"show\":null,\"conditionType\":\"Hide if False\",\"accessibleInFutureSteps\":false,\"debounceValue\":0,\"HTMLTemplateId\":\"\",\"hide\":false,\"disOnTplt\":false,\"autocomplete\":null}","SequenceNumber":3,"OmniProcessId":{"VlocityRecordSObjectType":"OmniProcess","VlocityDataPackType":"VlocityMatchingKeyObject","VlocityMatchingRecordSourceKey":"VlocityRecordSourceKey:0jNRO0000000Mgx2AE","Name":"AddComplaintParticipants"},"Level":1,"Id":"0kERO0000000pF32AI","VlocityDataPackIsIncluded":true,"ParentElementType":"Step"},{"Description":"","IsActive":true,"VlocityDataPackType":"SObject","IsOmniScriptEmbeddable":false,"DesignerCustomizationType":"","Name":"textBlock","ParentElementName":"addParticipants","EmbeddedOmniScriptKey":"","Type":"Text Block","ParentElementId":{"VlocityRecordSObjectType":"OmniProcessElement","VlocityDataPackType":"VlocityMatchingKeyObject","VlocityMatchingRecordSourceKey":"VlocityRecordSourceKey:0kERO0000000pEz2AI","OmniProcessId":{"VlocityRecordSObjectType":"OmniProcess","VlocityDataPackType":"VlocityMatchingKeyObject","VlocityMatchingRecordSourceKey":"VlocityRecordSourceKey:0jNRO0000000Mgx2AE","Name":"AddComplaintParticipants"},"Name":"addParticipants"},"VlocityRecordSObjectType":"OmniProcessElement","VlocityRecordSourceKey":"VlocityRecordSourceKey:0kERO0000000pF42AI","OmniProcessVersionNumber":2,"PropertySetConfig":"{\"controlWidth\":12,\"label\":\"TextBlock1\",\"text\":\"<p>Search to Add</p>\",\"show\":null,\"dataJSON\":false,\"HTMLTemplateId\":\"\",\"textKey\":\"\",\"sanitize\":false}","SequenceNumber":0,"OmniProcessId":{"VlocityRecordSObjectType":"OmniProcess","VlocityDataPackType":"VlocityMatchingKeyObject","VlocityMatchingRecordSourceKey":"VlocityRecordSourceKey:0jNRO0000000Mgx2AE","Name":"AddComplaintParticipants"},"Level":1,"Id":"0kERO0000000pF42AI","VlocityDataPackIsIncluded":true,"ParentElementType":"Step"},{"Description":"","IsActive":true,"VlocityDataPackType":"SObject","IsOmniScriptEmbeddable":false,"DesignerCustomizationType":"","Name":"reset","ParentElementName":"addParticipants","EmbeddedOmniScriptKey":"","Type":"Set Values","ParentElementId":{"VlocityRecordSObjectType":"OmniProcessElement","VlocityDataPackType":"VlocityMatchingKeyObject","VlocityMatchingRecordSourceKey":"VlocityRecordSourceKey:0kERO0000000pEz2AI","OmniProcessId":{"VlocityRecordSObjectType":"OmniProcess","VlocityDataPackType":"VlocityMatchingKeyObject","VlocityMatchingRecordSourceKey":"VlocityRecordSourceKey:0jNRO0000000Mgx2AE","Name":"AddComplaintParticipants"},"Name":"addParticipants"},"VlocityRecordSObjectType":"OmniProcessElement","VlocityRecordSourceKey":"VlocityRecordSourceKey:0kERO0000000pF62AI","OmniProcessVersionNumber":2,"PropertySetConfig":"{\"controlWidth\":2,\"label\":\"Reset\",\"elementValueMap\":{\"firstName\":\"=null\",\"lastName\":\"=null\",\"city\":\"=null\"},\"showPersistentComponent\":[true,false],\"show\":null,\"HTMLTemplateId\":\"\",\"wpm\":false,\"ssm\":false,\"message\":{},\"pubsub\":false}","SequenceNumber":4,"OmniProcessId":{"VlocityRecordSObjectType":"OmniProcess","VlocityDataPackType":"VlocityMatchingKeyObject","VlocityMatchingRecordSourceKey":"VlocityRecordSourceKey:0jNRO0000000Mgx2AE","Name":"AddComplaintParticipants"},"Level":1,"Id":"0kERO0000000pF62AI","VlocityDataPackIsIncluded":true,"ParentElementType":"Step"},{"Description":"","IsActive":true,"VlocityDataPackType":"SObject","IsOmniScriptEmbeddable":false,"DesignerCustomizationType":"","Name":"search","ParentElementName":"addParticipants","EmbeddedOmniScriptKey":"","Type":"Remote Action","ParentElementId":{"VlocityRecordSObjectType":"OmniProcessElement","VlocityDataPackType":"VlocityMatchingKeyObject","VlocityMatchingRecordSourceKey":"VlocityRecordSourceKey:0kERO0000000pEz2AI","OmniProcessId":{"VlocityRecordSObjectType":"OmniProcess","VlocityDataPackType":"VlocityMatchingKeyObject","VlocityMatchingRecordSourceKey":"VlocityRecordSourceKey:0jNRO0000000Mgx2AE","Name":"AddComplaintParticipants"},"Name":"addParticipants"},"VlocityRecordSObjectType":"OmniProcessElement","VlocityRecordSourceKey":"VlocityRecordSourceKey:0kERO0000000pF72AI","OmniProcessVersionNumber":2,"PropertySetConfig":"{\"controlWidth\":2,\"label\":\"Search\",\"remoteClass\":\"GetAccountsAndContacts\",\"remoteMethod\":\"invokeMethod\",\"remoteOptions\":{\"preTransformBundle\":\"\",\"postTransformBundle\":\"\",\"firstName\":\"%firstName%\",\"lastName\":\"%lastName%\",\"city\":\"%city%\"},\"remoteTimeout\":30000,\"preTransformBundle\":\"\",\"postTransformBundle\":\"\",\"sendJSONPath\":\"\",\"sendJSONNode\":\"\",\"responseJSONPath\":\"\",\"responseJSONNode\":\"\",\"extraPayload\":{},\"inProgressMessage\":\"In Progress\",\"postMessage\":\"Done\",\"failureNextLabel\":\"Continue\",\"failureAbortLabel\":\"Abort\",\"failureGoBackLabel\":\"Go Back\",\"failureAbortMessage\":\"Are you sure?\",\"validationRequired\":\"Step\",\"redirectPageName\":\"\",\"redirectTemplateUrl\":\"vlcAcknowledge.html\",\"redirectNextLabel\":\"Next\",\"redirectNextWidth\":3,\"redirectPreviousLabel\":\"Previous\",\"redirectPreviousWidth\":3,\"showPersistentComponent\":[true,false],\"show\":null,\"HTMLTemplateId\":\"\",\"wpm\":false,\"ssm\":false,\"message\":{},\"pubsub\":false,\"svgSprite\":\"\",\"svgIcon\":\"\",\"errorMessage\":{\"custom\":[],\"default\":null},\"enableDefaultAbort\":false,\"enableActionMessage\":false,\"useContinuation\":false,\"businessCategory\":\"\",\"businessEvent\":\"\"}","SequenceNumber":5,"OmniProcessId":{"VlocityRecordSObjectType":"OmniProcess","VlocityDataPackType":"VlocityMatchingKeyObject","VlocityMatchingRecordSourceKey":"VlocityRecordSourceKey:0jNRO0000000Mgx2AE","Name":"AddComplaintParticipants"},"Level":1,"Id":"0kERO0000000pF72AI","VlocityDataPackIsIncluded":true,"ParentElementType":"Step"},{"Description":"","IsActive":true,"VlocityDataPackType":"SObject","IsOmniScriptEmbeddable":false,"DesignerCustomizationType":"","Name":"selectAndBuildComplaintParticipants","ParentElementName":"addParticipants","EmbeddedOmniScriptKey":"","Type":"Custom Lightning Web Component","ParentElementId":{"VlocityRecordSObjectType":"OmniProcessElement","VlocityDataPackType":"VlocityMatchingKeyObject","VlocityMatchingRecordSourceKey":"VlocityRecordSourceKey:0kERO0000000pEz2AI","OmniProcessId":{"VlocityRecordSObjectType":"OmniProcess","VlocityDataPackType":"VlocityMatchingKeyObject","VlocityMatchingRecordSourceKey":"VlocityRecordSourceKey:0jNRO0000000Mgx2AE","Name":"AddComplaintParticipants"},"Name":"addParticipants"},"VlocityRecordSObjectType":"OmniProcessElement","VlocityRecordSourceKey":"VlocityRecordSourceKey:0kERO0000000pF82AI","OmniProcessVersionNumber":2,"PropertySetConfig":"{\"controlWidth\":12,\"label\":\"selectAndBuildComplaintParticipants\",\"show\":null,\"conditionType\":\"Hide if False\",\"hide\":false,\"lwcName\":\"cfSelectAndBuildComplaintParticipants\",\"bStandalone\":false,\"customAttributes\":[{\"name\":\"parent-data\",\"source\":\"true\"},{\"name\":\"records\",\"source\":\"%data%\"}]}","SequenceNumber":7,"OmniProcessId":{"VlocityRecordSObjectType":"OmniProcess","VlocityDataPackType":"VlocityMatchingKeyObject","VlocityMatchingRecordSourceKey":"VlocityRecordSourceKey:0jNRO0000000Mgx2AE","Name":"AddComplaintParticipants"},"Level":1,"Id":"0kERO0000000pF82AI","VlocityDataPackIsIncluded":true,"ParentElementType":"Step"},{"Description":"","IsActive":true,"VlocityDataPackType":"SObject","IsOmniScriptEmbeddable":false,"DesignerCustomizationType":"","Name":"setValues","ParentElementName":"","EmbeddedOmniScriptKey":"","Type":"Set Values","VlocityRecordSObjectType":"OmniProcessElement","ParentElementId":"","VlocityRecordSourceKey":"VlocityRecordSourceKey:0kERO0000000pF92AI","OmniProcessVersionNumber":2,"PropertySetConfig":"{\"controlWidth\":12,\"label\":\"setValues\",\"elementValueMap\":{\"publicComplaintId\":\"%ContextId%\",\"data\":\"=[]\"},\"showPersistentComponent\":[true,false],\"show\":null,\"HTMLTemplateId\":\"\",\"wpm\":false,\"ssm\":false,\"message\":{},\"pubsub\":false}","SequenceNumber":0,"OmniProcessId":{"VlocityRecordSObjectType":"OmniProcess","VlocityDataPackType":"VlocityMatchingKeyObject","VlocityMatchingRecordSourceKey":"VlocityRecordSourceKey:0jNRO0000000Mgx2AE","Name":"AddComplaintParticipants"},"Level":0,"Id":"0kERO0000000pF92AI","VlocityDataPackIsIncluded":true,"ParentElementType":""}],"Id":"0jNRO0000000Mgx2AE","UniqueName":"","CustomHtmlTemplates":""}]},"VlocityDataPackAllRelationships":{"be45c5381c4d577ec11883aaba9ca373":"Reference by Name","da00cc5d54a2310c2a8bd54331b5ae68":"Reference by Salesforce Id"},"DataPackAttachmentSize":23349,"DataPackAttachmentParentId":"0ncRO0000000ISfYAM","DataPackAttachmentId":"00PRO000000VSHC2A4","ActivationStatus":"Ready"},{"VlocityPrimarySourceId":"0jIRO00000009ZB2AY","VlocityPreviousPageKey":null,"VlocityMultiPackParentKey":null,"VlocityDepthFromPrimary":0,"VlocityDataPackType":"DataRaptor","VlocityDataPackStatus":"Success","VlocityDataPackRelationshipType":"Sibling","VlocityDataPackRecords":[],"VlocityDataPackParents":[],"VlocityDataPackName":"AddComplaintParticipants","VlocityDataPackMessage":null,"VlocityDataPackLabel":"DataRaptor","VlocityDataPackKey":"be45c5381c4d577ec11883aaba9ca373","VlocityDataPackIsNotSupported":false,"VlocityDataPackIsIncluded":true,"VlocityDataPackData":{"OmniDataTransform":[{"SourceObject":"json","ExpectedInputOtherData":"","ExpectedOutputJson":"","Description":"","ExpectedOutputXml":"","IsDeletedOnSuccess":false,"IsProcessSuperBulk":false,"OverrideKey":"","IsActive":false,"VlocityDataPackType":"SObject","PreviewOtherData":"","SynchronousProcessThreshold":"","TargetOutputDocumentIdentifier":"","GlobalKey":"","Name":"AddComplaintParticipants","IsAssignmentRulesUsed":false,"VlocityRecordSObjectType":"OmniDataTransform","IsXmlDeclarationRemoved":false,"XmlOutputTagsOrder":"","IsSourceObjectDefault":false,"InputParsingClass":"","ExpectedOutputOtherData":"","OmniDataTransformItem":[{"MigrationPattern":"","InputObjectQuerySequence":"","FormulaResultPath":"","VlocityDataPackType":"SObject","FormulaSequence":"","LinkedFieldName":"","IsDisabled":true,"MigrationCategory":"","MigrationType":"","MigrationValue":"FAKEMAPPING","OutputFieldName":"Id","FilterGroup":"","LinkedObjectSequence":"","GlobalKey":"AddComplaintParticipantsCustom1361","Name":"AddComplaintParticipants","OutputCreationSequence":1,"DefaultValue":"","VlocityRecordSObjectType":"OmniDataTransformItem","LookupReturnedFieldName":"","IsRequiredForUpsert":false,"MigrationProcess":"","FilterDataType":"","VlocityDataPackIsIncluded":true,"InputObjectName":"","FormulaExpression":"","OmniDataTransformationId":{"VlocityRecordSObjectType":"OmniDataTransform","VlocityDataPackType":"VlocityMatchingKeyObject","VlocityMatchingRecordSourceKey":"VlocityRecordSourceKey:0jIRO00000009ZB2AY","Name":"AddComplaintParticipants"},"LookupObjectName":"","MigrationAttribute":"","MigrationGroup":"","FilterValue":"","FilterOperator":"=","MigrationKey":"","InputFieldName":"","VlocityRecordSourceKey":"VlocityRecordSourceKey:0kdRO0000000ZZ0YAM","IsUpsertKey":false,"LookupByFieldName":"","OutputFieldFormat":"","TransformValueMappings":"","Id":"0kdRO0000000ZZ0YAM","OutputObjectName":"ComplaintParticipant"},{"MigrationPattern":"","InputObjectQuerySequence":"","FormulaResultPath":"","VlocityDataPackType":"SObject","FormulaSequence":"","LinkedFieldName":"","IsDisabled":false,"MigrationCategory":"","MigrationType":"","OutputFieldName":"ParticipantId","MigrationValue":"","FilterGroup":"","LinkedObjectSequence":"","GlobalKey":"AddComplaintParticipantsCustom6105","Name":"AddComplaintParticipants","OutputCreationSequence":1,"DefaultValue":"","VlocityRecordSObjectType":"OmniDataTransformItem","LookupReturnedFieldName":"","IsRequiredForUpsert":false,"MigrationProcess":"","FilterDataType":"","VlocityDataPackIsIncluded":true,"InputObjectName":"","FormulaExpression":"","OmniDataTransformationId":{"VlocityRecordSObjectType":"OmniDataTransform","VlocityDataPackType":"VlocityMatchingKeyObject","VlocityMatchingRecordSourceKey":"VlocityRecordSourceKey:0jIRO00000009ZB2AY","Name":"AddComplaintParticipants"},"LookupObjectName":"","MigrationAttribute":"","MigrationGroup":"","FilterValue":"","FilterOperator":"","InputFieldName":"addParticipants:selectAndBuildComplaintParticipants:selectedData:selectedData:id","MigrationKey":"","VlocityRecordSourceKey":"VlocityRecordSourceKey:0kdRO0000000ZZ1YAM","IsUpsertKey":false,"LookupByFieldName":"","OutputFieldFormat":"","TransformValueMappings":"","Id":"0kdRO0000000ZZ1YAM","OutputObjectName":"ComplaintParticipant"},{"MigrationPattern":"","InputObjectQuerySequence":"","FormulaResultPath":"","VlocityDataPackType":"SObject","FormulaSequence":"","LinkedFieldName":"","IsDisabled":false,"MigrationCategory":"","MigrationType":"","OutputFieldName":"Status","MigrationValue":"","FilterGroup":"","LinkedObjectSequence":"","GlobalKey":"AddComplaintParticipantsCustom4557","Name":"AddComplaintParticipants","OutputCreationSequence":1,"DefaultValue":"","VlocityRecordSObjectType":"OmniDataTransformItem","LookupReturnedFieldName":"","IsRequiredForUpsert":false,"MigrationProcess":"","FilterDataType":"","VlocityDataPackIsIncluded":true,"InputObjectName":"","FormulaExpression":"","OmniDataTransformationId":{"VlocityRecordSObjectType":"OmniDataTransform","VlocityDataPackType":"VlocityMatchingKeyObject","VlocityMatchingRecordSourceKey":"VlocityRecordSourceKey:0jIRO00000009ZB2AY","Name":"AddComplaintParticipants"},"LookupObjectName":"","MigrationAttribute":"","MigrationGroup":"","FilterValue":"","FilterOperator":"","InputFieldName":"addParticipants:selectAndBuildComplaintParticipants:selectedData:selectedData:status","MigrationKey":"","VlocityRecordSourceKey":"VlocityRecordSourceKey:0kdRO0000000ZZ2YAM","IsUpsertKey":false,"LookupByFieldName":"","OutputFieldFormat":"","TransformValueMappings":"","Id":"0kdRO0000000ZZ2YAM","OutputObjectName":"ComplaintParticipant"},{"MigrationPattern":"","InputObjectQuerySequence":"","FormulaResultPath":"","VlocityDataPackType":"SObject","FormulaSequence":"","LinkedFieldName":"","IsDisabled":false,"MigrationCategory":"","MigrationType":"","OutputFieldName":"PublicComplaintId","MigrationValue":"","FilterGroup":"","LinkedObjectSequence":"","GlobalKey":"AddComplaintParticipantsCustom3476","Name":"AddComplaintParticipants","OutputCreationSequence":1,"DefaultValue":"","VlocityRecordSObjectType":"OmniDataTransformItem","LookupReturnedFieldName":"","IsRequiredForUpsert":false,"MigrationProcess":"","FilterDataType":"","VlocityDataPackIsIncluded":true,"InputObjectName":"","FormulaExpression":"","OmniDataTransformationId":{"VlocityRecordSObjectType":"OmniDataTransform","VlocityDataPackType":"VlocityMatchingKeyObject","VlocityMatchingRecordSourceKey":"VlocityRecordSourceKey:0jIRO00000009ZB2AY","Name":"AddComplaintParticipants"},"LookupObjectName":"","MigrationAttribute":"","MigrationGroup":"","FilterValue":"","FilterOperator":"","InputFieldName":"publicComplaintId","MigrationKey":"","VlocityRecordSourceKey":"VlocityRecordSourceKey:0kdRO0000000ZZ3YAM","IsUpsertKey":false,"LookupByFieldName":"","OutputFieldFormat":"","TransformValueMappings":"","Id":"0kdRO0000000ZZ3YAM","OutputObjectName":"ComplaintParticipant"},{"MigrationPattern":"","InputObjectQuerySequence":"","FormulaResultPath":"","VlocityDataPackType":"SObject","FormulaSequence":"","LinkedFieldName":"","IsDisabled":false,"MigrationCategory":"","MigrationType":"","OutputFieldName":"Role","MigrationValue":"","FilterGroup":"","LinkedObjectSequence":"","GlobalKey":"AddComplaintParticipantsCustom7483","Name":"AddComplaintParticipants","OutputCreationSequence":1,"DefaultValue":"","VlocityRecordSObjectType":"OmniDataTransformItem","LookupReturnedFieldName":"","IsRequiredForUpsert":false,"MigrationProcess":"","FilterDataType":"","VlocityDataPackIsIncluded":true,"InputObjectName":"","FormulaExpression":"","OmniDataTransformationId":{"VlocityRecordSObjectType":"OmniDataTransform","VlocityDataPackType":"VlocityMatchingKeyObject","VlocityMatchingRecordSourceKey":"VlocityRecordSourceKey:0jIRO00000009ZB2AY","Name":"AddComplaintParticipants"},"LookupObjectName":"","MigrationAttribute":"","MigrationGroup":"","FilterValue":"","FilterOperator":"","InputFieldName":"addParticipants:selectAndBuildComplaintParticipants:selectedData:selectedData:role","MigrationKey":"","VlocityRecordSourceKey":"VlocityRecordSourceKey:0kdRO0000000ZZ4YAM","IsUpsertKey":false,"LookupByFieldName":"","OutputFieldFormat":"","TransformValueMappings":"","Id":"0kdRO0000000ZZ4YAM","OutputObjectName":"ComplaintParticipant"}],"VlocityDataPackIsIncluded":true,"PreviewSourceObjectData":"","OutputType":"SObject","IsRollbackOnError":false,"BatchSize":"","PreviewJsonData":"","ResponseCacheType":"","IsNullInputsIncludedInOutput":false,"VersionNumber":1,"Namespace":"","OutputParsingClass":"","Type":"Load","IsErrorIgnored":false,"ExpectedInputJson":"{\n    \"timeStamp\": \"2022-05-06T09:35:59.069Z\",\n    \"userProfile\": \"System Administrator\",\n    \"userTimeZoneName\": \"America/Los_Angeles\",\n    \"userTimeZone\": \"-420\",\n    \"userCurrencyCode\": \"USD\",\n    \"userName\": \"admin238rfpss@sf.com\",\n    \"userId\": \"005RQ000000HfNuYAK\",\n    \"publicComplaintId\": \"\",\n    \"addParticipants\": {\n        \"lastName\": \"Shakya\",\n        \"selectAndBuildComplaintParticipants\": {\n            \"selectedData\": {\n                \"selectedData\": [\n                    {\n                        \"id\": \"001RQ000001nFPuYAM\",\n                        \"role\": \"Victim\",\n                        \"status\": \"Active\"\n                    }\n                ]\n            }\n        }\n    }\n}","VlocityRecordSourceKey":"VlocityRecordSourceKey:0jIRO00000009ZB2AY","ExpectedInputXml":"","RequiredPermission":"","PreviewXmlData":"","InputType":"JSON","Id":"0jIRO00000009ZB2AY","ResponseCacheTtlMinutes":"","TargetOutputFileName":"","UniqueName":"","IsFieldLevelSecurityEnabled":false,"PreprocessorClassName":""}],"Id":"AddComplaintParticipants","VlocityDataPackRelationshipType":"Sibling","VlocityDataPackLabel":"DataRaptor","VlocityDataPackType":"DataRaptor","VlocityDataPackKey":"be45c5381c4d577ec11883aaba9ca373"},"VlocityDataPackAllRelationships":{"f5a9bd574417643c802e63fe6a1e03f6":"Reference by Name"},"DataPackAttachmentSize":9681,"DataPackAttachmentParentId":"0ncRO0000000ISfYAM","DataPackAttachmentId":"00PRO000000VSHH2A4","ActivationStatus":"NA"}],"dataPackId":"0ncRO0000000ISfYAM","alreadyExportedKeys":[],"name":"AddComplaintParticipants","description":"","version":1,"Status":"Complete"}