{"useVlocityTriggers":true,"status":"Complete","processMultiple":true,"primaryDataPackType":"FlexCard","primaryDataPackKey":"c1b9fb650ab113e309f6e1d32bd9f062","maxDepth":-1,"isChunked":false,"ignoreAllErrors":false,"forceQueueable":false,"forceOldDataModel":null,"dataPacks":[{"VlocityPrimarySourceId":"0koRO00000006FYYAY","VlocityPreviousPageKey":null,"VlocityMultiPackParentKey":null,"VlocityDepthFromPrimary":0,"VlocityDataPackType":"FlexCard","VlocityDataPackStatus":"Success","VlocityDataPackRelationshipType":"Primary","VlocityDataPackRecords":[],"VlocityDataPackParents":[],"VlocityDataPackName":"CreateContactFlyoutShortIntake","VlocityDataPackMessage":null,"VlocityDataPackLabel":"FlexCard","VlocityDataPackKey":"c1b9fb650ab113e309f6e1d32bd9f062","VlocityDataPackIsNotSupported":false,"VlocityDataPackIsIncluded":true,"VlocityDataPackData":{"Id":"0koRO00000006FYYAY","VlocityDataPackRelationshipType":"Primary","VlocityDataPackLabel":"FlexCard","OmniUiCard":[{"Description":"","AuthorName":"cintake1","OmniUiCardKey":"CreateContactFlyoutShortIntake/cintake1/1.0","OverrideKey":"","IsActive":true,"DataSourceConfig":"{\"dataSource\":{\"type\":\"\",\"value\":{},\"orderBy\":{},\"contextVariables\":[]}}","VlocityDataPackType":"SObject","SampleDataSourceResponse":"","ClonedFromOmniUiCardKey":"","VersionNumber":1,"Namespace":"","Name":"CreateContactFlyoutShortIntake","IsTrackingEnabled":false,"VlocityRecordSObjectType":"OmniUiCard","VlocityRecordSourceKey":"VlocityRecordSourceKey:0koRO00000006FYYAY","PropertySetConfig":"{\"states\":[{\"fields\":[],\"conditions\":{\"id\":\"state-condition-object\",\"isParent\":true,\"group\":[]},\"definedActions\":{\"actions\":[]},\"name\":\"Active\",\"isSmartAction\":false,\"smartAction\":{},\"styleObject\":{\"padding\":[{\"type\":\"around\",\"size\":\"x-small\"}],\"margin\":[{\"type\":\"around\",\"size\":\"none\"}],\"container\":{\"class\":\"slds-card\"},\"size\":{\"isResponsive\":false,\"default\":\"12\"},\"sizeClass\":\"slds-size_12-of-12\",\"class\":\"slds-card slds-p-around_x-small slds-m-bottom_x-small\"},\"components\":{\"layer-0\":{\"children\":[{\"name\":\"Custom LWC\",\"element\":\"customLwc\",\"size\":{\"isResponsive\":false,\"default\":\"12\"},\"stateIndex\":0,\"class\":\"slds-col \",\"property\":{\"customlwcname\":\"createContactShortIntake\"},\"type\":\"element\",\"styleObject\":{\"sizeClass\":\"slds-size_12-of-12\"},\"elementLabel\":\"CreateContactFlyout\",\"userUpdatedElementLabel\":true}]}},\"childCards\":[],\"actions\":[],\"omniscripts\":[],\"documents\":[]}],\"dataSource\":{\"type\":\"\",\"value\":{},\"orderBy\":{},\"contextVariables\":[]},\"title\":\"CreateContactFlyoutShortIntake\",\"enableLwc\":true,\"isFlex\":true,\"theme\":\"slds\",\"selectableMode\":\"Multi\",\"lwc\":{\"DeveloperName\":\"cfCreateContactFlyoutShortIntake_1_cintake1\",\"Id\":\"0RbRO0000002MwB0AU\",\"MasterLabel\":\"cfCreateContactFlyoutShortIntake_1_cintake1\",\"NamespacePrefix\":\"c\",\"ManageableState\":\"unmanaged\"}}","OmniUiCardType":"Child","Id":"0koRO00000006FYYAY","VlocityDataPackIsIncluded":true,"StylingConfiguration":"","UniqueName":""}],"VlocityDataPackType":"FlexCard","VlocityDataPackKey":"c1b9fb650ab113e309f6e1d32bd9f062"},"VlocityDataPackAllRelationships":{},"DataPackAttachmentSize":3114,"DataPackAttachmentParentId":"0ncRO0000000IT9YAM","DataPackAttachmentId":"00PRO000000VSIK2A4","ActivationStatus":"Ready"}],"dataPackId":"0ncRO0000000IT9YAM","alreadyExportedKeys":[],"name":"CreateContactFlyoutShortIntake","description":"","version":1,"Status":"Complete"}