{"useVlocityTriggers":true,"status":"Complete","processMultiple":true,"primaryDataPackType":"FlexCard","primaryDataPackKey":"4770b414a855944ada134d4883ba6f26","maxDepth":-1,"isChunked":false,"ignoreAllErrors":false,"forceQueueable":false,"forceOldDataModel":null,"dataPacks":[{"VlocityPrimarySourceId":"0koRO00000006FTYAY","VlocityPreviousPageKey":null,"VlocityMultiPackParentKey":null,"VlocityDepthFromPrimary":0,"VlocityDataPackType":"FlexCard","VlocityDataPackStatus":"Success","VlocityDataPackRelationshipType":"Primary","VlocityDataPackRecords":[],"VlocityDataPackParents":[],"VlocityDataPackName":"CreateAccountFlyoutShortIntake","VlocityDataPackMessage":null,"VlocityDataPackLabel":"FlexCard","VlocityDataPackKey":"4770b414a855944ada134d4883ba6f26","VlocityDataPackIsNotSupported":false,"VlocityDataPackIsIncluded":true,"VlocityDataPackData":{"Id":"0koRO00000006FTYAY","VlocityDataPackRelationshipType":"Primary","VlocityDataPackLabel":"FlexCard","OmniUiCard":[{"Description":"","AuthorName":"cintake1","OmniUiCardKey":"CreateAccountFlyoutShortIntake/cintake1/1.0","OverrideKey":"","IsActive":true,"DataSourceConfig":"{\"dataSource\":{\"type\":null,\"value\":{},\"orderBy\":{},\"contextVariables\":[]}}","VlocityDataPackType":"SObject","SampleDataSourceResponse":"","ClonedFromOmniUiCardKey":"","VersionNumber":1,"Namespace":"","Name":"CreateAccountFlyoutShortIntake","IsTrackingEnabled":false,"VlocityRecordSObjectType":"OmniUiCard","VlocityRecordSourceKey":"VlocityRecordSourceKey:0koRO00000006FTYAY","PropertySetConfig":"{\"states\":[{\"fields\":[],\"conditions\":{\"id\":\"state-condition-object\",\"isParent\":true,\"group\":[]},\"definedActions\":{\"actions\":[]},\"name\":\"Active\",\"isSmartAction\":false,\"smartAction\":{},\"styleObject\":{\"padding\":[{\"type\":\"around\",\"size\":\"x-small\"}],\"margin\":[{\"type\":\"around\",\"size\":\"none\"}],\"container\":{\"class\":\"slds-card\"},\"size\":{\"isResponsive\":false,\"default\":\"12\"},\"sizeClass\":\"slds-size_12-of-12\",\"class\":\"slds-card slds-p-around_x-small slds-m-bottom_x-small\"},\"components\":{\"layer-0\":{\"children\":[{\"name\":\"Custom LWC\",\"element\":\"customLwc\",\"size\":{\"isResponsive\":false,\"default\":\"12\"},\"stateIndex\":0,\"class\":\"slds-col \",\"property\":{\"customlwcname\":\"createAccountShortIntake\"},\"type\":\"element\",\"styleObject\":{\"sizeClass\":\"slds-size_12-of-12\"},\"elementLabel\":\"CreateAccountFlyout\",\"userUpdatedElementLabel\":true}]}},\"childCards\":[],\"actions\":[],\"omniscripts\":[],\"documents\":[]}],\"dataSource\":{\"type\":null,\"value\":{},\"orderBy\":{},\"contextVariables\":[]},\"title\":\"CreateAccountFlyoutShortIntake\",\"enableLwc\":true,\"isFlex\":true,\"theme\":\"slds\",\"selectableMode\":\"Multi\",\"lwc\":{\"DeveloperName\":\"cfCreateAccountFlyoutShortIntake_1_cintake1\",\"Id\":\"0RbRO0000002Mw10AE\",\"MasterLabel\":\"cfCreateAccountFlyoutShortIntake_1_cintake1\",\"NamespacePrefix\":\"c\",\"ManageableState\":\"unmanaged\"}}","OmniUiCardType":"Child","Id":"0koRO00000006FTYAY","VlocityDataPackIsIncluded":true,"StylingConfiguration":"","UniqueName":""}],"VlocityDataPackType":"FlexCard","VlocityDataPackKey":"4770b414a855944ada134d4883ba6f26"},"VlocityDataPackAllRelationships":{},"DataPackAttachmentSize":3114,"DataPackAttachmentParentId":"0ncRO0000000ISpYAM","DataPackAttachmentId":"00PRO000000VSI02AO","ActivationStatus":"Ready"}],"dataPackId":"0ncRO0000000ISpYAM","alreadyExportedKeys":[],"name":"CreateAccountFlyoutShortIntake","description":"","version":1,"Status":"Complete"}