
{"useVlocityTriggers":true,"status":"Complete","processMultiple":true,"primaryDataPackType":"OmniScript","primaryDataPackKey":"beb57590c1c154b863fd8f50be4b3e14","maxDepth":-1,"isChunked":false,"ignoreAllErrors":false,"forceQueueable":false,"forceOldDataModel":null,"dataPacks":[{"VlocityPrimarySourceId":"0jNRO0000000c4X2AQ","VlocityPreviousPageKey":null,"VlocityMultiPackParentKey":null,"VlocityDepthFromPrimary":0,"VlocityDataPackType":"OmniScript","VlocityDataPackStatus":"Success","VlocityDataPackRelationshipType":"Primary","VlocityDataPackRecords":[],"VlocityDataPackParents":[],"VlocityDataPackName":"Edit a Referral","VlocityDataPackMessage":null,"VlocityDataPackLabel":"OmniScript","VlocityDataPackKey":"beb57590c1c154b863fd8f50be4b3e14","VlocityDataPackIsNotSupported":false,"VlocityDataPackIsIncluded":true,"VlocityDataPackData":{"Id":"0jNRO0000000c4X2AQ","VlocityDataPackRelationshipType":"Primary","VlocityDataPackLabel":"OmniScript","VlocityDataPackType":"OmniScript","VlocityDataPackKey":"beb57590c1c154b863fd8f50be4b3e14","OmniProcess":[{"IsMetadataCacheDisabled":false,"IsTestProcedure":false,"Description":"","OverrideKey":"","IsActive":true,"VlocityDataPackType":"SObject","Name":"Edit a Referral","OmniProcessKey":"","VlocityRecordSObjectType":"OmniProcess","Language":"English","PropertySetConfig":"{\"persistentComponent\":[{\"render\":false,\"label\":\"\",\"remoteClass\":\"\",\"remoteMethod\":\"\",\"remoteTimeout\":30000,\"remoteOptions\":{\"preTransformBundle\":\"\",\"postTransformBundle\":\"\"},\"preTransformBundle\":\"\",\"postTransformBundle\":\"\",\"sendJSONPath\":\"\",\"sendJSONNode\":\"\",\"responseJSONPath\":\"\",\"responseJSONNode\":\"\",\"id\":\"vlcCart\",\"itemsKey\":\"cartItems\",\"modalConfigurationSetting\":{\"modalHTMLTemplateId\":\"vlcProductConfig.html\",\"modalController\":\"ModalProductCtrl\",\"modalSize\":\"lg\"}},{\"render\":false,\"dispOutsideOmni\":false,\"label\":\"\",\"remoteClass\":\"\",\"remoteMethod\":\"\",\"remoteTimeout\":30000,\"remoteOptions\":{\"preTransformBundle\":\"\",\"postTransformBundle\":\"\"},\"preTransformBundle\":\"\",\"postTransformBundle\":\"\",\"id\":\"vlcKnowledge\",\"itemsKey\":\"knowledgeItems\",\"modalConfigurationSetting\":{\"modalHTMLTemplateId\":\"\",\"modalController\":\"\",\"modalSize\":\"lg\"}}],\"allowSaveForLater\":false,\"saveNameTemplate\":null,\"saveExpireInDays\":null,\"saveForLaterRedirectPageName\":\"sflRedirect\",\"saveForLaterRedirectTemplateUrl\":\"vlcSaveForLaterAcknowledge.html\",\"saveContentEncoded\":false,\"saveObjectId\":\"%ContextId%\",\"saveURLPatterns\":{},\"autoSaveOnStepNext\":false,\"elementTypeToHTMLTemplateMapping\":{},\"seedDataJSON\":{},\"trackingCustomData\":{},\"enableKnowledge\":false,\"bLK\":false,\"lkObjName\":null,\"knowledgeArticleTypeQueryFieldsMap\":{},\"timeTracking\":false,\"hideStepChart\":true,\"mergeSavedData\":false,\"visualforcePagesAvailableInPreview\":{},\"cancelType\":\"SObject\",\"allowCancel\":true,\"cancelSource\":\"%ContextId%\",\"cancelRedirectPageName\":\"OmniScriptCancelled\",\"cancelRedirectTemplateUrl\":\"vlcCancelled.html\",\"consoleTabLabel\":\"New\",\"wpm\":false,\"ssm\":false,\"message\":{},\"pubsub\":false,\"autoFocus\":false,\"currencyCode\":\"\",\"showInputWidth\":false,\"rtpSeed\":false,\"consoleTabTitle\":null,\"consoleTabIcon\":\"custom:custom18\",\"errorMessage\":{\"custom\":[]},\"stylesheet\":{\"newport\":\"\",\"lightning\":\"\",\"newportRtl\":\"\",\"lightningRtl\":\"\"},\"stepChartPlacement\":\"right\",\"disableUnloadWarn\":true,\"scrollBehavior\":\"auto\",\"currentLanguage\":\"en_US\"}","DiscoveryFrameworkUsageType":"","LastPreviewPage":"","OmniProcessType":"OmniScript","ElementTypeComponentMapping":"{\"ElementTypeToHTMLTemplateList\":[]}","VlocityDataPackIsIncluded":true,"SubType":"EditReferral","ResponseCacheType":"","IsOmniScriptEmbeddable":false,"IsIntegrationProcedure":false,"CustomJavaScript":"","VersionNumber":1,"DesignerCustomizationType":"","Namespace":"","Type":"SPCM","WebComponentKey":"bd74e394-068c-5cd2-748d-3871be12e233","VlocityRecordSourceKey":"VlocityRecordSourceKey:0jNRO0000000c4X2AQ","RequiredPermission":"","IsWebCompEnabled":true,"OmniProcessElement":[{"Description":"","IsActive":true,"VlocityDataPackType":"SObject","IsOmniScriptEmbeddable":false,"DesignerCustomizationType":"","Name":"NavigateToNewReferralForm","ParentElementName":"","EmbeddedOmniScriptKey":"","Type":"Navigate Action","VlocityRecordSObjectType":"OmniProcessElement","ParentElementId":"","VlocityRecordSourceKey":"VlocityRecordSourceKey:0kERO0000001RE72AM","OmniProcessVersionNumber":1,"PropertySetConfig":"{\"targetUrl\":\"%savedOmniscriptUrl%&c__ContextId=%ContextId%&c__step=IntakeDetails\",\"businessEvent\":\"\",\"businessCategory\":\"\",\"targetLWCLayout\":\"lightning\",\"replace\":false,\"iconPosition\":\"left\",\"iconVariant\":\"\",\"iconName\":\"\",\"variant\":\"brand\",\"targetId\":\"%ContextId%\",\"targetFilter\":\"Recent\",\"loginAction\":\"login\",\"recordAction\":\"view\",\"objectAction\":\"home\",\"targetType\":\"Vlocity OmniScript\",\"message\":{},\"pubsub\":false,\"ssm\":false,\"wpm\":false,\"HTMLTemplateId\":\"\",\"show\":{\"group\":{\"operator\":\"AND\",\"rules\":[{\"field\":\"savedOmniscriptUrl\",\"condition\":\"=\",\"data\":\"\"}]}},\"validationRequired\":\"Submit\",\"label\":\"Navigate to New Referral Form\",\"controlWidth\":12,\"targetLWC\":\"c:sPCMSubmitReferralEnglish\",\"targetLWCParams\":\"c__ContextId=%ContextId%\"}","DiscoveryFrameworkUsageType":"","SequenceNumber":2,"OmniProcessId":{"VlocityRecordSObjectType":"OmniProcess","VlocityDataPackType":"VlocityMatchingKeyObject","VlocityMatchingRecordSourceKey":"VlocityRecordSourceKey:0jNRO0000000c4X2AQ","Name":"Edit a Referral"},"Level":0,"Id":"0kERO0000001RE72AM","VlocityDataPackIsIncluded":true,"ParentElementType":""},{"Description":"","IsActive":true,"VlocityDataPackType":"SObject","IsOmniScriptEmbeddable":false,"DesignerCustomizationType":"","Name":"EditCompleteText","ParentElementName":"Done","EmbeddedOmniScriptKey":"","Type":"Text Block","ParentElementId":{"VlocityRecordSObjectType":"OmniProcessElement","VlocityDataPackType":"VlocityMatchingKeyObject","VlocityMatchingRecordSourceKey":"VlocityRecordSourceKey:0kERO0000001RE92AM","OmniProcessId":{"VlocityRecordSObjectType":"OmniProcess","VlocityDataPackType":"VlocityMatchingKeyObject","VlocityMatchingRecordSourceKey":"VlocityRecordSourceKey:0jNRO0000000c4X2AQ","Name":"Edit a Referral"},"Name":"Done"},"VlocityRecordSObjectType":"OmniProcessElement","VlocityRecordSourceKey":"VlocityRecordSourceKey:0kERO0000001RE82AM","OmniProcessVersionNumber":1,"PropertySetConfig":"{\"controlWidth\":12,\"label\":\"TextBlock1\",\"text\":\"<p><span style=\\\"font-weight: 400;\\\">You can ignore this step.</span></p>\",\"show\":null,\"dataJSON\":false,\"HTMLTemplateId\":\"\",\"textKey\":\"\",\"sanitize\":false}","DiscoveryFrameworkUsageType":"","SequenceNumber":0,"OmniProcessId":{"VlocityRecordSObjectType":"OmniProcess","VlocityDataPackType":"VlocityMatchingKeyObject","VlocityMatchingRecordSourceKey":"VlocityRecordSourceKey:0jNRO0000000c4X2AQ","Name":"Edit a Referral"},"Level":1,"Id":"0kERO0000001RE82AM","VlocityDataPackIsIncluded":true,"ParentElementType":"Step"},{"Description":"","IsActive":true,"VlocityDataPackType":"SObject","IsOmniScriptEmbeddable":false,"DesignerCustomizationType":"","Name":"Done","ParentElementName":"","EmbeddedOmniScriptKey":"","Type":"Step","VlocityRecordSObjectType":"OmniProcessElement","ParentElementId":"","VlocityRecordSourceKey":"VlocityRecordSourceKey:0kERO0000001RE92AM","OmniProcessVersionNumber":1,"PropertySetConfig":"{\"label\":\"Done\",\"validationRequired\":true,\"previousLabel\":\"Previous\",\"previousWidth\":\"0\",\"nextLabel\":\"Next\",\"nextWidth\":3,\"cancelLabel\":\"Cancel\",\"cancelMessage\":\"Are you sure?\",\"saveLabel\":\"Save for later\",\"saveMessage\":\"Are you sure you want to save it for later?\",\"completeLabel\":\"Complete\",\"completeMessage\":\"Are you sure you want to complete the script?\",\"instruction\":\"\",\"showPersistentComponent\":[true,false],\"remoteClass\":\"\",\"remoteMethod\":\"\",\"remoteTimeout\":30000,\"remoteOptions\":{},\"knowledgeOptions\":{\"language\":\"English\",\"publishStatus\":\"Online\",\"keyword\":\"\",\"dataCategoryCriteria\":\"\",\"remoteTimeout\":30000,\"typeFilter\":\"\"},\"show\":null,\"conditionType\":\"Hide if False\",\"HTMLTemplateId\":\"\",\"instructionKey\":\"\",\"chartLabel\":null,\"allowSaveForLater\":false,\"errorMessage\":{\"custom\":[],\"default\":null},\"wpm\":false,\"ssm\":false,\"message\":{},\"pubsub\":false,\"businessCategory\":\"\",\"businessEvent\":\"\"}","DiscoveryFrameworkUsageType":"","SequenceNumber":3,"OmniProcessId":{"VlocityRecordSObjectType":"OmniProcess","VlocityDataPackType":"VlocityMatchingKeyObject","VlocityMatchingRecordSourceKey":"VlocityRecordSourceKey:0jNRO0000000c4X2AQ","Name":"Edit a Referral"},"Level":0,"Id":"0kERO0000001RE92AM","VlocityDataPackIsIncluded":true,"ParentElementType":""},{"Description":"","IsActive":true,"VlocityDataPackType":"SObject","IsOmniScriptEmbeddable":false,"DesignerCustomizationType":"","Name":"ExtractSavedApplication","ParentElementName":"","EmbeddedOmniScriptKey":"","Type":"DataRaptor Extract Action","VlocityRecordSObjectType":"OmniProcessElement","ParentElementId":"","VlocityRecordSourceKey":"VlocityRecordSourceKey:0kERO0000001REA2A2","OmniProcessVersionNumber":1,"PropertySetConfig":"{\"controlWidth\":12,\"label\":\"Extract Saved Application\",\"bundle\":\"PSSDRExtractSavedApplicationURL\",\"ignoreCache\":false,\"dataRaptor Input Parameters\":[{\"element\":\"ContextId\",\"inputParam\":\"parentId\"}],\"remoteTimeout\":30000,\"responseJSONPath\":\"\",\"responseJSONNode\":\"\",\"inProgressMessage\":\"In Progress\",\"postMessage\":\"Done\",\"failureNextLabel\":\"Continue\",\"failureAbortLabel\":\"Abort\",\"failureGoBackLabel\":\"Go Back\",\"failureAbortMessage\":\"Are you sure?\",\"validationRequired\":\"Step\",\"redirectPageName\":\"\",\"redirectTemplateUrl\":\"vlcAcknowledge.html\",\"redirectNextLabel\":\"Next\",\"redirectNextWidth\":3,\"redirectPreviousLabel\":\"Previous\",\"redirectPreviousWidth\":3,\"showPersistentComponent\":[true,false],\"show\":null,\"HTMLTemplateId\":\"\",\"wpm\":false,\"ssm\":false,\"message\":{},\"pubsub\":false,\"errorMessage\":{\"custom\":[],\"default\":null},\"enableDefaultAbort\":false,\"enableActionMessage\":false,\"businessCategory\":\"\",\"businessEvent\":\"\"}","DiscoveryFrameworkUsageType":"","SequenceNumber":0,"OmniProcessId":{"VlocityRecordSObjectType":"OmniProcess","VlocityDataPackType":"VlocityMatchingKeyObject","VlocityMatchingRecordSourceKey":"VlocityRecordSourceKey:0jNRO0000000c4X2AQ","Name":"Edit a Referral"},"Level":0,"Id":"0kERO0000001REA2A2","VlocityDataPackIsIncluded":true,"ParentElementType":""},{"Description":"","IsActive":true,"VlocityDataPackType":"SObject","IsOmniScriptEmbeddable":false,"DesignerCustomizationType":"","Name":"NavigateToSavedApplicationURL","ParentElementName":"","EmbeddedOmniScriptKey":"","Type":"Navigate Action","VlocityRecordSObjectType":"OmniProcessElement","ParentElementId":"","VlocityRecordSourceKey":"VlocityRecordSourceKey:0kERO0000001REB2A2","OmniProcessVersionNumber":1,"PropertySetConfig":"{\"controlWidth\":12,\"label\":\"Navigate to Saved Application URL\",\"validationRequired\":\"Submit\",\"show\":{\"group\":{\"operator\":\"AND\",\"rules\":[{\"data\":\"\",\"condition\":\"<>\",\"field\":\"savedOmniscriptUrl\"}]}},\"HTMLTemplateId\":\"\",\"wpm\":false,\"ssm\":false,\"pubsub\":false,\"message\":{},\"targetType\":\"Web Page\",\"objectAction\":\"home\",\"recordAction\":\"view\",\"loginAction\":\"login\",\"targetFilter\":\"Recent\",\"targetId\":\"%ContextId%\",\"variant\":\"neutral\",\"iconName\":\"\",\"iconVariant\":\"\",\"iconPosition\":\"left\",\"replace\":false,\"targetLWCLayout\":\"lightning\",\"businessCategory\":\"\",\"businessEvent\":\"\",\"targetUrl\":\"%savedOmniscriptUrl%&c__ContextId=%ContextId%&c__step=IntakeDetails\"}","DiscoveryFrameworkUsageType":"","SequenceNumber":1,"OmniProcessId":{"VlocityRecordSObjectType":"OmniProcess","VlocityDataPackType":"VlocityMatchingKeyObject","VlocityMatchingRecordSourceKey":"VlocityRecordSourceKey:0jNRO0000000c4X2AQ","Name":"Edit a Referral"},"Level":0,"Id":"0kERO0000001REB2A2","VlocityDataPackIsIncluded":true,"ParentElementType":""}],"Id":"0jNRO0000000c4X2AQ","UniqueName":"SPCM_EditReferral_English_1","CustomHtmlTemplates":""}],"VlocityDataPackIsIncluded":true},"VlocityDataPackAllRelationships":{"2f5fcabb48ffd8ff2215aabf47a0ad9b":"Reference by Name"},"DataPackAttachmentSize":12438,"DataPackAttachmentParentId":"0ncRO0000000UBfYAM","DataPackAttachmentId":"00PRO000000YvYs2AK","ActivationStatus":"Ready"},{"VlocityPrimarySourceId":"0jIRO0000000Za82AE","VlocityPreviousPageKey":null,"VlocityMultiPackParentKey":null,"VlocityDepthFromPrimary":0,"VlocityDataPackType":"DataRaptor","VlocityDataPackStatus":"Success","VlocityDataPackRelationshipType":"Sibling","VlocityDataPackRecords":[],"VlocityDataPackParents":[],"VlocityDataPackName":"PSSDRExtractSavedApplicationURL","VlocityDataPackMessage":null,"VlocityDataPackLabel":"DataRaptor","VlocityDataPackKey":"2f5fcabb48ffd8ff2215aabf47a0ad9b","VlocityDataPackIsNotSupported":false,"VlocityDataPackIsIncluded":true,"VlocityDataPackData":{"OmniDataTransform":[{"SourceObject":"json","ExpectedInputOtherData":"","ExpectedOutputJson":"","Description":"","ExpectedOutputXml":"","IsDeletedOnSuccess":false,"IsProcessSuperBulk":false,"OverrideKey":"","VlocityDataPackType":"SObject","PreviewOtherData":"","SynchronousProcessThreshold":"","TargetOutputDocumentIdentifier":"","GlobalKey":"","Name":"PSSDRExtractSavedApplicationURL","IsAssignmentRulesUsed":false,"VlocityRecordSObjectType":"OmniDataTransform","IsXmlDeclarationRemoved":false,"XmlOutputTagsOrder":"","IsSourceObjectDefault":false,"InputParsingClass":"","ExpectedOutputOtherData":"","OmniDataTransformItem":[{"MigrationPattern":"","InputObjectQuerySequence":1,"FormulaResultPath":"","VlocityDataPackType":"SObject","FormulaSequence":"","LinkedFieldName":"","IsDisabled":false,"MigrationCategory":"","MigrationType":"","OutputFieldName":"parentId","MigrationValue":"","FilterGroup":0,"LinkedObjectSequence":"","GlobalKey":"PSSDRExtractSavedApplicationURL6561612260350709","Name":"PSSDRExtractSavedApplicationURL","OutputCreationSequence":0,"DefaultValue":"","VlocityRecordSObjectType":"OmniDataTransformItem","LookupReturnedFieldName":"","IsRequiredForUpsert":false,"MigrationProcess":"","FilterDataType":"","VlocityDataPackIsIncluded":true,"InputObjectName":"OmniScriptSavedSession","FormulaExpression":"","OmniDataTransformationId":{"VlocityRecordSObjectType":"OmniDataTransform","VlocityDataPackType":"VlocityMatchingKeyObject","VlocityMatchingRecordSourceKey":"VlocityRecordSourceKey:0jIRO0000000Za82AE","Name":"PSSDRExtractSavedApplicationURL"},"LookupObjectName":"","MigrationAttribute":"","MigrationGroup":"","FilterValue":"CreatedDate DESC","FilterOperator":"ORDER BY","MigrationKey":"","InputFieldName":"","VlocityRecordSourceKey":"VlocityRecordSourceKey:0kdRO0000004iwIYAQ","IsUpsertKey":false,"LookupByFieldName":"","OutputFieldFormat":"","TransformValueMappings":"","Id":"0kdRO0000004iwIYAQ","OutputObjectName":"json"},{"MigrationPattern":"","InputObjectQuerySequence":1,"FormulaResultPath":"","VlocityDataPackType":"SObject","FormulaSequence":"","LinkedFieldName":"","IsDisabled":false,"MigrationCategory":"","MigrationType":"","OutputFieldName":"parentId","MigrationValue":"","FilterGroup":0,"LinkedObjectSequence":"","GlobalKey":"PSSDRExtractSavedApplicationURL1404032404236224","Name":"PSSDRExtractSavedApplicationURL","OutputCreationSequence":0,"DefaultValue":"","VlocityRecordSObjectType":"OmniDataTransformItem","LookupReturnedFieldName":"","IsRequiredForUpsert":false,"MigrationProcess":"","FilterDataType":"","VlocityDataPackIsIncluded":true,"InputObjectName":"OmniScriptSavedSession","FormulaExpression":"","OmniDataTransformationId":{"VlocityRecordSObjectType":"OmniDataTransform","VlocityDataPackType":"VlocityMatchingKeyObject","VlocityMatchingRecordSourceKey":"VlocityRecordSourceKey:0jIRO0000000Za82AE","Name":"PSSDRExtractSavedApplicationURL"},"LookupObjectName":"","MigrationAttribute":"","MigrationGroup":"","FilterValue":"parentId","FilterOperator":"LIKE","InputFieldName":"RelatedRecordIdentifier","MigrationKey":"","VlocityRecordSourceKey":"VlocityRecordSourceKey:0kdRO0000004iwJYAQ","IsUpsertKey":false,"LookupByFieldName":"","OutputFieldFormat":"","TransformValueMappings":"","Id":"0kdRO0000004iwJYAQ","OutputObjectName":"json"},{"MigrationPattern":"","InputObjectQuerySequence":"","FormulaResultPath":"","VlocityDataPackType":"SObject","FormulaSequence":"","LinkedFieldName":"","IsDisabled":false,"MigrationCategory":"","MigrationType":"","OutputFieldName":"savedOmniscriptUrl","MigrationValue":"","FilterGroup":"","LinkedObjectSequence":"","GlobalKey":"PSSDRExtractSavedApplicationURL41724937584728816","Name":"PSSDRExtractSavedApplicationURL","OutputCreationSequence":1,"DefaultValue":"","VlocityRecordSObjectType":"OmniDataTransformItem","LookupReturnedFieldName":"","IsRequiredForUpsert":false,"MigrationProcess":"","FilterDataType":"","VlocityDataPackIsIncluded":true,"InputObjectName":"","FormulaExpression":"","OmniDataTransformationId":{"VlocityRecordSObjectType":"OmniDataTransform","VlocityDataPackType":"VlocityMatchingKeyObject","VlocityMatchingRecordSourceKey":"VlocityRecordSourceKey:0jIRO0000000Za82AE","Name":"PSSDRExtractSavedApplicationURL"},"LookupObjectName":"","MigrationAttribute":"","MigrationGroup":"","FilterValue":"","FilterOperator":"","InputFieldName":"parentId:ResumeUrl","MigrationKey":"","VlocityRecordSourceKey":"VlocityRecordSourceKey:0kdRO0000004iwKYAQ","IsUpsertKey":false,"OutputFieldFormat":"String","LookupByFieldName":"","TransformValueMappings":"","Id":"0kdRO0000004iwKYAQ","OutputObjectName":"json"},{"MigrationPattern":"","InputObjectQuerySequence":1,"FormulaResultPath":"","VlocityDataPackType":"SObject","FormulaSequence":"","LinkedFieldName":"","IsDisabled":false,"MigrationCategory":"","MigrationType":"","OutputFieldName":"parentId","MigrationValue":"","FilterGroup":0,"LinkedObjectSequence":"","GlobalKey":"PSSDRExtractSavedApplicationURL2300499986463811","Name":"PSSDRExtractSavedApplicationURL","OutputCreationSequence":0,"DefaultValue":"","VlocityRecordSObjectType":"OmniDataTransformItem","LookupReturnedFieldName":"","IsRequiredForUpsert":false,"MigrationProcess":"","FilterDataType":"","VlocityDataPackIsIncluded":true,"InputObjectName":"OmniScriptSavedSession","FormulaExpression":"","OmniDataTransformationId":{"VlocityRecordSObjectType":"OmniDataTransform","VlocityDataPackType":"VlocityMatchingKeyObject","VlocityMatchingRecordSourceKey":"VlocityRecordSourceKey:0jIRO0000000Za82AE","Name":"PSSDRExtractSavedApplicationURL"},"LookupObjectName":"","MigrationAttribute":"","MigrationGroup":"","FilterValue":"1","FilterOperator":"LIMIT","MigrationKey":"","InputFieldName":"","VlocityRecordSourceKey":"VlocityRecordSourceKey:0kdRO0000004iwLYAQ","IsUpsertKey":false,"LookupByFieldName":"","OutputFieldFormat":"","TransformValueMappings":"","Id":"0kdRO0000004iwLYAQ","OutputObjectName":"json"}],"VlocityDataPackIsIncluded":true,"PreviewSourceObjectData":"","OutputType":"JSON","PreviewJsonData":"{\"parentId\":\"0wiRN0000000006YAA\"}","IsRollbackOnError":false,"BatchSize":"","ResponseCacheType":"","IsNullInputsIncludedInOutput":false,"VersionNumber":1,"Namespace":"","OutputParsingClass":"","Type":"Extract","IsErrorIgnored":false,"ExpectedInputJson":"{\n    \"parentId\": \"0fhRO00000000dPYAQ\"\n}","VlocityRecordSourceKey":"VlocityRecordSourceKey:0jIRO0000000Za82AE","ExpectedInputXml":"","RequiredPermission":"","PreviewXmlData":"","InputType":"JSON","Id":"0jIRO0000000Za82AE","ResponseCacheTtlMinutes":"","UniqueName":"PSSDRExtractSavedApplicationURL_1","TargetOutputFileName":"","IsFieldLevelSecurityEnabled":false,"PreprocessorClassName":""}],"Id":"PSSDRExtractSavedApplicationURL","VlocityDataPackRelationshipType":"Sibling","VlocityDataPackLabel":"DataRaptor","VlocityDataPackType":"DataRaptor","VlocityDataPackKey":"2f5fcabb48ffd8ff2215aabf47a0ad9b","VlocityDataPackIsIncluded":true},"VlocityDataPackAllRelationships":{"beb57590c1c154b863fd8f50be4b3e14":"Reference by Name"},"DataPackAttachmentSize":7717,"DataPackAttachmentParentId":"0ncRO0000000UBfYAM","DataPackAttachmentId":"00PRO000000YvYx2AK","ActivationStatus":"NA"}],"dataPackId":"0ncRO0000000UBfYAM","alreadyExportedKeys":[],"name":"Edit a Referral","version":1}