
{"useVlocityTriggers":true,"status":"Complete","processMultiple":true,"primaryDataPackType":"OmniScript","primaryDataPackKey":"0f6e22d4cda90a797e8eef139b74153b","maxDepth":-1,"isChunked":false,"ignoreAllErrors":false,"forceQueueable":false,"forceOldDataModel":null,"dataPacks":[{"VlocityPrimarySourceId":"0jNRO00000005wU2AQ","VlocityPreviousPageKey":null,"VlocityMultiPackParentKey":null,"VlocityDepthFromPrimary":0,"VlocityDataPackType":"OmniScript","VlocityDataPackStatus":"Success","VlocityDataPackRelationshipType":"Primary","VlocityDataPackRecords":[],"VlocityDataPackParents":[],"VlocityDataPackName":"LicenseSearch","VlocityDataPackMessage":null,"VlocityDataPackLabel":"OmniScript","VlocityDataPackKey":"0f6e22d4cda90a797e8eef139b74153b","VlocityDataPackIsNotSupported":false,"VlocityDataPackIsIncluded":true,"VlocityDataPackData":{"Id":"0jNRO00000005wU2AQ","VlocityDataPackRelationshipType":"Primary","VlocityDataPackLabel":"OmniScript","VlocityDataPackType":"OmniScript","VlocityDataPackKey":"0f6e22d4cda90a797e8eef139b74153b","OmniProcess":[{"IsMetadataCacheDisabled":false,"IsTestProcedure":false,"Description":"","IsActive":true,"VlocityDataPackType":"SObject","Name":"LicenseSearch","OmniProcessKey":"","VlocityRecordSObjectType":"OmniProcess","Language":"English","PropertySetConfig":"{\"persistentComponent\":[{\"render\":false,\"label\":\"\",\"remoteClass\":\"\",\"remoteMethod\":\"\",\"remoteTimeout\":30000,\"remoteOptions\":{\"preTransformBundle\":\"\",\"postTransformBundle\":\"\"},\"preTransformBundle\":\"\",\"postTransformBundle\":\"\",\"sendJSONPath\":\"\",\"sendJSONNode\":\"\",\"responseJSONPath\":\"\",\"responseJSONNode\":\"\",\"id\":\"vlcCart\",\"itemsKey\":\"cartItems\",\"modalConfigurationSetting\":{\"modalHTMLTemplateId\":\"vlcProductConfig.html\",\"modalController\":\"ModalProductCtrl\",\"modalSize\":\"lg\"}},{\"render\":false,\"label\":\"\",\"remoteClass\":\"\",\"remoteMethod\":\"\",\"remoteTimeout\":30000,\"remoteOptions\":{\"preTransformBundle\":\"\",\"postTransformBundle\":\"\"},\"preTransformBundle\":\"\",\"postTransformBundle\":\"\",\"id\":\"vlcKnowledge\",\"itemsKey\":\"knowledgeItems\",\"modalConfigurationSetting\":{\"modalHTMLTemplateId\":\"\",\"modalController\":\"\",\"modalSize\":\"lg\"}}],\"allowSaveForLater\":false,\"saveNameTemplate\":null,\"saveExpireInDays\":null,\"saveForLaterRedirectPageName\":\"sflRedirect\",\"saveForLaterRedirectTemplateUrl\":\"vlcSaveForLaterAcknowledge.html\",\"saveContentEncoded\":false,\"saveObjectId\":\"%ContextId%\",\"saveURLPatterns\":{},\"autoSaveOnStepNext\":false,\"elementTypeToHTMLTemplateMapping\":{},\"seedDataJSON\":{},\"trackingCustomData\":{},\"enableKnowledge\":false,\"bLK\":false,\"lkObjName\":null,\"knowledgeArticleTypeQueryFieldsMap\":{},\"timeTracking\":false,\"hideStepChart\":true,\"visualforcePagesAvailableInPreview\":{},\"cancelType\":\"SObject\",\"allowCancel\":false,\"cancelSource\":\"%ContextId%\",\"cancelRedirectPageName\":\"OmniScriptCancelled\",\"cancelRedirectTemplateUrl\":\"vlcCancelled.html\",\"consoleTabLabel\":\"New\",\"wpm\":false,\"ssm\":false,\"message\":{},\"pubsub\":false,\"autoFocus\":false,\"currencyCode\":\"\",\"showInputWidth\":false,\"rtpSeed\":false,\"consoleTabTitle\":null,\"consoleTabIcon\":\"custom:custom18\",\"errorMessage\":{\"custom\":[]},\"disableUnloadWarn\":true,\"stylesheet\":{\"newport\":\"\",\"newportRtl\":\"\",\"lightning\":\"\",\"lightningRtl\":\"\"},\"stepChartPlacement\":\"right\"}","LastPreviewPage":"","OmniProcessType":"OmniScript","ElementTypeComponentMapping":"{\"ElementTypeToHTMLTemplateList\":[]}","VlocityDataPackIsIncluded":true,"SubType":"LicenseSearch","ResponseCacheType":"","IsOmniScriptEmbeddable":false,"IsIntegrationProcedure":false,"CustomJavaScript":"","VersionNumber":1,"DesignerCustomizationType":"","Namespace":"","Type":"LicensingAndPermitting","WebComponentKey":"e892e911-c3af-8c7a-1577-053bf84b9a31","VlocityRecordSourceKey":"VlocityRecordSourceKey:0jNRO00000005wU2AQ","RequiredPermission":"","IsWebCompEnabled":true,"OmniProcessElement":[{"Description":"","IsActive":true,"VlocityDataPackType":"SObject","IsOmniScriptEmbeddable":false,"DesignerCustomizationType":"","Name":"Search","ParentElementName":"","EmbeddedOmniScriptKey":"","Type":"Step","VlocityRecordSObjectType":"OmniProcessElement","ParentElementId":"","VlocityRecordSourceKey":"VlocityRecordSourceKey:0kERO0000000Ck72AE","OmniProcessVersionNumber":1,"PropertySetConfig":"{\"validationRequired\":true,\"previousLabel\":\"Previous\",\"previousWidth\":0,\"nextLabel\":\"Next\",\"nextWidth\":0,\"cancelLabel\":\"Cancel\",\"cancelMessage\":\"Are you sure?\",\"saveLabel\":\"Save for later\",\"saveMessage\":\"Are you sure you want to save it for later?\",\"completeLabel\":\"Complete\",\"completeMessage\":\"Are you sure you want to complete the script?\",\"instruction\":\"<p>Steps to file a complaint</p>\",\"showPersistentComponent\":[false,false],\"remoteClass\":\"\",\"remoteMethod\":\"\",\"remoteTimeout\":30000,\"remoteOptions\":{},\"knowledgeOptions\":{\"language\":\"English\",\"publishStatus\":\"Online\",\"keyword\":\"\",\"dataCategoryCriteria\":\"\",\"remoteTimeout\":30000,\"typeFilter\":\"\"},\"show\":null,\"conditionType\":\"Hide if False\",\"HTMLTemplateId\":\"\",\"instructionKey\":\"\",\"chartLabel\":null,\"label\":null,\"allowSaveForLater\":false,\"errorMessage\":{\"custom\":[],\"default\":null},\"disOnTplt\":false}","SequenceNumber":0,"OmniProcessId":{"VlocityRecordSObjectType":"OmniProcess","VlocityDataPackType":"VlocityMatchingKeyObject","VlocityMatchingRecordSourceKey":"VlocityRecordSourceKey:0jNRO00000005wU2AQ","Name":"LicenseSearch"},"Level":0,"Id":"0kERO0000000Ck72AE","VlocityDataPackIsIncluded":true,"ParentElementType":""},{"Description":"","IsActive":true,"VlocityDataPackType":"SObject","IsOmniScriptEmbeddable":false,"DesignerCustomizationType":"","Name":"BusinessOperatingName","ParentElementName":"licenseListTest","EmbeddedOmniScriptKey":"","Type":"Text","ParentElementId":{"VlocityRecordSObjectType":"OmniProcessElement","VlocityDataPackType":"VlocityMatchingKeyObject","VlocityMatchingRecordSourceKey":"VlocityRecordSourceKey:0kERO0000000CkF2AU","OmniProcessId":{"VlocityRecordSObjectType":"OmniProcess","VlocityDataPackType":"VlocityMatchingKeyObject","VlocityMatchingRecordSourceKey":"VlocityRecordSourceKey:0jNRO00000005wU2AQ","Name":"LicenseSearch"},"Name":"licenseListTest"},"VlocityRecordSObjectType":"OmniProcessElement","VlocityRecordSourceKey":"VlocityRecordSourceKey:0kERO0000000Ck82AE","OmniProcessVersionNumber":1,"PropertySetConfig":"{\"controlWidth\":3,\"showInputWidth\":false,\"inputWidth\":12,\"required\":false,\"repeat\":false,\"repeatClone\":false,\"repeatLimit\":null,\"readOnly\":true,\"defaultValue\":null,\"help\":false,\"helpText\":\"\",\"mask\":\"\",\"pattern\":\"\",\"ptrnErrText\":\"\",\"minLength\":0,\"maxLength\":255,\"show\":null,\"conditionType\":\"Hide if False\",\"accessibleInFutureSteps\":false,\"debounceValue\":0,\"HTMLTemplateId\":\"\",\"hide\":false,\"disOnTplt\":false,\"label\":\"Business Operating Name\"}","SequenceNumber":4,"OmniProcessId":{"VlocityRecordSObjectType":"OmniProcess","VlocityDataPackType":"VlocityMatchingKeyObject","VlocityMatchingRecordSourceKey":"VlocityRecordSourceKey:0jNRO00000005wU2AQ","Name":"LicenseSearch"},"Level":2,"Id":"0kERO0000000Ck82AE","VlocityDataPackIsIncluded":true,"ParentElementType":"Block"},{"Description":"","IsActive":true,"VlocityDataPackType":"SObject","IsOmniScriptEmbeddable":false,"DesignerCustomizationType":"","Name":"LineBreak1","ParentElementName":"SearchControls","EmbeddedOmniScriptKey":"","Type":"Line Break","ParentElementId":{"VlocityRecordSObjectType":"OmniProcessElement","VlocityDataPackType":"VlocityMatchingKeyObject","VlocityMatchingRecordSourceKey":"VlocityRecordSourceKey:0kERO0000000CkB2AU","OmniProcessId":{"VlocityRecordSObjectType":"OmniProcess","VlocityDataPackType":"VlocityMatchingKeyObject","VlocityMatchingRecordSourceKey":"VlocityRecordSourceKey:0jNRO00000005wU2AQ","Name":"LicenseSearch"},"Name":"SearchControls"},"VlocityRecordSObjectType":"OmniProcessElement","VlocityRecordSourceKey":"VlocityRecordSourceKey:0kERO0000000Ck92AE","OmniProcessVersionNumber":1,"PropertySetConfig":"{\"label\":\"LineBreak1\",\"padding\":0,\"show\":null,\"HTMLTemplateId\":\"\"}","SequenceNumber":2,"OmniProcessId":{"VlocityRecordSObjectType":"OmniProcess","VlocityDataPackType":"VlocityMatchingKeyObject","VlocityMatchingRecordSourceKey":"VlocityRecordSourceKey:0jNRO00000005wU2AQ","Name":"LicenseSearch"},"Level":2,"Id":"0kERO0000000Ck92AE","VlocityDataPackIsIncluded":true,"ParentElementType":"Block"},{"Description":"","IsActive":true,"VlocityDataPackType":"SObject","IsOmniScriptEmbeddable":false,"DesignerCustomizationType":"","Name":"CustomLWC1","ParentElementName":"Search","EmbeddedOmniScriptKey":"","Type":"Custom Lightning Web Component","ParentElementId":{"VlocityRecordSObjectType":"OmniProcessElement","VlocityDataPackType":"VlocityMatchingKeyObject","VlocityMatchingRecordSourceKey":"VlocityRecordSourceKey:0kERO0000000Ck72AE","OmniProcessId":{"VlocityRecordSObjectType":"OmniProcess","VlocityDataPackType":"VlocityMatchingKeyObject","VlocityMatchingRecordSourceKey":"VlocityRecordSourceKey:0jNRO00000005wU2AQ","Name":"LicenseSearch"},"Name":"Search"},"VlocityRecordSObjectType":"OmniProcessElement","VlocityRecordSourceKey":"VlocityRecordSourceKey:0kERO0000000CkA2AU","OmniProcessVersionNumber":1,"PropertySetConfig":"{\"controlWidth\":12,\"label\":\"CustomLWC1\",\"show\":null,\"conditionType\":\"Hide if False\",\"hide\":false,\"lwcName\":\"lwcLicenseList\",\"bStandalone\":false,\"customAttributes\":[{\"name\":\"license-list\",\"source\":\"%licenseList%\"},{\"name\":\"omniJsonDef\",\"source\":\"%omniJsonDef%\"}]}","SequenceNumber":2,"OmniProcessId":{"VlocityRecordSObjectType":"OmniProcess","VlocityDataPackType":"VlocityMatchingKeyObject","VlocityMatchingRecordSourceKey":"VlocityRecordSourceKey:0jNRO00000005wU2AQ","Name":"LicenseSearch"},"Level":1,"Id":"0kERO0000000CkA2AU","VlocityDataPackIsIncluded":true,"ParentElementType":"Step"},{"Description":"","IsActive":true,"VlocityDataPackType":"SObject","IsOmniScriptEmbeddable":false,"DesignerCustomizationType":"","Name":"SearchControls","ParentElementName":"Search","EmbeddedOmniScriptKey":"","Type":"Block","ParentElementId":{"VlocityRecordSObjectType":"OmniProcessElement","VlocityDataPackType":"VlocityMatchingKeyObject","VlocityMatchingRecordSourceKey":"VlocityRecordSourceKey:0kERO0000000Ck72AE","OmniProcessId":{"VlocityRecordSObjectType":"OmniProcess","VlocityDataPackType":"VlocityMatchingKeyObject","VlocityMatchingRecordSourceKey":"VlocityRecordSourceKey:0jNRO00000005wU2AQ","Name":"LicenseSearch"},"Name":"Search"},"VlocityRecordSObjectType":"OmniProcessElement","VlocityRecordSourceKey":"VlocityRecordSourceKey:0kERO0000000CkB2AU","OmniProcessVersionNumber":1,"PropertySetConfig":"{\"controlWidth\":12,\"collapse\":false,\"repeat\":false,\"repeatClone\":false,\"repeatLimit\":null,\"show\":null,\"conditionType\":\"Hide if False\",\"accessibleInFutureSteps\":false,\"HTMLTemplateId\":\"\",\"hide\":false,\"label\":null,\"disOnTplt\":false}","SequenceNumber":0,"OmniProcessId":{"VlocityRecordSObjectType":"OmniProcess","VlocityDataPackType":"VlocityMatchingKeyObject","VlocityMatchingRecordSourceKey":"VlocityRecordSourceKey:0jNRO00000005wU2AQ","Name":"LicenseSearch"},"Level":1,"Id":"0kERO0000000CkB2AU","VlocityDataPackIsIncluded":true,"ParentElementType":"Step"},{"Description":"","IsActive":true,"VlocityDataPackType":"SObject","IsOmniScriptEmbeddable":false,"DesignerCustomizationType":"","Name":"SearchType","ParentElementName":"SearchControls","EmbeddedOmniScriptKey":"","Type":"Select","ParentElementId":{"VlocityRecordSObjectType":"OmniProcessElement","VlocityDataPackType":"VlocityMatchingKeyObject","VlocityMatchingRecordSourceKey":"VlocityRecordSourceKey:0kERO0000000CkB2AU","OmniProcessId":{"VlocityRecordSObjectType":"OmniProcess","VlocityDataPackType":"VlocityMatchingKeyObject","VlocityMatchingRecordSourceKey":"VlocityRecordSourceKey:0jNRO00000005wU2AQ","Name":"LicenseSearch"},"Name":"SearchControls"},"VlocityRecordSObjectType":"OmniProcessElement","VlocityRecordSourceKey":"VlocityRecordSourceKey:0kERO0000000CkC2AU","OmniProcessVersionNumber":1,"PropertySetConfig":"{\"controlWidth\":5,\"showInputWidth\":false,\"inputWidth\":12,\"required\":true,\"repeat\":false,\"repeatClone\":false,\"repeatLimit\":null,\"readOnly\":false,\"defaultValue\":null,\"help\":false,\"helpText\":\"\",\"options\":[{\"name\":\"1\",\"value\":\"Business Name\",\"autoAdv\":null},{\"name\":\"2\",\"value\":\"Individual Name\",\"autoAdv\":null},{\"name\":\"3\",\"value\":\"License Number\",\"autoAdv\":null}],\"optionSource\":{\"type\":\"\",\"source\":\"\"},\"controllingField\":{\"element\":\"\",\"type\":\"\",\"source\":\"\"},\"show\":null,\"conditionType\":\"Hide if False\",\"accessibleInFutureSteps\":false,\"HTMLTemplateId\":\"\",\"hide\":false,\"disOnTplt\":false,\"label\":\"Select Type\"}","SequenceNumber":0,"OmniProcessId":{"VlocityRecordSObjectType":"OmniProcess","VlocityDataPackType":"VlocityMatchingKeyObject","VlocityMatchingRecordSourceKey":"VlocityRecordSourceKey:0jNRO00000005wU2AQ","Name":"LicenseSearch"},"Level":2,"Id":"0kERO0000000CkC2AU","VlocityDataPackIsIncluded":true,"ParentElementType":"Block"},{"Description":"","IsActive":true,"VlocityDataPackType":"SObject","IsOmniScriptEmbeddable":false,"DesignerCustomizationType":"","Name":"SearchAccount","ParentElementName":"SearchControls","EmbeddedOmniScriptKey":"","Type":"Text","ParentElementId":{"VlocityRecordSObjectType":"OmniProcessElement","VlocityDataPackType":"VlocityMatchingKeyObject","VlocityMatchingRecordSourceKey":"VlocityRecordSourceKey:0kERO0000000CkB2AU","OmniProcessId":{"VlocityRecordSObjectType":"OmniProcess","VlocityDataPackType":"VlocityMatchingKeyObject","VlocityMatchingRecordSourceKey":"VlocityRecordSourceKey:0jNRO00000005wU2AQ","Name":"LicenseSearch"},"Name":"SearchControls"},"VlocityRecordSObjectType":"OmniProcessElement","VlocityRecordSourceKey":"VlocityRecordSourceKey:0kERO0000000CkD2AU","OmniProcessVersionNumber":1,"PropertySetConfig":"{\"controlWidth\":5,\"showInputWidth\":false,\"inputWidth\":12,\"required\":true,\"repeat\":false,\"repeatClone\":false,\"repeatLimit\":null,\"readOnly\":false,\"defaultValue\":null,\"help\":false,\"helpText\":\"\",\"mask\":\"\",\"pattern\":\"\",\"ptrnErrText\":\"\",\"minLength\":3,\"maxLength\":255,\"show\":null,\"conditionType\":\"Hide if False\",\"accessibleInFutureSteps\":false,\"debounceValue\":0,\"HTMLTemplateId\":\"\",\"hide\":false,\"disOnTplt\":false,\"label\":\"Search Licenses...\"}","SequenceNumber":1,"OmniProcessId":{"VlocityRecordSObjectType":"OmniProcess","VlocityDataPackType":"VlocityMatchingKeyObject","VlocityMatchingRecordSourceKey":"VlocityRecordSourceKey:0jNRO00000005wU2AQ","Name":"LicenseSearch"},"Level":2,"Id":"0kERO0000000CkD2AU","VlocityDataPackIsIncluded":true,"ParentElementType":"Block"},{"Description":"","IsActive":true,"VlocityDataPackType":"SObject","IsOmniScriptEmbeddable":false,"DesignerCustomizationType":"","Name":"IPGetLicenses","ParentElementName":"SearchControls","EmbeddedOmniScriptKey":"","Type":"Integration Procedure Action","ParentElementId":{"VlocityRecordSObjectType":"OmniProcessElement","VlocityDataPackType":"VlocityMatchingKeyObject","VlocityMatchingRecordSourceKey":"VlocityRecordSourceKey:0kERO0000000CkB2AU","OmniProcessId":{"VlocityRecordSObjectType":"OmniProcess","VlocityDataPackType":"VlocityMatchingKeyObject","VlocityMatchingRecordSourceKey":"VlocityRecordSourceKey:0jNRO00000005wU2AQ","Name":"LicenseSearch"},"Name":"SearchControls"},"VlocityRecordSObjectType":"OmniProcessElement","VlocityRecordSourceKey":"VlocityRecordSourceKey:0kERO0000000CkE2AU","OmniProcessVersionNumber":1,"PropertySetConfig":"{\"controlWidth\":2,\"integrationProcedureKey\":\"License_Search\",\"useContinuation\":false,\"remoteOptions\":{\"preTransformBundle\":\"\",\"postTransformBundle\":\"\",\"useFuture\":false,\"chainable\":false},\"remoteTimeout\":30000,\"preTransformBundle\":\"\",\"postTransformBundle\":\"\",\"sendJSONPath\":\"\",\"sendJSONNode\":\"\",\"responseJSONPath\":\"\",\"responseJSONNode\":\"\",\"extraPayload\":{\"searchType\":\"%SearchType%\",\"searchTerm\":\"%SearchAccount%\",\"gridColumns\":\"%columns%\"},\"inProgressMessage\":\"In Progress\",\"postMessage\":\"Done\",\"failureNextLabel\":\"Continue\",\"failureAbortLabel\":\"Abort\",\"failureGoBackLabel\":\"Go Back\",\"failureAbortMessage\":\"Are you sure?\",\"validationRequired\":\"Step\",\"redirectPageName\":\"\",\"redirectTemplateUrl\":\"vlcAcknowledge.html\",\"redirectNextLabel\":\"Next\",\"redirectNextWidth\":3,\"redirectPreviousLabel\":\"Previous\",\"redirectPreviousWidth\":3,\"showPersistentComponent\":[false,false],\"show\":null,\"HTMLTemplateId\":\"\",\"wpm\":false,\"ssm\":false,\"message\":{},\"pubsub\":false,\"svgSprite\":\"\",\"svgIcon\":\"\",\"label\":\"Search\",\"errorMessage\":{\"custom\":[],\"default\":null},\"enableDefaultAbort\":false,\"enableActionMessage\":false,\"disOnTplt\":false}","SequenceNumber":3,"OmniProcessId":{"VlocityRecordSObjectType":"OmniProcess","VlocityDataPackType":"VlocityMatchingKeyObject","VlocityMatchingRecordSourceKey":"VlocityRecordSourceKey:0jNRO00000005wU2AQ","Name":"LicenseSearch"},"Level":2,"Id":"0kERO0000000CkE2AU","VlocityDataPackIsIncluded":true,"ParentElementType":"Block"},{"Description":"","IsActive":false,"VlocityDataPackType":"SObject","IsOmniScriptEmbeddable":false,"DesignerCustomizationType":"","Name":"licenseListTest","ParentElementName":"Search","EmbeddedOmniScriptKey":"","Type":"Block","ParentElementId":{"VlocityRecordSObjectType":"OmniProcessElement","VlocityDataPackType":"VlocityMatchingKeyObject","VlocityMatchingRecordSourceKey":"VlocityRecordSourceKey:0kERO0000000Ck72AE","OmniProcessId":{"VlocityRecordSObjectType":"OmniProcess","VlocityDataPackType":"VlocityMatchingKeyObject","VlocityMatchingRecordSourceKey":"VlocityRecordSourceKey:0jNRO00000005wU2AQ","Name":"LicenseSearch"},"Name":"Search"},"VlocityRecordSObjectType":"OmniProcessElement","VlocityRecordSourceKey":"VlocityRecordSourceKey:0kERO0000000CkF2AU","OmniProcessVersionNumber":1,"PropertySetConfig":"{\"controlWidth\":12,\"collapse\":false,\"repeat\":true,\"repeatClone\":false,\"repeatLimit\":null,\"show\":null,\"conditionType\":\"Hide if False\",\"accessibleInFutureSteps\":true,\"HTMLTemplateId\":\"\",\"hide\":false,\"label\":null,\"disOnTplt\":false}","SequenceNumber":1,"OmniProcessId":{"VlocityRecordSObjectType":"OmniProcess","VlocityDataPackType":"VlocityMatchingKeyObject","VlocityMatchingRecordSourceKey":"VlocityRecordSourceKey:0jNRO00000005wU2AQ","Name":"LicenseSearch"},"Level":1,"Id":"0kERO0000000CkF2AU","VlocityDataPackIsIncluded":true,"ParentElementType":"Step"},{"Description":"","IsActive":true,"VlocityDataPackType":"SObject","IsOmniScriptEmbeddable":false,"DesignerCustomizationType":"","Name":"AccountName","ParentElementName":"licenseListTest","EmbeddedOmniScriptKey":"","Type":"Text","ParentElementId":{"VlocityRecordSObjectType":"OmniProcessElement","VlocityDataPackType":"VlocityMatchingKeyObject","VlocityMatchingRecordSourceKey":"VlocityRecordSourceKey:0kERO0000000CkF2AU","OmniProcessId":{"VlocityRecordSObjectType":"OmniProcess","VlocityDataPackType":"VlocityMatchingKeyObject","VlocityMatchingRecordSourceKey":"VlocityRecordSourceKey:0jNRO00000005wU2AQ","Name":"LicenseSearch"},"Name":"licenseListTest"},"VlocityRecordSObjectType":"OmniProcessElement","VlocityRecordSourceKey":"VlocityRecordSourceKey:0kERO0000000CkG2AU","OmniProcessVersionNumber":1,"PropertySetConfig":"{\"controlWidth\":3,\"showInputWidth\":false,\"inputWidth\":12,\"required\":false,\"repeat\":false,\"repeatClone\":false,\"repeatLimit\":null,\"readOnly\":true,\"defaultValue\":null,\"help\":false,\"helpText\":\"\",\"mask\":\"\",\"pattern\":\"\",\"ptrnErrText\":\"\",\"minLength\":0,\"maxLength\":255,\"show\":null,\"conditionType\":\"Hide if False\",\"accessibleInFutureSteps\":false,\"debounceValue\":0,\"HTMLTemplateId\":\"\",\"hide\":false,\"disOnTplt\":false,\"label\":\"Account Name\"}","SequenceNumber":1,"OmniProcessId":{"VlocityRecordSObjectType":"OmniProcess","VlocityDataPackType":"VlocityMatchingKeyObject","VlocityMatchingRecordSourceKey":"VlocityRecordSourceKey:0jNRO00000005wU2AQ","Name":"LicenseSearch"},"Level":2,"Id":"0kERO0000000CkG2AU","VlocityDataPackIsIncluded":true,"ParentElementType":"Block"},{"Description":"","IsActive":true,"VlocityDataPackType":"SObject","IsOmniScriptEmbeddable":false,"DesignerCustomizationType":"","Name":"BusinessTypeName","ParentElementName":"licenseListTest","EmbeddedOmniScriptKey":"","Type":"Text","ParentElementId":{"VlocityRecordSObjectType":"OmniProcessElement","VlocityDataPackType":"VlocityMatchingKeyObject","VlocityMatchingRecordSourceKey":"VlocityRecordSourceKey:0kERO0000000CkF2AU","OmniProcessId":{"VlocityRecordSObjectType":"OmniProcess","VlocityDataPackType":"VlocityMatchingKeyObject","VlocityMatchingRecordSourceKey":"VlocityRecordSourceKey:0jNRO00000005wU2AQ","Name":"LicenseSearch"},"Name":"licenseListTest"},"VlocityRecordSObjectType":"OmniProcessElement","VlocityRecordSourceKey":"VlocityRecordSourceKey:0kERO0000000CkH2AU","OmniProcessVersionNumber":1,"PropertySetConfig":"{\"controlWidth\":2,\"showInputWidth\":false,\"inputWidth\":12,\"required\":false,\"repeat\":false,\"repeatClone\":false,\"repeatLimit\":null,\"readOnly\":true,\"defaultValue\":null,\"help\":false,\"helpText\":\"\",\"mask\":\"\",\"pattern\":\"\",\"ptrnErrText\":\"\",\"minLength\":0,\"maxLength\":255,\"show\":null,\"conditionType\":\"Hide if False\",\"accessibleInFutureSteps\":false,\"debounceValue\":0,\"HTMLTemplateId\":\"\",\"hide\":false,\"disOnTplt\":false,\"label\":\"Business Type\"}","SequenceNumber":2,"OmniProcessId":{"VlocityRecordSObjectType":"OmniProcess","VlocityDataPackType":"VlocityMatchingKeyObject","VlocityMatchingRecordSourceKey":"VlocityRecordSourceKey:0jNRO00000005wU2AQ","Name":"LicenseSearch"},"Level":2,"Id":"0kERO0000000CkH2AU","VlocityDataPackIsIncluded":true,"ParentElementType":"Block"},{"Description":"","IsActive":true,"VlocityDataPackType":"SObject","IsOmniScriptEmbeddable":false,"DesignerCustomizationType":"","Name":"Address","ParentElementName":"licenseListTest","EmbeddedOmniScriptKey":"","Type":"Text","ParentElementId":{"VlocityRecordSObjectType":"OmniProcessElement","VlocityDataPackType":"VlocityMatchingKeyObject","VlocityMatchingRecordSourceKey":"VlocityRecordSourceKey:0kERO0000000CkF2AU","OmniProcessId":{"VlocityRecordSObjectType":"OmniProcess","VlocityDataPackType":"VlocityMatchingKeyObject","VlocityMatchingRecordSourceKey":"VlocityRecordSourceKey:0jNRO00000005wU2AQ","Name":"LicenseSearch"},"Name":"licenseListTest"},"VlocityRecordSObjectType":"OmniProcessElement","VlocityRecordSourceKey":"VlocityRecordSourceKey:0kERO0000000CkI2AU","OmniProcessVersionNumber":1,"PropertySetConfig":"{\"controlWidth\":4,\"showInputWidth\":false,\"inputWidth\":12,\"required\":false,\"repeat\":false,\"repeatClone\":false,\"repeatLimit\":null,\"readOnly\":true,\"defaultValue\":null,\"help\":false,\"helpText\":\"\",\"mask\":\"\",\"pattern\":\"\",\"ptrnErrText\":\"\",\"minLength\":0,\"maxLength\":255,\"show\":null,\"conditionType\":\"Hide if False\",\"accessibleInFutureSteps\":false,\"debounceValue\":0,\"HTMLTemplateId\":\"\",\"hide\":false,\"disOnTplt\":false,\"label\":\"Address\"}","SequenceNumber":3,"OmniProcessId":{"VlocityRecordSObjectType":"OmniProcess","VlocityDataPackType":"VlocityMatchingKeyObject","VlocityMatchingRecordSourceKey":"VlocityRecordSourceKey:0jNRO00000005wU2AQ","Name":"LicenseSearch"},"Level":2,"Id":"0kERO0000000CkI2AU","VlocityDataPackIsIncluded":true,"ParentElementType":"Block"}],"Id":"0jNRO00000005wU2AQ","UniqueName":"LicensingAndPermitting_LicenseSearch_English_1","CustomHtmlTemplates":"<style>\n#IPGetLicenses {\n    background-color: #008080;\n    color: #fff;\n    font-weight: 400;\n    font-size: 13px;\n}\n#IPGetLicenses:hover, IPGetLicenses:active {\n    background-color: #004c4c;\n}\n\n#Search .slds-page-header {\n   display: none !important;\n}\n\n#Search form.slds-grid {\n   padding: 25px 0 0 0;\n   border-right: 0;\n}\n\n#SearchControls {\n    padding: .65rem;\n    background: #f3f3f3;\n    border: 1px solid #e0e0e0;\n}\n\n#SearchControls .vlc-control-wrapper {\n    background: #fff;\n}\n\n#licenseList {\n    padding-right: 0;\n}\n\n@media only screen\nand (min-device-width : 768px)\nand (orientation : landscape) {\n#IPGetLicenses {\n    height: 2.75rem;\n}\n#IPGetLicenses p {\n    margin-top: 0.3rem;\n}\n}\n</style>"}],"VlocityDataPackIsIncluded":true},"VlocityDataPackAllRelationships":{"a59822df3dc5e5526e7bff30aa644ca4":"Reference by Name"},"DataPackAttachmentSize":24558,"DataPackAttachmentParentId":"0ncRO00000001dhYAA","DataPackAttachmentId":"00PRO000000JDpd2AG","ActivationStatus":"Ready"},{"VlocityPrimarySourceId":"0jNRO00000005wZ2AQ","VlocityPreviousPageKey":null,"VlocityMultiPackParentKey":null,"VlocityDepthFromPrimary":0,"VlocityDataPackType":"IntegrationProcedure","VlocityDataPackStatus":"Success","VlocityDataPackRelationshipType":"Sibling","VlocityDataPackRecords":[],"VlocityDataPackParents":[],"VlocityDataPackName":"IPLicenseSearch","VlocityDataPackMessage":null,"VlocityDataPackLabel":"IntegrationProcedure","VlocityDataPackKey":"a59822df3dc5e5526e7bff30aa644ca4","VlocityDataPackIsNotSupported":false,"VlocityDataPackIsIncluded":true,"VlocityDataPackData":{"Id":"License_Search","VlocityDataPackRelationshipType":"Sibling","VlocityDataPackLabel":"IntegrationProcedure","VlocityDataPackType":"IntegrationProcedure","VlocityDataPackKey":"a59822df3dc5e5526e7bff30aa644ca4","OmniProcess":[{"IsMetadataCacheDisabled":false,"IsTestProcedure":false,"Description":"","IsActive":true,"VlocityDataPackType":"SObject","Name":"IPLicenseSearch","OmniProcessKey":"License_Search","VlocityRecordSObjectType":"OmniProcess","Language":"Procedure","PropertySetConfig":"{\"linkToExternalObject\":\"\",\"trackingCustomData\":{},\"includeAllActionsInResponse\":false,\"columnsPropertyMap\":[],\"relationshipFieldsMap\":[],\"labelSingular\":\"\",\"labelPlural\":\"\",\"description\":\"\",\"nameColumn\":\"\",\"rollbackOnError\":false,\"chainableQueriesLimit\":50,\"chainableDMLStatementsLimit\":null,\"chainableCpuLimit\":2000,\"chainableHeapSizeLimit\":null,\"chainableDMLRowsLimit\":null,\"chainableQueryRowsLimit\":null,\"chainableSoslQueriesLimit\":null,\"chainableActualTimeLimit\":null,\"additionalChainableResponse\":{},\"queueableChainableQueriesLimit\":120,\"queueableChainableCpuLimit\":40000,\"queueableChainableHeapSizeLimit\":6,\"ttlMinutes\":5,\"mockResponseMap\":{}}","LastPreviewPage":"","OmniProcessType":"Integration Procedure","ElementTypeComponentMapping":"{\"ElementTypeToHTMLTemplateList\":[]}","VlocityDataPackIsIncluded":true,"SubType":"Search","ResponseCacheType":"","IsOmniScriptEmbeddable":false,"CustomJavaScript":"{}","IsIntegrationProcedure":true,"VersionNumber":1,"DesignerCustomizationType":"","Namespace":"","Type":"License","WebComponentKey":"3f27d5b3-6cd2-2d86-40e1-94a505e7c15b","VlocityRecordSourceKey":"VlocityRecordSourceKey:0jNRO00000005wZ2AQ","RequiredPermission":"","IsWebCompEnabled":false,"OmniProcessElement":[{"Description":"","IsActive":true,"VlocityDataPackType":"SObject","IsOmniScriptEmbeddable":false,"DesignerCustomizationType":"","Name":"BusinessLicense","ParentElementName":"","EmbeddedOmniScriptKey":"","Type":"Conditional Block","VlocityRecordSObjectType":"OmniProcessElement","ParentElementId":"","VlocityRecordSourceKey":"VlocityRecordSourceKey:0kERO0000000CkJ2AU","OmniProcessVersionNumber":1,"PropertySetConfig":"{\"executionConditionalFormula\":\"(%searchType% = 1)\",\"isIfElseBlock\":false,\"show\":null,\"label\":\"ConditionalBlock1\",\"disOnTplt\":false}","SequenceNumber":1,"OmniProcessId":{"VlocityRecordSObjectType":"OmniProcess","VlocityDataPackType":"VlocityMatchingKeyObject","VlocityMatchingRecordSourceKey":"VlocityRecordSourceKey:0jNRO00000005wZ2AQ","Name":"IPLicenseSearch"},"Level":0,"Id":"0kERO0000000CkJ2AU","VlocityDataPackIsIncluded":true,"ParentElementType":""},{"Description":"","IsActive":true,"VlocityDataPackType":"SObject","IsOmniScriptEmbeddable":false,"DesignerCustomizationType":"","Name":"DRGetBusinessLicenses","ParentElementName":"BusinessLicense","EmbeddedOmniScriptKey":"","Type":"DataRaptor Extract Action","ParentElementId":{"VlocityRecordSObjectType":"OmniProcessElement","VlocityDataPackType":"VlocityMatchingKeyObject","VlocityMatchingRecordSourceKey":"VlocityRecordSourceKey:0kERO0000000CkJ2AU","OmniProcessId":{"VlocityRecordSObjectType":"OmniProcess","VlocityDataPackType":"VlocityMatchingKeyObject","VlocityMatchingRecordSourceKey":"VlocityRecordSourceKey:0jNRO00000005wZ2AQ","Name":"IPLicenseSearch"},"Name":"BusinessLicense"},"VlocityRecordSObjectType":"OmniProcessElement","VlocityRecordSourceKey":"VlocityRecordSourceKey:0kERO0000000CkK2AU","OmniProcessVersionNumber":1,"PropertySetConfig":"{\"executionConditionalFormula\":\"\",\"failureConditionalFormula\":\"\",\"failOnStepError\":true,\"useFormulas\":true,\"additionalInput\":{},\"additionalOutput\":{},\"failureResponse\":{},\"sendOnlyAdditionalInput\":false,\"returnOnlyAdditionalOutput\":false,\"returnOnlyFailureResponse\":false,\"responseJSONPath\":\"\",\"responseJSONNode\":\"\",\"sendJSONPath\":\"\",\"sendJSONNode\":\"\",\"bundle\":\"DRGetBusinessAccounts\",\"dataRaptor Input Parameters\":[{\"inputParam\":\"searchTerm\",\"element\":\"searchTerm\"}],\"chainOnStep\":false,\"actionMessage\":\"\",\"ignoreCache\":false,\"show\":null,\"label\":\"DataMapperExtractAction1\",\"disOnTplt\":false}","SequenceNumber":1,"OmniProcessId":{"VlocityRecordSObjectType":"OmniProcess","VlocityDataPackType":"VlocityMatchingKeyObject","VlocityMatchingRecordSourceKey":"VlocityRecordSourceKey:0jNRO00000005wZ2AQ","Name":"IPLicenseSearch"},"Level":1,"Id":"0kERO0000000CkK2AU","VlocityDataPackIsIncluded":true,"ParentElementType":"Conditional Block"},{"Description":"","IsActive":true,"VlocityDataPackType":"SObject","IsOmniScriptEmbeddable":false,"DesignerCustomizationType":"","Name":"IndividualLicense","ParentElementName":"","EmbeddedOmniScriptKey":"","Type":"Conditional Block","VlocityRecordSObjectType":"OmniProcessElement","ParentElementId":"","VlocityRecordSourceKey":"VlocityRecordSourceKey:0kERO0000000CkL2AU","OmniProcessVersionNumber":1,"PropertySetConfig":"{\"executionConditionalFormula\":\"(%searchType% = 2)\",\"isIfElseBlock\":false,\"show\":null,\"label\":\"ConditionalBlock2\",\"disOnTplt\":false}","SequenceNumber":2,"OmniProcessId":{"VlocityRecordSObjectType":"OmniProcess","VlocityDataPackType":"VlocityMatchingKeyObject","VlocityMatchingRecordSourceKey":"VlocityRecordSourceKey:0jNRO00000005wZ2AQ","Name":"IPLicenseSearch"},"Level":0,"Id":"0kERO0000000CkL2AU","VlocityDataPackIsIncluded":true,"ParentElementType":""},{"Description":"","IsActive":true,"VlocityDataPackType":"SObject","IsOmniScriptEmbeddable":false,"DesignerCustomizationType":"","Name":"DRGetIndividualLicenses","ParentElementName":"IndividualLicense","EmbeddedOmniScriptKey":"","Type":"DataRaptor Extract Action","ParentElementId":{"VlocityRecordSObjectType":"OmniProcessElement","VlocityDataPackType":"VlocityMatchingKeyObject","VlocityMatchingRecordSourceKey":"VlocityRecordSourceKey:0kERO0000000CkL2AU","OmniProcessId":{"VlocityRecordSObjectType":"OmniProcess","VlocityDataPackType":"VlocityMatchingKeyObject","VlocityMatchingRecordSourceKey":"VlocityRecordSourceKey:0jNRO00000005wZ2AQ","Name":"IPLicenseSearch"},"Name":"IndividualLicense"},"VlocityRecordSObjectType":"OmniProcessElement","VlocityRecordSourceKey":"VlocityRecordSourceKey:0kERO0000000CkM2AU","OmniProcessVersionNumber":1,"PropertySetConfig":"{\"executionConditionalFormula\":\"\",\"failureConditionalFormula\":\"\",\"failOnStepError\":true,\"useFormulas\":true,\"additionalInput\":{},\"additionalOutput\":{},\"failureResponse\":{},\"sendOnlyAdditionalInput\":false,\"returnOnlyAdditionalOutput\":false,\"returnOnlyFailureResponse\":false,\"responseJSONPath\":\"\",\"responseJSONNode\":\"\",\"sendJSONPath\":\"\",\"sendJSONNode\":\"\",\"bundle\":\"DRGetIndividualAccounts\",\"dataRaptor Input Parameters\":[{\"inputParam\":\"searchTerm\",\"element\":\"searchTerm\"}],\"chainOnStep\":false,\"actionMessage\":\"\",\"show\":null,\"label\":\"DataMapperExtractAction2\",\"disOnTplt\":false}","SequenceNumber":1,"OmniProcessId":{"VlocityRecordSObjectType":"OmniProcess","VlocityDataPackType":"VlocityMatchingKeyObject","VlocityMatchingRecordSourceKey":"VlocityRecordSourceKey:0jNRO00000005wZ2AQ","Name":"IPLicenseSearch"},"Level":1,"Id":"0kERO0000000CkM2AU","VlocityDataPackIsIncluded":true,"ParentElementType":"Conditional Block"},{"Description":"","IsActive":true,"VlocityDataPackType":"SObject","IsOmniScriptEmbeddable":false,"DesignerCustomizationType":"","Name":"LicenseNumber","ParentElementName":"","EmbeddedOmniScriptKey":"","Type":"Conditional Block","VlocityRecordSObjectType":"OmniProcessElement","ParentElementId":"","VlocityRecordSourceKey":"VlocityRecordSourceKey:0kERO0000000CkN2AU","OmniProcessVersionNumber":1,"PropertySetConfig":"{\"executionConditionalFormula\":\"(%searchType% = 3)\",\"isIfElseBlock\":false,\"show\":null,\"label\":\"ConditionalBlock3\",\"disOnTplt\":false}","SequenceNumber":3,"OmniProcessId":{"VlocityRecordSObjectType":"OmniProcess","VlocityDataPackType":"VlocityMatchingKeyObject","VlocityMatchingRecordSourceKey":"VlocityRecordSourceKey:0jNRO00000005wZ2AQ","Name":"IPLicenseSearch"},"Level":0,"Id":"0kERO0000000CkN2AU","VlocityDataPackIsIncluded":true,"ParentElementType":""},{"Description":"","IsActive":true,"VlocityDataPackType":"SObject","IsOmniScriptEmbeddable":false,"DesignerCustomizationType":"","Name":"DRGetLicense","ParentElementName":"LicenseNumber","EmbeddedOmniScriptKey":"","Type":"DataRaptor Extract Action","ParentElementId":{"VlocityRecordSObjectType":"OmniProcessElement","VlocityDataPackType":"VlocityMatchingKeyObject","VlocityMatchingRecordSourceKey":"VlocityRecordSourceKey:0kERO0000000CkN2AU","OmniProcessId":{"VlocityRecordSObjectType":"OmniProcess","VlocityDataPackType":"VlocityMatchingKeyObject","VlocityMatchingRecordSourceKey":"VlocityRecordSourceKey:0jNRO00000005wZ2AQ","Name":"IPLicenseSearch"},"Name":"LicenseNumber"},"VlocityRecordSObjectType":"OmniProcessElement","VlocityRecordSourceKey":"VlocityRecordSourceKey:0kERO0000000CkO2AU","OmniProcessVersionNumber":1,"PropertySetConfig":"{\"executionConditionalFormula\":\"\",\"failureConditionalFormula\":\"\",\"failOnStepError\":true,\"useFormulas\":true,\"additionalInput\":{},\"additionalOutput\":{},\"failureResponse\":{},\"sendOnlyAdditionalInput\":false,\"returnOnlyAdditionalOutput\":false,\"returnOnlyFailureResponse\":false,\"responseJSONPath\":\"\",\"responseJSONNode\":\"\",\"sendJSONPath\":\"\",\"sendJSONNode\":\"\",\"bundle\":\"DRGetLicenseByNo\",\"dataRaptor Input Parameters\":[{\"inputParam\":\"searchTerm\",\"element\":\"searchTerm\"}],\"chainOnStep\":false,\"actionMessage\":\"\",\"show\":null,\"label\":\"DataMapperExtractAction3\",\"disOnTplt\":false}","SequenceNumber":1,"OmniProcessId":{"VlocityRecordSObjectType":"OmniProcess","VlocityDataPackType":"VlocityMatchingKeyObject","VlocityMatchingRecordSourceKey":"VlocityRecordSourceKey:0jNRO00000005wZ2AQ","Name":"IPLicenseSearch"},"Level":1,"Id":"0kERO0000000CkO2AU","VlocityDataPackIsIncluded":true,"ParentElementType":"Conditional Block"},{"Description":"","IsActive":true,"VlocityDataPackType":"SObject","IsOmniScriptEmbeddable":false,"DesignerCustomizationType":"","Name":"MergeLicenses","ParentElementName":"","EmbeddedOmniScriptKey":"","Type":"List Merge Action","VlocityRecordSObjectType":"OmniProcessElement","ParentElementId":"","VlocityRecordSourceKey":"VlocityRecordSourceKey:0kERO0000000CkP2AU","OmniProcessVersionNumber":1,"PropertySetConfig":"{\"executionConditionalFormula\":\"\",\"failureConditionalFormula\":\"\",\"failOnStepError\":true,\"useFormulas\":true,\"additionalInput\":{},\"additionalOutput\":{},\"failureResponse\":{},\"sendOnlyAdditionalInput\":false,\"returnOnlyAdditionalOutput\":false,\"returnOnlyFailureResponse\":false,\"responseJSONPath\":\"\",\"responseJSONNode\":\"\",\"sendJSONPath\":\"\",\"sendJSONNode\":\"\",\"advancedMerge\":false,\"advancedMergeMap\":[],\"mergeFields\":[],\"allowMergeNulls\":true,\"hasPrimary\":false,\"primaryListKey\":\"\",\"sortBy\":[],\"sortInDescendingOrder\":false,\"mergeListsOrder\":[\"DRGetBusinessLicenses\",\"DRGetIndividualLicenses\",\"DRGetLicense\"],\"filterListFormula\":\"\",\"dynamicOutputFields\":\"\",\"updateFieldValue\":{},\"chainOnStep\":false,\"actionMessage\":\"\",\"additionalChainableResponse\":{},\"show\":null,\"label\":\"ListAction1\",\"disOnTplt\":false}","SequenceNumber":4,"OmniProcessId":{"VlocityRecordSObjectType":"OmniProcess","VlocityDataPackType":"VlocityMatchingKeyObject","VlocityMatchingRecordSourceKey":"VlocityRecordSourceKey:0jNRO00000005wZ2AQ","Name":"IPLicenseSearch"},"Level":0,"Id":"0kERO0000000CkP2AU","VlocityDataPackIsIncluded":true,"ParentElementType":""},{"Description":"","IsActive":true,"VlocityDataPackType":"SObject","IsOmniScriptEmbeddable":false,"DesignerCustomizationType":"","Name":"ReturnLicenses","ParentElementName":"","EmbeddedOmniScriptKey":"","Type":"Response Action","VlocityRecordSObjectType":"OmniProcessElement","ParentElementId":"","VlocityRecordSourceKey":"VlocityRecordSourceKey:0kERO0000000CkQ2AU","OmniProcessVersionNumber":1,"PropertySetConfig":"{\"executionConditionalFormula\":\"\",\"useFormulas\":true,\"additionalOutput\":{\"licenseList\":\"%MergeLicenses%\"},\"returnOnlyAdditionalOutput\":true,\"returnFullDataJSON\":false,\"responseFormat\":\"JSON\",\"responseJSONPath\":\"\",\"responseJSONNode\":\"\",\"sendJSONPath\":\"\",\"sendJSONNode\":\"\",\"responseDefaultData\":{},\"vlcResponseHeaders\":{},\"show\":null,\"label\":\"ResponseAction1\",\"disOnTplt\":false}","SequenceNumber":5,"OmniProcessId":{"VlocityRecordSObjectType":"OmniProcess","VlocityDataPackType":"VlocityMatchingKeyObject","VlocityMatchingRecordSourceKey":"VlocityRecordSourceKey:0jNRO00000005wZ2AQ","Name":"IPLicenseSearch"},"Level":0,"Id":"0kERO0000000CkQ2AU","VlocityDataPackIsIncluded":true,"ParentElementType":""}],"Id":"0jNRO00000005wZ2AQ","UniqueName":"License_Search_Procedure_1","CustomHtmlTemplates":""}],"VlocityDataPackIsIncluded":true},"VlocityDataPackAllRelationships":{"0f6e22d4cda90a797e8eef139b74153b":"Reference by Name","5de017c837a19bfcd4336bc854e03ebe":"Reference by Name","e46d2ceff0f71e4746507717073d9c79":"Reference by Name","12f540bb30e9336867af8192491e24ac":"Reference by Name"},"DataPackAttachmentSize":13872,"DataPackAttachmentParentId":"0ncRO00000001dhYAA","DataPackAttachmentId":"00PRO000000JDpi2AG","ActivationStatus":"Ready"},{"VlocityPrimarySourceId":"0jIRO00000002aQ2AQ","VlocityPreviousPageKey":null,"VlocityMultiPackParentKey":null,"VlocityDepthFromPrimary":0,"VlocityDataPackType":"DataRaptor","VlocityDataPackStatus":"Success","VlocityDataPackRelationshipType":"Sibling","VlocityDataPackRecords":[],"VlocityDataPackParents":[],"VlocityDataPackName":"DRGetBusinessAccounts","VlocityDataPackMessage":null,"VlocityDataPackLabel":"Data Mapper","VlocityDataPackKey":"5de017c837a19bfcd4336bc854e03ebe","VlocityDataPackIsNotSupported":false,"VlocityDataPackIsIncluded":true,"VlocityDataPackData":{"OmniDataTransform":[{"SourceObject":"json","ExpectedInputOtherData":"","ExpectedOutputJson":"","Description":"","ExpectedOutputXml":"","IsDeletedOnSuccess":false,"IsProcessSuperBulk":false,"IsActive":false,"VlocityDataPackType":"SObject","PreviewOtherData":"","SynchronousProcessThreshold":-1,"TargetOutputDocumentIdentifier":"","GlobalKey":"","Name":"DRGetBusinessAccounts","IsAssignmentRulesUsed":false,"VlocityRecordSObjectType":"OmniDataTransform","IsXmlDeclarationRemoved":false,"XmlOutputTagsOrder":"","IsSourceObjectDefault":false,"InputParsingClass":"","ExpectedOutputOtherData":"","OmniDataTransformItem":[{"MigrationPattern":"","InputObjectQuerySequence":"","FormulaResultPath":"businessProfile:businessLicense:FullAddress","VlocityDataPackType":"SObject","FormulaSequence":1,"LinkedFieldName":"","IsDisabled":false,"MigrationCategory":"","MigrationType":"","OutputFieldName":"Formula","MigrationValue":"","FilterGroup":"","LinkedObjectSequence":"","GlobalKey":"85360ea0-eef0-4ac7-8b47-719ca1e62a1d","Name":"DRGetBusinessAccounts","OutputCreationSequence":0,"DefaultValue":"","VlocityRecordSObjectType":"OmniDataTransformItem","LookupReturnedFieldName":"","IsRequiredForUpsert":false,"MigrationProcess":"","FilterDataType":"","VlocityDataPackIsIncluded":true,"InputObjectName":"","FormulaExpression":"IF(ISBLANK(businessProfile:businessLicense:Account.BillingStreet), '' ,CONCAT(businessProfile:businessLicense:Account.BillingStreet,', ',businessProfile:businessLicense:Account.BillingCity,', ',businessProfile:businessLicense:Account.BillingState,businessProfile:businessLicense:Account.BillingZipcode,', ',businessProfile:businessLicense:Account.BillingCountry))","OmniDataTransformationId":{"VlocityRecordSObjectType":"OmniDataTransform","VlocityDataPackType":"VlocityMatchingKeyObject","VlocityMatchingRecordSourceKey":"VlocityRecordSourceKey:0jIRO00000002aQ2AQ","Name":"DRGetBusinessAccounts"},"LookupObjectName":"","MigrationAttribute":"","MigrationGroup":"","FilterValue":"","FilterOperator":"","MigrationKey":"","InputFieldName":"","VlocityRecordSourceKey":"VlocityRecordSourceKey:0kdRO0000000BL7YAM","IsUpsertKey":false,"LookupByFieldName":"","OutputFieldFormat":"","TransformValueMappings":"","Id":"0kdRO0000000BL7YAM","OutputObjectName":"Formula"},{"MigrationPattern":"","InputObjectQuerySequence":"","FormulaResultPath":"","VlocityDataPackType":"SObject","FormulaSequence":"","LinkedFieldName":"","IsDisabled":false,"MigrationCategory":"","MigrationType":"","OutputFieldName":"BusinessOperatingName","MigrationValue":"","FilterGroup":"","LinkedObjectSequence":"","GlobalKey":"f7d1e1c1-af69-4316-b6fc-4588335e29e8","Name":"DRGetBusinessAccounts","OutputCreationSequence":1,"DefaultValue":"","VlocityRecordSObjectType":"OmniDataTransformItem","LookupReturnedFieldName":"","IsRequiredForUpsert":false,"MigrationProcess":"","FilterDataType":"","VlocityDataPackIsIncluded":true,"InputObjectName":"","FormulaExpression":"","OmniDataTransformationId":{"VlocityRecordSObjectType":"OmniDataTransform","VlocityDataPackType":"VlocityMatchingKeyObject","VlocityMatchingRecordSourceKey":"VlocityRecordSourceKey:0jIRO00000002aQ2AQ","Name":"DRGetBusinessAccounts"},"LookupObjectName":"","MigrationAttribute":"","MigrationGroup":"","FilterValue":"","FilterOperator":"","InputFieldName":"businessProfile:BusinessOperatingName","MigrationKey":"","VlocityRecordSourceKey":"VlocityRecordSourceKey:0kdRO0000000BL8YAM","IsUpsertKey":false,"LookupByFieldName":"","OutputFieldFormat":"","TransformValueMappings":"","Id":"0kdRO0000000BL8YAM","OutputObjectName":"json"},{"MigrationPattern":"","InputObjectQuerySequence":"","FormulaResultPath":"","VlocityDataPackType":"SObject","FormulaSequence":"","LinkedFieldName":"","IsDisabled":false,"MigrationCategory":"","MigrationType":"","OutputFieldName":"BusinessTypeName","MigrationValue":"","FilterGroup":"","LinkedObjectSequence":"","GlobalKey":"1c1514e9-206e-4627-a24b-5f945099fd93","Name":"DRGetBusinessAccounts","OutputCreationSequence":1,"DefaultValue":"","VlocityRecordSObjectType":"OmniDataTransformItem","LookupReturnedFieldName":"","IsRequiredForUpsert":false,"MigrationProcess":"","FilterDataType":"","VlocityDataPackIsIncluded":true,"InputObjectName":"","FormulaExpression":"","OmniDataTransformationId":{"VlocityRecordSObjectType":"OmniDataTransform","VlocityDataPackType":"VlocityMatchingKeyObject","VlocityMatchingRecordSourceKey":"VlocityRecordSourceKey:0jIRO00000002aQ2AQ","Name":"DRGetBusinessAccounts"},"LookupObjectName":"","MigrationAttribute":"","MigrationGroup":"","FilterValue":"","FilterOperator":"","InputFieldName":"businessProfile:businessLicense:BusinessType.Name","MigrationKey":"","VlocityRecordSourceKey":"VlocityRecordSourceKey:0kdRO0000000BL9YAM","IsUpsertKey":false,"LookupByFieldName":"","OutputFieldFormat":"","TransformValueMappings":"","Id":"0kdRO0000000BL9YAM","OutputObjectName":"json"},{"MigrationPattern":"","InputObjectQuerySequence":"","FormulaResultPath":"","VlocityDataPackType":"SObject","FormulaSequence":"","LinkedFieldName":"","IsDisabled":false,"MigrationCategory":"","MigrationType":"","OutputFieldName":"Address","MigrationValue":"","FilterGroup":"","LinkedObjectSequence":"","GlobalKey":"f2865756-271e-4843-9bbe-c463c0a10fd5","Name":"DRGetBusinessAccounts","OutputCreationSequence":1,"DefaultValue":"","VlocityRecordSObjectType":"OmniDataTransformItem","LookupReturnedFieldName":"","IsRequiredForUpsert":false,"MigrationProcess":"","FilterDataType":"","VlocityDataPackIsIncluded":true,"InputObjectName":"","FormulaExpression":"","OmniDataTransformationId":{"VlocityRecordSObjectType":"OmniDataTransform","VlocityDataPackType":"VlocityMatchingKeyObject","VlocityMatchingRecordSourceKey":"VlocityRecordSourceKey:0jIRO00000002aQ2AQ","Name":"DRGetBusinessAccounts"},"LookupObjectName":"","MigrationAttribute":"","MigrationGroup":"","FilterValue":"","FilterOperator":"","InputFieldName":"businessProfile:businessLicense:FullAddress","MigrationKey":"","VlocityRecordSourceKey":"VlocityRecordSourceKey:0kdRO0000000BLAYA2","IsUpsertKey":false,"LookupByFieldName":"","OutputFieldFormat":"","TransformValueMappings":"","Id":"0kdRO0000000BLAYA2","OutputObjectName":"json"},{"MigrationPattern":"","InputObjectQuerySequence":"","FormulaResultPath":"","VlocityDataPackType":"SObject","FormulaSequence":"","LinkedFieldName":"","IsDisabled":true,"MigrationCategory":"","MigrationType":"","OutputFieldName":"Id","MigrationValue":"","FilterGroup":"","LinkedObjectSequence":"","GlobalKey":"d4384baa-f400-4e3f-9608-9c37213d0f33","Name":"DRGetBusinessAccounts","OutputCreationSequence":1,"DefaultValue":"","VlocityRecordSObjectType":"OmniDataTransformItem","LookupReturnedFieldName":"","IsRequiredForUpsert":false,"MigrationProcess":"","FilterDataType":"","VlocityDataPackIsIncluded":true,"InputObjectName":"","FormulaExpression":"","OmniDataTransformationId":{"VlocityRecordSObjectType":"OmniDataTransform","VlocityDataPackType":"VlocityMatchingKeyObject","VlocityMatchingRecordSourceKey":"VlocityRecordSourceKey:0jIRO00000002aQ2AQ","Name":"DRGetBusinessAccounts"},"LookupObjectName":"","MigrationAttribute":"","MigrationGroup":"","FilterValue":"","FilterOperator":"","InputFieldName":"businessLicense:Id","MigrationKey":"","VlocityRecordSourceKey":"VlocityRecordSourceKey:0kdRO0000000BLBYA2","IsUpsertKey":false,"OutputFieldFormat":"String","LookupByFieldName":"","TransformValueMappings":"","Id":"0kdRO0000000BLBYA2","OutputObjectName":"json"},{"MigrationPattern":"","InputObjectQuerySequence":"","FormulaResultPath":"businessProfile:BusinessOperatingName","VlocityDataPackType":"SObject","FormulaSequence":2,"LinkedFieldName":"","IsDisabled":false,"MigrationCategory":"","MigrationType":"","OutputFieldName":"Formula","MigrationValue":"","FilterGroup":"","LinkedObjectSequence":"","GlobalKey":"61d06235-0b9c-48f8-a810-5776e311c3ed","Name":"DRGetBusinessAccounts","OutputCreationSequence":0,"DefaultValue":"","VlocityRecordSObjectType":"OmniDataTransformItem","LookupReturnedFieldName":"","IsRequiredForUpsert":false,"MigrationProcess":"","FilterDataType":"","VlocityDataPackIsIncluded":true,"InputObjectName":"","FormulaExpression":"IF(ISBLANK(businessProfile:businessLicense:Account.Name), '' , businessProfile:BusinessOperatingName)","OmniDataTransformationId":{"VlocityRecordSObjectType":"OmniDataTransform","VlocityDataPackType":"VlocityMatchingKeyObject","VlocityMatchingRecordSourceKey":"VlocityRecordSourceKey:0jIRO00000002aQ2AQ","Name":"DRGetBusinessAccounts"},"LookupObjectName":"","MigrationAttribute":"","MigrationGroup":"","FilterValue":"","FilterOperator":"","MigrationKey":"","InputFieldName":"","VlocityRecordSourceKey":"VlocityRecordSourceKey:0kdRO0000000BLCYA2","IsUpsertKey":false,"LookupByFieldName":"","OutputFieldFormat":"","TransformValueMappings":"","Id":"0kdRO0000000BLCYA2","OutputObjectName":"Formula"},{"MigrationPattern":"","InputObjectQuerySequence":2,"FormulaResultPath":"","VlocityDataPackType":"SObject","FormulaSequence":"","LinkedFieldName":"","IsDisabled":false,"MigrationCategory":"","MigrationType":"","OutputFieldName":"businessProfile:businessLicense","MigrationValue":"","FilterGroup":2,"LinkedObjectSequence":"","GlobalKey":"b467d2d4-41ea-44c8-aa98-3023cf327c04","Name":"DRGetBusinessAccounts","OutputCreationSequence":0,"DefaultValue":"","VlocityRecordSObjectType":"OmniDataTransformItem","LookupReturnedFieldName":"","IsRequiredForUpsert":false,"MigrationProcess":"","FilterDataType":"","VlocityDataPackIsIncluded":true,"InputObjectName":"BusinessLicense","FormulaExpression":"","OmniDataTransformationId":{"VlocityRecordSObjectType":"OmniDataTransform","VlocityDataPackType":"VlocityMatchingKeyObject","VlocityMatchingRecordSourceKey":"VlocityRecordSourceKey:0jIRO00000002aQ2AQ","Name":"DRGetBusinessAccounts"},"LookupObjectName":"","MigrationAttribute":"","MigrationGroup":"","FilterValue":"1000","FilterOperator":"LIMIT","MigrationKey":"","InputFieldName":"","VlocityRecordSourceKey":"VlocityRecordSourceKey:0kdRO0000000BLDYA2","IsUpsertKey":false,"LookupByFieldName":"","OutputFieldFormat":"","TransformValueMappings":"","Id":"0kdRO0000000BLDYA2","OutputObjectName":"json"},{"MigrationPattern":"","InputObjectQuerySequence":1,"FormulaResultPath":"","VlocityDataPackType":"SObject","FormulaSequence":"","LinkedFieldName":"","IsDisabled":false,"MigrationCategory":"","MigrationType":"","OutputFieldName":"businessProfile","MigrationValue":"","FilterGroup":1,"LinkedObjectSequence":"","GlobalKey":"84b67115-5d43-46e7-895d-ea86e412a09e","Name":"DRGetBusinessAccounts","OutputCreationSequence":0,"DefaultValue":"","VlocityRecordSObjectType":"OmniDataTransformItem","LookupReturnedFieldName":"","IsRequiredForUpsert":false,"MigrationProcess":"","FilterDataType":"","VlocityDataPackIsIncluded":true,"InputObjectName":"BusinessProfile","FormulaExpression":"","OmniDataTransformationId":{"VlocityRecordSObjectType":"OmniDataTransform","VlocityDataPackType":"VlocityMatchingKeyObject","VlocityMatchingRecordSourceKey":"VlocityRecordSourceKey:0jIRO00000002aQ2AQ","Name":"DRGetBusinessAccounts"},"LookupObjectName":"","MigrationAttribute":"","MigrationGroup":"","FilterValue":"1000","FilterOperator":"LIMIT","MigrationKey":"","InputFieldName":"","VlocityRecordSourceKey":"VlocityRecordSourceKey:0kdRO0000000BLEYA2","IsUpsertKey":false,"LookupByFieldName":"","OutputFieldFormat":"","TransformValueMappings":"","Id":"0kdRO0000000BLEYA2","OutputObjectName":"json"},{"MigrationPattern":"","InputObjectQuerySequence":1,"FormulaResultPath":"","VlocityDataPackType":"SObject","FormulaSequence":"","LinkedFieldName":"","IsDisabled":false,"MigrationCategory":"","MigrationType":"","OutputFieldName":"businessProfile","MigrationValue":"","FilterGroup":2,"LinkedObjectSequence":"","GlobalKey":"0d7b4fe0-1010-4059-8294-e9eb3806ef2a","Name":"DRGetBusinessAccounts","OutputCreationSequence":0,"DefaultValue":"","VlocityRecordSObjectType":"OmniDataTransformItem","LookupReturnedFieldName":"","IsRequiredForUpsert":false,"MigrationProcess":"","FilterDataType":"","VlocityDataPackIsIncluded":true,"InputObjectName":"BusinessProfile","FormulaExpression":"","OmniDataTransformationId":{"VlocityRecordSObjectType":"OmniDataTransform","VlocityDataPackType":"VlocityMatchingKeyObject","VlocityMatchingRecordSourceKey":"VlocityRecordSourceKey:0jIRO00000002aQ2AQ","Name":"DRGetBusinessAccounts"},"LookupObjectName":"","MigrationAttribute":"","MigrationGroup":"","FilterValue":"searchTerm","FilterOperator":"LIKE","InputFieldName":"Account.Name","MigrationKey":"","VlocityRecordSourceKey":"VlocityRecordSourceKey:0kdRO0000000BLFYA2","IsUpsertKey":false,"LookupByFieldName":"","OutputFieldFormat":"","TransformValueMappings":"","Id":"0kdRO0000000BLFYA2","OutputObjectName":"json"},{"MigrationPattern":"","InputObjectQuerySequence":2,"FormulaResultPath":"","VlocityDataPackType":"SObject","FormulaSequence":"","LinkedFieldName":"","IsDisabled":false,"MigrationCategory":"","MigrationType":"","OutputFieldName":"businessProfile:businessLicense","MigrationValue":"","FilterGroup":2,"LinkedObjectSequence":"","GlobalKey":"6157835c-3c12-4d38-ae3d-dce398d1c223","Name":"DRGetBusinessAccounts","OutputCreationSequence":0,"DefaultValue":"","VlocityRecordSObjectType":"OmniDataTransformItem","LookupReturnedFieldName":"","IsRequiredForUpsert":false,"MigrationProcess":"","FilterDataType":"","VlocityDataPackIsIncluded":true,"InputObjectName":"BusinessLicense","FormulaExpression":"","OmniDataTransformationId":{"VlocityRecordSObjectType":"OmniDataTransform","VlocityDataPackType":"VlocityMatchingKeyObject","VlocityMatchingRecordSourceKey":"VlocityRecordSourceKey:0jIRO00000002aQ2AQ","Name":"DRGetBusinessAccounts"},"LookupObjectName":"","MigrationAttribute":"","MigrationGroup":"","FilterValue":"businessProfile:AccountId","FilterOperator":"=","InputFieldName":"AccountId","MigrationKey":"","VlocityRecordSourceKey":"VlocityRecordSourceKey:0kdRO0000000BLGYA2","IsUpsertKey":false,"LookupByFieldName":"","OutputFieldFormat":"","TransformValueMappings":"","Id":"0kdRO0000000BLGYA2","OutputObjectName":"json"},{"MigrationPattern":"","InputObjectQuerySequence":1,"FormulaResultPath":"","VlocityDataPackType":"SObject","FormulaSequence":"","LinkedFieldName":"","IsDisabled":false,"MigrationCategory":"","MigrationType":"","OutputFieldName":"businessProfile","MigrationValue":"","FilterGroup":1,"LinkedObjectSequence":"","GlobalKey":"1441c21e-f3e6-4d39-8e0e-b38ede79f2bd","Name":"DRGetBusinessAccounts","OutputCreationSequence":0,"DefaultValue":"","VlocityRecordSObjectType":"OmniDataTransformItem","LookupReturnedFieldName":"","IsRequiredForUpsert":false,"MigrationProcess":"","FilterDataType":"","VlocityDataPackIsIncluded":true,"InputObjectName":"BusinessProfile","FormulaExpression":"","OmniDataTransformationId":{"VlocityRecordSObjectType":"OmniDataTransform","VlocityDataPackType":"VlocityMatchingKeyObject","VlocityMatchingRecordSourceKey":"VlocityRecordSourceKey:0jIRO00000002aQ2AQ","Name":"DRGetBusinessAccounts"},"LookupObjectName":"","MigrationAttribute":"","MigrationGroup":"","FilterValue":"searchTerm","FilterOperator":"LIKE","InputFieldName":"BusinessOperatingName","MigrationKey":"","VlocityRecordSourceKey":"VlocityRecordSourceKey:0kdRO0000000BLHYA2","IsUpsertKey":false,"LookupByFieldName":"","OutputFieldFormat":"","TransformValueMappings":"","Id":"0kdRO0000000BLHYA2","OutputObjectName":"json"},{"MigrationPattern":"","InputObjectQuerySequence":"","FormulaResultPath":"","VlocityDataPackType":"SObject","FormulaSequence":"","LinkedFieldName":"","IsDisabled":false,"MigrationCategory":"","MigrationType":"","OutputFieldName":"IsPersonAccount","MigrationValue":"","FilterGroup":"","LinkedObjectSequence":"","GlobalKey":"8e40c83a-3c4a-4d44-8844-670165bb078b","Name":"DRGetBusinessAccounts","OutputCreationSequence":1,"DefaultValue":"","VlocityRecordSObjectType":"OmniDataTransformItem","LookupReturnedFieldName":"","IsRequiredForUpsert":false,"MigrationProcess":"","FilterDataType":"","VlocityDataPackIsIncluded":true,"InputObjectName":"","FormulaExpression":"","OmniDataTransformationId":{"VlocityRecordSObjectType":"OmniDataTransform","VlocityDataPackType":"VlocityMatchingKeyObject","VlocityMatchingRecordSourceKey":"VlocityRecordSourceKey:0jIRO00000002aQ2AQ","Name":"DRGetBusinessAccounts"},"LookupObjectName":"","MigrationAttribute":"","MigrationGroup":"","FilterValue":"","FilterOperator":"","InputFieldName":"businessProfile:businessLicense:Account.IsPersonAccount","MigrationKey":"","VlocityRecordSourceKey":"VlocityRecordSourceKey:0kdRO0000000BLIYA2","IsUpsertKey":false,"LookupByFieldName":"","OutputFieldFormat":"","TransformValueMappings":"{}","Id":"0kdRO0000000BLIYA2","OutputObjectName":"json"},{"MigrationPattern":"","InputObjectQuerySequence":"","FormulaResultPath":"","VlocityDataPackType":"SObject","FormulaSequence":"","LinkedFieldName":"","IsDisabled":false,"MigrationCategory":"","MigrationType":"","OutputFieldName":"AccountName","MigrationValue":"","FilterGroup":"","LinkedObjectSequence":"","GlobalKey":"a58eb807-a5b5-42c9-a87c-6a77c842cd17","Name":"DRGetBusinessAccounts","OutputCreationSequence":1,"DefaultValue":"","VlocityRecordSObjectType":"OmniDataTransformItem","LookupReturnedFieldName":"","IsRequiredForUpsert":false,"MigrationProcess":"","FilterDataType":"","VlocityDataPackIsIncluded":true,"InputObjectName":"","FormulaExpression":"","OmniDataTransformationId":{"VlocityRecordSObjectType":"OmniDataTransform","VlocityDataPackType":"VlocityMatchingKeyObject","VlocityMatchingRecordSourceKey":"VlocityRecordSourceKey:0jIRO00000002aQ2AQ","Name":"DRGetBusinessAccounts"},"LookupObjectName":"","MigrationAttribute":"","MigrationGroup":"","FilterValue":"","FilterOperator":"","InputFieldName":"businessProfile:businessLicense:Account.Name","MigrationKey":"","VlocityRecordSourceKey":"VlocityRecordSourceKey:0kdRO0000000BLJYA2","IsUpsertKey":false,"LookupByFieldName":"","OutputFieldFormat":"","TransformValueMappings":"","Id":"0kdRO0000000BLJYA2","OutputObjectName":"json"},{"MigrationPattern":"","InputObjectQuerySequence":"","FormulaResultPath":"","VlocityDataPackType":"SObject","FormulaSequence":"","LinkedFieldName":"","IsDisabled":false,"MigrationCategory":"","MigrationType":"","OutputFieldName":"AccountId","MigrationValue":"","FilterGroup":"","LinkedObjectSequence":"","GlobalKey":"f5a6e4f3-56dc-4402-b7e2-8e43a7843afe","Name":"DRGetBusinessAccounts","OutputCreationSequence":1,"DefaultValue":"","VlocityRecordSObjectType":"OmniDataTransformItem","LookupReturnedFieldName":"","IsRequiredForUpsert":false,"MigrationProcess":"","FilterDataType":"","VlocityDataPackIsIncluded":true,"InputObjectName":"","FormulaExpression":"","OmniDataTransformationId":{"VlocityRecordSObjectType":"OmniDataTransform","VlocityDataPackType":"VlocityMatchingKeyObject","VlocityMatchingRecordSourceKey":"VlocityRecordSourceKey:0jIRO00000002aQ2AQ","Name":"DRGetBusinessAccounts"},"LookupObjectName":"","MigrationAttribute":"","MigrationGroup":"","FilterValue":"","FilterOperator":"","InputFieldName":"businessProfile:businessLicense:AccountId","MigrationKey":"","VlocityRecordSourceKey":"VlocityRecordSourceKey:0kdRO0000000BLKYA2","IsUpsertKey":false,"LookupByFieldName":"","OutputFieldFormat":"","TransformValueMappings":"","Id":"0kdRO0000000BLKYA2","OutputObjectName":"json"}],"VlocityDataPackIsIncluded":true,"PreviewSourceObjectData":"","OutputType":"JSON","BatchSize":200,"PreviewJsonData":"{\"searchTerm\":\"Alic\"}","IsRollbackOnError":false,"ResponseCacheType":"","IsNullInputsIncludedInOutput":false,"VersionNumber":1,"Namespace":"","OutputParsingClass":"","Type":"Extract","IsErrorIgnored":false,"ExpectedInputJson":"","VlocityRecordSourceKey":"VlocityRecordSourceKey:0jIRO00000002aQ2AQ","ExpectedInputXml":"","RequiredPermission":"","PreviewXmlData":"","InputType":"JSON","Id":"0jIRO00000002aQ2AQ","ResponseCacheTtlMinutes":"","UniqueName":"DRGetBusinessAccounts_1","TargetOutputFileName":"","IsFieldLevelSecurityEnabled":false,"PreprocessorClassName":""}],"Id":"DRGetBusinessAccounts","VlocityDataPackRelationshipType":"Sibling","VlocityDataPackLabel":"Data Mapper","VlocityDataPackType":"DataRaptor","VlocityDataPackKey":"5de017c837a19bfcd4336bc854e03ebe","VlocityDataPackIsIncluded":true},"VlocityDataPackAllRelationships":{"a59822df3dc5e5526e7bff30aa644ca4":"Reference by Name"},"DataPackAttachmentSize":20918,"DataPackAttachmentParentId":"0ncRO00000001dhYAA","DataPackAttachmentId":"00PRO000000JDpZ2AW","ActivationStatus":"NA"},{"VlocityPrimarySourceId":"0jIRO00000002aS2AQ","VlocityPreviousPageKey":null,"VlocityMultiPackParentKey":null,"VlocityDepthFromPrimary":0,"VlocityDataPackType":"DataRaptor","VlocityDataPackStatus":"Success","VlocityDataPackRelationshipType":"Sibling","VlocityDataPackRecords":[],"VlocityDataPackParents":[],"VlocityDataPackName":"DRGetIndividualAccounts","VlocityDataPackMessage":null,"VlocityDataPackLabel":"Data Mapper","VlocityDataPackKey":"e46d2ceff0f71e4746507717073d9c79","VlocityDataPackIsNotSupported":false,"VlocityDataPackIsIncluded":true,"VlocityDataPackData":{"OmniDataTransform":[{"SourceObject":"json","ExpectedInputOtherData":"","ExpectedOutputJson":"","Description":"","ExpectedOutputXml":"","IsDeletedOnSuccess":false,"IsProcessSuperBulk":false,"IsActive":false,"VlocityDataPackType":"SObject","PreviewOtherData":"","SynchronousProcessThreshold":-1,"TargetOutputDocumentIdentifier":"","GlobalKey":"","Name":"DRGetIndividualAccounts","IsAssignmentRulesUsed":false,"VlocityRecordSObjectType":"OmniDataTransform","IsXmlDeclarationRemoved":false,"XmlOutputTagsOrder":"","IsSourceObjectDefault":false,"InputParsingClass":"","ExpectedOutputOtherData":"","OmniDataTransformItem":[{"MigrationPattern":"","InputObjectQuerySequence":2,"FormulaResultPath":"","VlocityDataPackType":"SObject","FormulaSequence":"","LinkedFieldName":"","IsDisabled":false,"MigrationCategory":"","MigrationType":"","OutputFieldName":"businessLicense","MigrationValue":"","FilterGroup":0,"LinkedObjectSequence":"","GlobalKey":"516ab059-93f8-4307-a895-06d03f8e62e0","Name":"DRGetIndividualAccounts","OutputCreationSequence":0,"DefaultValue":"","VlocityRecordSObjectType":"OmniDataTransformItem","LookupReturnedFieldName":"","IsRequiredForUpsert":false,"MigrationProcess":"","FilterDataType":"","VlocityDataPackIsIncluded":true,"InputObjectName":"BusinessLicense","FormulaExpression":"","OmniDataTransformationId":{"VlocityRecordSObjectType":"OmniDataTransform","VlocityDataPackType":"VlocityMatchingKeyObject","VlocityMatchingRecordSourceKey":"VlocityRecordSourceKey:0jIRO00000002aS2AQ","Name":"DRGetIndividualAccounts"},"LookupObjectName":"","MigrationAttribute":"","MigrationGroup":"","FilterValue":"account:Id","FilterOperator":"=","InputFieldName":"AccountId","MigrationKey":"","VlocityRecordSourceKey":"VlocityRecordSourceKey:0kdRO0000000BLYYA2","IsUpsertKey":false,"LookupByFieldName":"","OutputFieldFormat":"","TransformValueMappings":"","Id":"0kdRO0000000BLYYA2","OutputObjectName":"json"},{"MigrationPattern":"","InputObjectQuerySequence":1,"FormulaResultPath":"","VlocityDataPackType":"SObject","FormulaSequence":"","LinkedFieldName":"","IsDisabled":false,"MigrationCategory":"","MigrationType":"","OutputFieldName":"account","MigrationValue":"","FilterGroup":1,"LinkedObjectSequence":"","GlobalKey":"9d66a7c5-f0a6-4833-a453-e4e7340bc3a9","Name":"DRGetIndividualAccounts","OutputCreationSequence":0,"DefaultValue":"","VlocityRecordSObjectType":"OmniDataTransformItem","LookupReturnedFieldName":"","IsRequiredForUpsert":false,"MigrationProcess":"","FilterDataType":"","VlocityDataPackIsIncluded":true,"InputObjectName":"Account","FormulaExpression":"","OmniDataTransformationId":{"VlocityRecordSObjectType":"OmniDataTransform","VlocityDataPackType":"VlocityMatchingKeyObject","VlocityMatchingRecordSourceKey":"VlocityRecordSourceKey:0jIRO00000002aS2AQ","Name":"DRGetIndividualAccounts"},"LookupObjectName":"","MigrationAttribute":"","MigrationGroup":"","FilterValue":"1000","FilterOperator":"LIMIT","MigrationKey":"","InputFieldName":"","VlocityRecordSourceKey":"VlocityRecordSourceKey:0kdRO0000000BLZYA2","IsUpsertKey":false,"LookupByFieldName":"","OutputFieldFormat":"","TransformValueMappings":"","Id":"0kdRO0000000BLZYA2","OutputObjectName":"json"},{"MigrationPattern":"","InputObjectQuerySequence":2,"FormulaResultPath":"","VlocityDataPackType":"SObject","FormulaSequence":"","LinkedFieldName":"","IsDisabled":false,"MigrationCategory":"","MigrationType":"","OutputFieldName":"businessLicense","MigrationValue":"","FilterGroup":0,"LinkedObjectSequence":"","GlobalKey":"275fb651-af77-4191-a53a-03cce42a53bc","Name":"DRGetIndividualAccounts","OutputCreationSequence":0,"DefaultValue":"","VlocityRecordSObjectType":"OmniDataTransformItem","LookupReturnedFieldName":"","IsRequiredForUpsert":false,"MigrationProcess":"","FilterDataType":"","VlocityDataPackIsIncluded":true,"InputObjectName":"BusinessLicense","FormulaExpression":"","OmniDataTransformationId":{"VlocityRecordSObjectType":"OmniDataTransform","VlocityDataPackType":"VlocityMatchingKeyObject","VlocityMatchingRecordSourceKey":"VlocityRecordSourceKey:0jIRO00000002aS2AQ","Name":"DRGetIndividualAccounts"},"LookupObjectName":"","MigrationAttribute":"","MigrationGroup":"","FilterValue":"1000","FilterOperator":"LIMIT","MigrationKey":"","InputFieldName":"","VlocityRecordSourceKey":"VlocityRecordSourceKey:0kdRO0000000BLaYAM","IsUpsertKey":false,"LookupByFieldName":"","OutputFieldFormat":"","TransformValueMappings":"","Id":"0kdRO0000000BLaYAM","OutputObjectName":"json"},{"MigrationPattern":"","InputObjectQuerySequence":1,"FormulaResultPath":"","VlocityDataPackType":"SObject","FormulaSequence":"","LinkedFieldName":"","IsDisabled":false,"MigrationCategory":"","MigrationType":"","OutputFieldName":"account","MigrationValue":"","FilterGroup":1,"LinkedObjectSequence":"","GlobalKey":"02c58426-9a55-4836-99df-54d9e7385145","Name":"DRGetIndividualAccounts","OutputCreationSequence":0,"DefaultValue":"","VlocityRecordSObjectType":"OmniDataTransformItem","LookupReturnedFieldName":"","IsRequiredForUpsert":false,"MigrationProcess":"","FilterDataType":"","VlocityDataPackIsIncluded":true,"InputObjectName":"Account","FormulaExpression":"","OmniDataTransformationId":{"VlocityRecordSObjectType":"OmniDataTransform","VlocityDataPackType":"VlocityMatchingKeyObject","VlocityMatchingRecordSourceKey":"VlocityRecordSourceKey:0jIRO00000002aS2AQ","Name":"DRGetIndividualAccounts"},"LookupObjectName":"","MigrationAttribute":"","MigrationGroup":"","FilterValue":"searchTerm","FilterOperator":"LIKE","InputFieldName":"Name","MigrationKey":"","VlocityRecordSourceKey":"VlocityRecordSourceKey:0kdRO0000000BLbYAM","IsUpsertKey":false,"LookupByFieldName":"","OutputFieldFormat":"","TransformValueMappings":"","Id":"0kdRO0000000BLbYAM","OutputObjectName":"json"},{"MigrationPattern":"","InputObjectQuerySequence":"","FormulaResultPath":"","VlocityDataPackType":"SObject","FormulaSequence":"","LinkedFieldName":"","IsDisabled":false,"MigrationCategory":"","MigrationType":"","OutputFieldName":"AccountId","MigrationValue":"","FilterGroup":"","LinkedObjectSequence":"","GlobalKey":"aad8944a-ae84-4bd9-8d03-1e8b07e5a53e","Name":"DRGetIndividualAccounts","OutputCreationSequence":1,"DefaultValue":"","VlocityRecordSObjectType":"OmniDataTransformItem","LookupReturnedFieldName":"","IsRequiredForUpsert":false,"MigrationProcess":"","FilterDataType":"","VlocityDataPackIsIncluded":true,"InputObjectName":"","FormulaExpression":"","OmniDataTransformationId":{"VlocityRecordSObjectType":"OmniDataTransform","VlocityDataPackType":"VlocityMatchingKeyObject","VlocityMatchingRecordSourceKey":"VlocityRecordSourceKey:0jIRO00000002aS2AQ","Name":"DRGetIndividualAccounts"},"LookupObjectName":"","MigrationAttribute":"","MigrationGroup":"","FilterValue":"","FilterOperator":"","InputFieldName":"businessLicense:AccountId","MigrationKey":"","VlocityRecordSourceKey":"VlocityRecordSourceKey:0kdRO0000000BLcYAM","IsUpsertKey":false,"LookupByFieldName":"","OutputFieldFormat":"","TransformValueMappings":"","Id":"0kdRO0000000BLcYAM","OutputObjectName":"json"},{"MigrationPattern":"","InputObjectQuerySequence":"","FormulaResultPath":"","VlocityDataPackType":"SObject","FormulaSequence":"","LinkedFieldName":"","IsDisabled":false,"MigrationCategory":"","MigrationType":"","OutputFieldName":"IsPersonAccount","MigrationValue":"","FilterGroup":"","LinkedObjectSequence":"","GlobalKey":"beb4f90a-5ce3-410a-a444-1a1f71dc7dbd","Name":"DRGetIndividualAccounts","OutputCreationSequence":1,"DefaultValue":"","VlocityRecordSObjectType":"OmniDataTransformItem","LookupReturnedFieldName":"","IsRequiredForUpsert":false,"MigrationProcess":"","FilterDataType":"","VlocityDataPackIsIncluded":true,"InputObjectName":"","FormulaExpression":"","OmniDataTransformationId":{"VlocityRecordSObjectType":"OmniDataTransform","VlocityDataPackType":"VlocityMatchingKeyObject","VlocityMatchingRecordSourceKey":"VlocityRecordSourceKey:0jIRO00000002aS2AQ","Name":"DRGetIndividualAccounts"},"LookupObjectName":"","MigrationAttribute":"","MigrationGroup":"","FilterValue":"","FilterOperator":"","InputFieldName":"businessLicense:Account.IsPersonAccount","MigrationKey":"","VlocityRecordSourceKey":"VlocityRecordSourceKey:0kdRO0000000BLdYAM","IsUpsertKey":false,"LookupByFieldName":"","OutputFieldFormat":"","TransformValueMappings":"","Id":"0kdRO0000000BLdYAM","OutputObjectName":"json"},{"MigrationPattern":"","InputObjectQuerySequence":"","FormulaResultPath":"","VlocityDataPackType":"SObject","FormulaSequence":"","LinkedFieldName":"","IsDisabled":false,"MigrationCategory":"","MigrationType":"","OutputFieldName":"AccountName","MigrationValue":"","FilterGroup":"","LinkedObjectSequence":"","GlobalKey":"64ddddaa-5f00-4509-b143-5df8692ee080","Name":"DRGetIndividualAccounts","OutputCreationSequence":1,"DefaultValue":"","VlocityRecordSObjectType":"OmniDataTransformItem","LookupReturnedFieldName":"","IsRequiredForUpsert":false,"MigrationProcess":"","FilterDataType":"","VlocityDataPackIsIncluded":true,"InputObjectName":"","FormulaExpression":"","OmniDataTransformationId":{"VlocityRecordSObjectType":"OmniDataTransform","VlocityDataPackType":"VlocityMatchingKeyObject","VlocityMatchingRecordSourceKey":"VlocityRecordSourceKey:0jIRO00000002aS2AQ","Name":"DRGetIndividualAccounts"},"LookupObjectName":"","MigrationAttribute":"","MigrationGroup":"","FilterValue":"","FilterOperator":"","InputFieldName":"businessLicense:Account.Name","MigrationKey":"","VlocityRecordSourceKey":"VlocityRecordSourceKey:0kdRO0000000BLeYAM","IsUpsertKey":false,"LookupByFieldName":"","OutputFieldFormat":"","TransformValueMappings":"","Id":"0kdRO0000000BLeYAM","OutputObjectName":"json"},{"MigrationPattern":"","InputObjectQuerySequence":"","FormulaResultPath":"","VlocityDataPackType":"SObject","FormulaSequence":"","LinkedFieldName":"","IsDisabled":false,"MigrationCategory":"","MigrationType":"","OutputFieldName":"BusinessTypeName","MigrationValue":"","FilterGroup":"","LinkedObjectSequence":"","GlobalKey":"7dbe9156-3410-4622-8d93-2650ba0feeb5","Name":"DRGetIndividualAccounts","OutputCreationSequence":1,"DefaultValue":"","VlocityRecordSObjectType":"OmniDataTransformItem","LookupReturnedFieldName":"","IsRequiredForUpsert":false,"MigrationProcess":"","FilterDataType":"","VlocityDataPackIsIncluded":true,"InputObjectName":"","FormulaExpression":"","OmniDataTransformationId":{"VlocityRecordSObjectType":"OmniDataTransform","VlocityDataPackType":"VlocityMatchingKeyObject","VlocityMatchingRecordSourceKey":"VlocityRecordSourceKey:0jIRO00000002aS2AQ","Name":"DRGetIndividualAccounts"},"LookupObjectName":"","MigrationAttribute":"","MigrationGroup":"","FilterValue":"","FilterOperator":"","InputFieldName":"businessLicense:BusinessType.Name","MigrationKey":"","VlocityRecordSourceKey":"VlocityRecordSourceKey:0kdRO0000000BLfYAM","IsUpsertKey":false,"LookupByFieldName":"","OutputFieldFormat":"","TransformValueMappings":"","Id":"0kdRO0000000BLfYAM","OutputObjectName":"json"},{"MigrationPattern":"","InputObjectQuerySequence":"","FormulaResultPath":"businessLicense:FullAddress","VlocityDataPackType":"SObject","FormulaSequence":1,"LinkedFieldName":"","IsDisabled":false,"MigrationCategory":"","MigrationType":"","OutputFieldName":"Formula","MigrationValue":"","FilterGroup":"","LinkedObjectSequence":"","GlobalKey":"96224a4c-716f-4f6b-880c-b62ea1ee5264","Name":"DRGetIndividualAccounts","OutputCreationSequence":0,"DefaultValue":"","VlocityRecordSObjectType":"OmniDataTransformItem","LookupReturnedFieldName":"","IsRequiredForUpsert":false,"MigrationProcess":"","FilterDataType":"","VlocityDataPackIsIncluded":true,"InputObjectName":"","FormulaExpression":"IF(ISBLANK(businessLicense:Account.BillingStreet), '' ,CONCAT(businessLicense:Account.BillingStreet, ', ',businessLicense:Account.BillingCity,', ',businessLicense:Account.BillingState,businessLicense:Account.BillingPostalCode,', ',businessLicense:Account.BillingCountry))","OmniDataTransformationId":{"VlocityRecordSObjectType":"OmniDataTransform","VlocityDataPackType":"VlocityMatchingKeyObject","VlocityMatchingRecordSourceKey":"VlocityRecordSourceKey:0jIRO00000002aS2AQ","Name":"DRGetIndividualAccounts"},"LookupObjectName":"","MigrationAttribute":"","MigrationGroup":"","FilterValue":"","FilterOperator":"","MigrationKey":"","InputFieldName":"","VlocityRecordSourceKey":"VlocityRecordSourceKey:0kdRO0000000BLgYAM","IsUpsertKey":false,"LookupByFieldName":"","OutputFieldFormat":"","TransformValueMappings":"","Id":"0kdRO0000000BLgYAM","OutputObjectName":"Formula"},{"MigrationPattern":"","InputObjectQuerySequence":"","FormulaResultPath":"","VlocityDataPackType":"SObject","FormulaSequence":"","LinkedFieldName":"","IsDisabled":false,"MigrationCategory":"","MigrationType":"","OutputFieldName":"Address","MigrationValue":"","FilterGroup":"","LinkedObjectSequence":"","GlobalKey":"7b9226aa-a708-4dec-9fc4-6d1632e728fc","Name":"DRGetIndividualAccounts","OutputCreationSequence":1,"DefaultValue":"","VlocityRecordSObjectType":"OmniDataTransformItem","LookupReturnedFieldName":"","IsRequiredForUpsert":false,"MigrationProcess":"","FilterDataType":"","VlocityDataPackIsIncluded":true,"InputObjectName":"","FormulaExpression":"","OmniDataTransformationId":{"VlocityRecordSObjectType":"OmniDataTransform","VlocityDataPackType":"VlocityMatchingKeyObject","VlocityMatchingRecordSourceKey":"VlocityRecordSourceKey:0jIRO00000002aS2AQ","Name":"DRGetIndividualAccounts"},"LookupObjectName":"","MigrationAttribute":"","MigrationGroup":"","FilterValue":"","FilterOperator":"","InputFieldName":"businessLicense:FullAddress","MigrationKey":"","VlocityRecordSourceKey":"VlocityRecordSourceKey:0kdRO0000000BLhYAM","IsUpsertKey":false,"LookupByFieldName":"","OutputFieldFormat":"","TransformValueMappings":"","Id":"0kdRO0000000BLhYAM","OutputObjectName":"json"},{"MigrationPattern":"","InputObjectQuerySequence":1,"FormulaResultPath":"","VlocityDataPackType":"SObject","FormulaSequence":"","LinkedFieldName":"","IsDisabled":false,"MigrationCategory":"","MigrationType":"","OutputFieldName":"account","MigrationValue":"","FilterGroup":1,"LinkedObjectSequence":"","GlobalKey":"f7f05a4f-79a3-4da2-9da4-18401da028a1","Name":"DRGetIndividualAccounts","OutputCreationSequence":0,"DefaultValue":"","VlocityRecordSObjectType":"OmniDataTransformItem","LookupReturnedFieldName":"","IsRequiredForUpsert":false,"MigrationProcess":"","FilterDataType":"","VlocityDataPackIsIncluded":true,"InputObjectName":"Account","FormulaExpression":"","OmniDataTransformationId":{"VlocityRecordSObjectType":"OmniDataTransform","VlocityDataPackType":"VlocityMatchingKeyObject","VlocityMatchingRecordSourceKey":"VlocityRecordSourceKey:0jIRO00000002aS2AQ","Name":"DRGetIndividualAccounts"},"LookupObjectName":"","MigrationAttribute":"","MigrationGroup":"","FilterValue":"\"true\"","FilterOperator":"=","InputFieldName":"IsPersonAccount","MigrationKey":"","VlocityRecordSourceKey":"VlocityRecordSourceKey:0kdRO0000000BLiYAM","IsUpsertKey":false,"LookupByFieldName":"","OutputFieldFormat":"","TransformValueMappings":"","Id":"0kdRO0000000BLiYAM","OutputObjectName":"json"}],"VlocityDataPackIsIncluded":true,"PreviewSourceObjectData":"","OutputType":"JSON","BatchSize":200,"PreviewJsonData":"{\"searchTerm\":\"abi\"}","IsRollbackOnError":false,"ResponseCacheType":"","IsNullInputsIncludedInOutput":false,"VersionNumber":1,"Namespace":"","OutputParsingClass":"","Type":"Extract","IsErrorIgnored":false,"ExpectedInputJson":"","VlocityRecordSourceKey":"VlocityRecordSourceKey:0jIRO00000002aS2AQ","ExpectedInputXml":"","RequiredPermission":"","PreviewXmlData":"","InputType":"JSON","Id":"0jIRO00000002aS2AQ","ResponseCacheTtlMinutes":"","UniqueName":"DRGetIndividualAccounts_1","TargetOutputFileName":"","IsFieldLevelSecurityEnabled":false,"PreprocessorClassName":""}],"Id":"DRGetIndividualAccounts","VlocityDataPackRelationshipType":"Sibling","VlocityDataPackLabel":"Data Mapper","VlocityDataPackType":"DataRaptor","VlocityDataPackKey":"e46d2ceff0f71e4746507717073d9c79","VlocityDataPackIsIncluded":true},"VlocityDataPackAllRelationships":{"a59822df3dc5e5526e7bff30aa644ca4":"Reference by Name"},"DataPackAttachmentSize":16718,"DataPackAttachmentParentId":"0ncRO00000001dhYAA","DataPackAttachmentId":"00PRO000000JDpa2AG","ActivationStatus":"NA"},{"VlocityPrimarySourceId":"0jIRO00000003Gj2AI","VlocityPreviousPageKey":null,"VlocityMultiPackParentKey":null,"VlocityDepthFromPrimary":0,"VlocityDataPackType":"DataRaptor","VlocityDataPackStatus":"Success","VlocityDataPackRelationshipType":"Sibling","VlocityDataPackRecords":[],"VlocityDataPackParents":[],"VlocityDataPackName":"DRGetLicenseByNo","VlocityDataPackMessage":null,"VlocityDataPackLabel":"Data Mapper","VlocityDataPackKey":"12f540bb30e9336867af8192491e24ac","VlocityDataPackIsNotSupported":false,"VlocityDataPackIsIncluded":true,"VlocityDataPackData":{"OmniDataTransform":[{"SourceObject":"json","ExpectedInputOtherData":"","ExpectedOutputJson":"","Description":"","ExpectedOutputXml":"","IsDeletedOnSuccess":false,"IsProcessSuperBulk":false,"IsActive":false,"VlocityDataPackType":"SObject","PreviewOtherData":"","SynchronousProcessThreshold":-1,"TargetOutputDocumentIdentifier":"","GlobalKey":"","Name":"DRGetLicenseByNo","IsAssignmentRulesUsed":false,"VlocityRecordSObjectType":"OmniDataTransform","IsXmlDeclarationRemoved":false,"XmlOutputTagsOrder":"","IsSourceObjectDefault":false,"InputParsingClass":"","ExpectedOutputOtherData":"","OmniDataTransformItem":[{"MigrationPattern":"","InputObjectQuerySequence":1,"FormulaResultPath":"","VlocityDataPackType":"SObject","FormulaSequence":"","LinkedFieldName":"","IsDisabled":false,"MigrationCategory":"","MigrationType":"","OutputFieldName":"businessLicense","MigrationValue":"","FilterGroup":0,"LinkedObjectSequence":"","GlobalKey":"c6e1909e-ef8b-4f01-ae28-a7888357f499","Name":"DRGetLicenseByNo","OutputCreationSequence":0,"DefaultValue":"","VlocityRecordSObjectType":"OmniDataTransformItem","LookupReturnedFieldName":"","IsRequiredForUpsert":false,"MigrationProcess":"","FilterDataType":"","VlocityDataPackIsIncluded":true,"InputObjectName":"BusinessLicense","FormulaExpression":"","OmniDataTransformationId":{"VlocityRecordSObjectType":"OmniDataTransform","VlocityDataPackType":"VlocityMatchingKeyObject","VlocityMatchingRecordSourceKey":"VlocityRecordSourceKey:0jIRO00000003Gj2AI","Name":"DRGetLicenseByNo"},"LookupObjectName":"","MigrationAttribute":"","MigrationGroup":"","FilterValue":"searchTerm","FilterOperator":"=","InputFieldName":"Identifier","MigrationKey":"","VlocityRecordSourceKey":"VlocityRecordSourceKey:0kdRO00000009nWYAQ","IsUpsertKey":false,"LookupByFieldName":"","OutputFieldFormat":"","TransformValueMappings":"","Id":"0kdRO00000009nWYAQ","OutputObjectName":"json"},{"MigrationPattern":"","InputObjectQuerySequence":"","FormulaResultPath":"","VlocityDataPackType":"SObject","FormulaSequence":"","LinkedFieldName":"","IsDisabled":false,"MigrationCategory":"","MigrationType":"","OutputFieldName":"BusinessOperatingName","MigrationValue":"","FilterGroup":"","LinkedObjectSequence":"","GlobalKey":"43cb4ff8-1623-4ff0-aa5d-0708eab95f10","Name":"DRGetLicenseByNo","OutputCreationSequence":1,"DefaultValue":"","VlocityRecordSObjectType":"OmniDataTransformItem","LookupReturnedFieldName":"","IsRequiredForUpsert":false,"MigrationProcess":"","FilterDataType":"","VlocityDataPackIsIncluded":true,"InputObjectName":"","FormulaExpression":"","OmniDataTransformationId":{"VlocityRecordSObjectType":"OmniDataTransform","VlocityDataPackType":"VlocityMatchingKeyObject","VlocityMatchingRecordSourceKey":"VlocityRecordSourceKey:0jIRO00000003Gj2AI","Name":"DRGetLicenseByNo"},"LookupObjectName":"","MigrationAttribute":"","MigrationGroup":"","FilterValue":"","FilterOperator":"","InputFieldName":"businessLicense:businessProfile:BusinessOperatingName","MigrationKey":"","VlocityRecordSourceKey":"VlocityRecordSourceKey:0kdRO00000009nXYAQ","IsUpsertKey":false,"LookupByFieldName":"","OutputFieldFormat":"","TransformValueMappings":"","Id":"0kdRO00000009nXYAQ","OutputObjectName":"json"},{"MigrationPattern":"","InputObjectQuerySequence":2,"FormulaResultPath":"","VlocityDataPackType":"SObject","FormulaSequence":"","LinkedFieldName":"","IsDisabled":false,"MigrationCategory":"","MigrationType":"","OutputFieldName":"businessLicense:businessProfile","MigrationValue":"","FilterGroup":0,"LinkedObjectSequence":"","GlobalKey":"22665788-05c5-4b54-815f-8940762c6004","Name":"DRGetLicenseByNo","OutputCreationSequence":0,"DefaultValue":"","VlocityRecordSObjectType":"OmniDataTransformItem","LookupReturnedFieldName":"","IsRequiredForUpsert":false,"MigrationProcess":"","FilterDataType":"","VlocityDataPackIsIncluded":true,"InputObjectName":"BusinessProfile","FormulaExpression":"","OmniDataTransformationId":{"VlocityRecordSObjectType":"OmniDataTransform","VlocityDataPackType":"VlocityMatchingKeyObject","VlocityMatchingRecordSourceKey":"VlocityRecordSourceKey:0jIRO00000003Gj2AI","Name":"DRGetLicenseByNo"},"LookupObjectName":"","MigrationAttribute":"","MigrationGroup":"","FilterValue":"1","FilterOperator":"LIMIT","MigrationKey":"","InputFieldName":"","VlocityRecordSourceKey":"VlocityRecordSourceKey:0kdRO00000009nYYAQ","IsUpsertKey":false,"LookupByFieldName":"","OutputFieldFormat":"","TransformValueMappings":"","Id":"0kdRO00000009nYYAQ","OutputObjectName":"json"},{"MigrationPattern":"","InputObjectQuerySequence":"","FormulaResultPath":"businessLicense:FullAddress","VlocityDataPackType":"SObject","FormulaSequence":1,"LinkedFieldName":"","IsDisabled":false,"MigrationCategory":"","MigrationType":"","OutputFieldName":"Formula","MigrationValue":"","FilterGroup":"","LinkedObjectSequence":"","GlobalKey":"6b9d242a-87d6-45d1-a311-2b5ff4c72a6e","Name":"DRGetLicenseByNo","OutputCreationSequence":0,"DefaultValue":"","VlocityRecordSObjectType":"OmniDataTransformItem","LookupReturnedFieldName":"","IsRequiredForUpsert":false,"MigrationProcess":"","FilterDataType":"","VlocityDataPackIsIncluded":true,"InputObjectName":"","FormulaExpression":"IF(ISBLANK(businessLicense:Account.BillingStreet), '' , CONCAT(businessLicense:Account.BillingStreet, ', ',businessLicense:Account.BillingCity, ', ',businessLicense:Account.BillingState,businessLicense:Account.BillingPostalCode, ', ',businessLicense:Account.BillingCountry))","OmniDataTransformationId":{"VlocityRecordSObjectType":"OmniDataTransform","VlocityDataPackType":"VlocityMatchingKeyObject","VlocityMatchingRecordSourceKey":"VlocityRecordSourceKey:0jIRO00000003Gj2AI","Name":"DRGetLicenseByNo"},"LookupObjectName":"","MigrationAttribute":"","MigrationGroup":"","FilterValue":"","FilterOperator":"","MigrationKey":"","InputFieldName":"","VlocityRecordSourceKey":"VlocityRecordSourceKey:0kdRO00000009nZYAQ","IsUpsertKey":false,"LookupByFieldName":"","OutputFieldFormat":"","TransformValueMappings":"","Id":"0kdRO00000009nZYAQ","OutputObjectName":"Formula"},{"MigrationPattern":"","InputObjectQuerySequence":"","FormulaResultPath":"","VlocityDataPackType":"SObject","FormulaSequence":"","LinkedFieldName":"","IsDisabled":false,"MigrationCategory":"","MigrationType":"","OutputFieldName":"AccountName","MigrationValue":"","FilterGroup":"","LinkedObjectSequence":"","GlobalKey":"490ba496-055a-4f9a-a37e-d90966b9ea38","Name":"DRGetLicenseByNo","OutputCreationSequence":1,"DefaultValue":"","VlocityRecordSObjectType":"OmniDataTransformItem","LookupReturnedFieldName":"","IsRequiredForUpsert":false,"MigrationProcess":"","FilterDataType":"","VlocityDataPackIsIncluded":true,"InputObjectName":"","FormulaExpression":"","OmniDataTransformationId":{"VlocityRecordSObjectType":"OmniDataTransform","VlocityDataPackType":"VlocityMatchingKeyObject","VlocityMatchingRecordSourceKey":"VlocityRecordSourceKey:0jIRO00000003Gj2AI","Name":"DRGetLicenseByNo"},"LookupObjectName":"","MigrationAttribute":"","MigrationGroup":"","FilterValue":"","FilterOperator":"","InputFieldName":"businessLicense:Account.Name","MigrationKey":"","VlocityRecordSourceKey":"VlocityRecordSourceKey:0kdRO00000009naYAA","IsUpsertKey":false,"LookupByFieldName":"","OutputFieldFormat":"","TransformValueMappings":"","Id":"0kdRO00000009naYAA","OutputObjectName":"json"},{"MigrationPattern":"","InputObjectQuerySequence":"","FormulaResultPath":"","VlocityDataPackType":"SObject","FormulaSequence":"","LinkedFieldName":"","IsDisabled":false,"MigrationCategory":"","MigrationType":"","OutputFieldName":"IsPersonAccount","MigrationValue":"","FilterGroup":"","LinkedObjectSequence":"","GlobalKey":"161095e8-2d7d-4822-b9b1-23b85ce40672","Name":"DRGetLicenseByNo","OutputCreationSequence":1,"DefaultValue":"","VlocityRecordSObjectType":"OmniDataTransformItem","LookupReturnedFieldName":"","IsRequiredForUpsert":false,"MigrationProcess":"","FilterDataType":"","VlocityDataPackIsIncluded":true,"InputObjectName":"","FormulaExpression":"","OmniDataTransformationId":{"VlocityRecordSObjectType":"OmniDataTransform","VlocityDataPackType":"VlocityMatchingKeyObject","VlocityMatchingRecordSourceKey":"VlocityRecordSourceKey:0jIRO00000003Gj2AI","Name":"DRGetLicenseByNo"},"LookupObjectName":"","MigrationAttribute":"","MigrationGroup":"","FilterValue":"","FilterOperator":"","InputFieldName":"businessLicense:Account.IsPersonAccount","MigrationKey":"","VlocityRecordSourceKey":"VlocityRecordSourceKey:0kdRO00000009nbYAA","IsUpsertKey":false,"LookupByFieldName":"","OutputFieldFormat":"","TransformValueMappings":"","Id":"0kdRO00000009nbYAA","OutputObjectName":"json"},{"MigrationPattern":"","InputObjectQuerySequence":"","FormulaResultPath":"","VlocityDataPackType":"SObject","FormulaSequence":"","LinkedFieldName":"","IsDisabled":false,"MigrationCategory":"","MigrationType":"","OutputFieldName":"AccountId","MigrationValue":"","FilterGroup":"","LinkedObjectSequence":"","GlobalKey":"5592701b-6c8c-4836-8d72-7751e95287bf","Name":"DRGetLicenseByNo","OutputCreationSequence":1,"DefaultValue":"","VlocityRecordSObjectType":"OmniDataTransformItem","LookupReturnedFieldName":"","IsRequiredForUpsert":false,"MigrationProcess":"","FilterDataType":"","VlocityDataPackIsIncluded":true,"InputObjectName":"","FormulaExpression":"","OmniDataTransformationId":{"VlocityRecordSObjectType":"OmniDataTransform","VlocityDataPackType":"VlocityMatchingKeyObject","VlocityMatchingRecordSourceKey":"VlocityRecordSourceKey:0jIRO00000003Gj2AI","Name":"DRGetLicenseByNo"},"LookupObjectName":"","MigrationAttribute":"","MigrationGroup":"","FilterValue":"","FilterOperator":"","InputFieldName":"businessLicense:AccountId","MigrationKey":"","VlocityRecordSourceKey":"VlocityRecordSourceKey:0kdRO00000009ncYAA","IsUpsertKey":false,"LookupByFieldName":"","OutputFieldFormat":"","TransformValueMappings":"","Id":"0kdRO00000009ncYAA","OutputObjectName":"json"},{"MigrationPattern":"","InputObjectQuerySequence":"","FormulaResultPath":"","VlocityDataPackType":"SObject","FormulaSequence":"","LinkedFieldName":"","IsDisabled":false,"MigrationCategory":"","MigrationType":"","OutputFieldName":"BusinessTypeName","MigrationValue":"","FilterGroup":"","LinkedObjectSequence":"","GlobalKey":"560f453b-a33a-49ba-8838-1b89626b1199","Name":"DRGetLicenseByNo","OutputCreationSequence":1,"DefaultValue":"","VlocityRecordSObjectType":"OmniDataTransformItem","LookupReturnedFieldName":"","IsRequiredForUpsert":false,"MigrationProcess":"","FilterDataType":"","VlocityDataPackIsIncluded":true,"InputObjectName":"","FormulaExpression":"","OmniDataTransformationId":{"VlocityRecordSObjectType":"OmniDataTransform","VlocityDataPackType":"VlocityMatchingKeyObject","VlocityMatchingRecordSourceKey":"VlocityRecordSourceKey:0jIRO00000003Gj2AI","Name":"DRGetLicenseByNo"},"LookupObjectName":"","MigrationAttribute":"","MigrationGroup":"","FilterValue":"","FilterOperator":"","InputFieldName":"businessLicense:BusinessType.Name","MigrationKey":"","VlocityRecordSourceKey":"VlocityRecordSourceKey:0kdRO00000009ndYAA","IsUpsertKey":false,"LookupByFieldName":"","OutputFieldFormat":"","TransformValueMappings":"","Id":"0kdRO00000009ndYAA","OutputObjectName":"json"},{"MigrationPattern":"","InputObjectQuerySequence":"","FormulaResultPath":"","VlocityDataPackType":"SObject","FormulaSequence":"","LinkedFieldName":"","IsDisabled":false,"MigrationCategory":"","MigrationType":"","OutputFieldName":"Address","MigrationValue":"","FilterGroup":"","LinkedObjectSequence":"","GlobalKey":"bfbf88c5-2513-4f47-a099-49dbf2e28ad7","Name":"DRGetLicenseByNo","OutputCreationSequence":1,"DefaultValue":"","VlocityRecordSObjectType":"OmniDataTransformItem","LookupReturnedFieldName":"","IsRequiredForUpsert":false,"MigrationProcess":"","FilterDataType":"","VlocityDataPackIsIncluded":true,"InputObjectName":"","FormulaExpression":"","OmniDataTransformationId":{"VlocityRecordSObjectType":"OmniDataTransform","VlocityDataPackType":"VlocityMatchingKeyObject","VlocityMatchingRecordSourceKey":"VlocityRecordSourceKey:0jIRO00000003Gj2AI","Name":"DRGetLicenseByNo"},"LookupObjectName":"","MigrationAttribute":"","MigrationGroup":"","FilterValue":"","FilterOperator":"","InputFieldName":"businessLicense:FullAddress","MigrationKey":"","VlocityRecordSourceKey":"VlocityRecordSourceKey:0kdRO00000009neYAA","IsUpsertKey":false,"LookupByFieldName":"","OutputFieldFormat":"","TransformValueMappings":"","Id":"0kdRO00000009neYAA","OutputObjectName":"json"},{"MigrationPattern":"","InputObjectQuerySequence":1,"FormulaResultPath":"","VlocityDataPackType":"SObject","FormulaSequence":"","LinkedFieldName":"","IsDisabled":false,"MigrationCategory":"","MigrationType":"","OutputFieldName":"businessLicense","MigrationValue":"","FilterGroup":0,"LinkedObjectSequence":"","GlobalKey":"c428aede-0e2d-4e40-95bf-baf3748e9df1","Name":"DRGetLicenseByNo","OutputCreationSequence":0,"DefaultValue":"","VlocityRecordSObjectType":"OmniDataTransformItem","LookupReturnedFieldName":"","IsRequiredForUpsert":false,"MigrationProcess":"","FilterDataType":"","VlocityDataPackIsIncluded":true,"InputObjectName":"BusinessLicense","FormulaExpression":"","OmniDataTransformationId":{"VlocityRecordSObjectType":"OmniDataTransform","VlocityDataPackType":"VlocityMatchingKeyObject","VlocityMatchingRecordSourceKey":"VlocityRecordSourceKey:0jIRO00000003Gj2AI","Name":"DRGetLicenseByNo"},"LookupObjectName":"","MigrationAttribute":"","MigrationGroup":"","FilterValue":"1","FilterOperator":"LIMIT","MigrationKey":"","InputFieldName":"","VlocityRecordSourceKey":"VlocityRecordSourceKey:0kdRO00000009nfYAA","IsUpsertKey":false,"LookupByFieldName":"","OutputFieldFormat":"","TransformValueMappings":"","Id":"0kdRO00000009nfYAA","OutputObjectName":"json"},{"MigrationPattern":"","InputObjectQuerySequence":2,"FormulaResultPath":"","VlocityDataPackType":"SObject","FormulaSequence":"","LinkedFieldName":"","IsDisabled":false,"MigrationCategory":"","MigrationType":"","OutputFieldName":"businessLicense:businessProfile","MigrationValue":"","FilterGroup":0,"LinkedObjectSequence":"","GlobalKey":"44c15ae3-73b7-434f-b1b6-e9830a8ae857","Name":"DRGetLicenseByNo","OutputCreationSequence":0,"DefaultValue":"","VlocityRecordSObjectType":"OmniDataTransformItem","LookupReturnedFieldName":"","IsRequiredForUpsert":false,"MigrationProcess":"","FilterDataType":"","VlocityDataPackIsIncluded":true,"InputObjectName":"BusinessProfile","FormulaExpression":"","OmniDataTransformationId":{"VlocityRecordSObjectType":"OmniDataTransform","VlocityDataPackType":"VlocityMatchingKeyObject","VlocityMatchingRecordSourceKey":"VlocityRecordSourceKey:0jIRO00000003Gj2AI","Name":"DRGetLicenseByNo"},"LookupObjectName":"","MigrationAttribute":"","MigrationGroup":"","FilterValue":"businessLicense:AccountId","FilterOperator":"=","InputFieldName":"AccountId","MigrationKey":"","VlocityRecordSourceKey":"VlocityRecordSourceKey:0kdRO00000009ngYAA","IsUpsertKey":false,"LookupByFieldName":"","OutputFieldFormat":"","TransformValueMappings":"","Id":"0kdRO00000009ngYAA","OutputObjectName":"json"}],"VlocityDataPackIsIncluded":true,"PreviewSourceObjectData":"","OutputType":"JSON","BatchSize":200,"PreviewJsonData":"{\"searchTerm\":\"103080\"}","IsRollbackOnError":false,"ResponseCacheType":"","IsNullInputsIncludedInOutput":false,"VersionNumber":1,"Namespace":"","OutputParsingClass":"","Type":"Extract","IsErrorIgnored":false,"ExpectedInputJson":"{\"vlcTimeTracking\":{\"LicenseNumber\":null,\"IndividualLicense\":null,\"BusinessLicense\":null},\"vlcPersistentComponent\":{},\"userTimeZone\":null,\"userProfile\":null,\"userName\":null,\"userId\":null,\"timeStamp\":null,\"ContextId\":null,\"LicenseNumber\":{},\"IndividualLicense\":{},\"BusinessLicense\":{}}","VlocityRecordSourceKey":"VlocityRecordSourceKey:0jIRO00000003Gj2AI","ExpectedInputXml":"","RequiredPermission":"","PreviewXmlData":"","InputType":"JSON","Id":"0jIRO00000003Gj2AI","ResponseCacheTtlMinutes":"","UniqueName":"DRGetLicenseByNo_1","TargetOutputFileName":"","IsFieldLevelSecurityEnabled":false,"PreprocessorClassName":""}],"Id":"DRGetLicenseByNo","VlocityDataPackRelationshipType":"Sibling","VlocityDataPackLabel":"Data Mapper","VlocityDataPackType":"DataRaptor","VlocityDataPackKey":"12f540bb30e9336867af8192491e24ac","VlocityDataPackIsIncluded":true},"VlocityDataPackAllRelationships":{"a59822df3dc5e5526e7bff30aa644ca4":"Reference by Name"},"DataPackAttachmentSize":16968,"DataPackAttachmentParentId":"0ncRO00000001dhYAA","DataPackAttachmentId":"00PRO000000JDpb2AG","ActivationStatus":"NA"}],"dataPackId":"0ncRO00000001dhYAA","alreadyExportedKeys":[],"name":"LicenseSearch","version":1}