{"useVlocityTriggers":true,"status":"Complete","processMultiple":true,"primaryDataPackType":"FlexCard","primaryDataPackKey":"1f90931bc6f251e1ea5ce9731c13d487","maxDepth":-1,"isChunked":false,"ignoreAllErrors":false,"forceQueueable":false,"forceOldDataModel":null,"dataPacks":[{"VlocityPrimarySourceId":"0koRO00000006FJYAY","VlocityPreviousPageKey":null,"VlocityMultiPackParentKey":null,"VlocityDepthFromPrimary":0,"VlocityDataPackType":"FlexCard","VlocityDataPackStatus":"Success","VlocityDataPackRelationshipType":"Primary","VlocityDataPackRecords":[],"VlocityDataPackParents":[],"VlocityDataPackName":"CreateContactFlyoutLongIntake","VlocityDataPackMessage":null,"VlocityDataPackLabel":"FlexCard","VlocityDataPackKey":"1f90931bc6f251e1ea5ce9731c13d487","VlocityDataPackIsNotSupported":false,"VlocityDataPackIsIncluded":true,"VlocityDataPackData":{"Id":"0koRO00000006FJYAY","VlocityDataPackRelationshipType":"Primary","VlocityDataPackLabel":"FlexCard","OmniUiCard":[{"Description":"","AuthorName":"cintake1","OmniUiCardKey":"CreateContactFlyoutLongIntake/cintake1/1.0","OverrideKey":"","IsActive":true,"DataSourceConfig":"{\"dataSource\":{\"type\":\"\",\"value\":{},\"orderBy\":{},\"contextVariables\":[]}}","VlocityDataPackType":"SObject","SampleDataSourceResponse":"","ClonedFromOmniUiCardKey":"","VersionNumber":1,"Namespace":"","Name":"CreateContactFlyoutLongIntake","IsTrackingEnabled":false,"VlocityRecordSObjectType":"OmniUiCard","VlocityRecordSourceKey":"VlocityRecordSourceKey:0koRO00000006FJYAY","PropertySetConfig":"{\"states\":[{\"fields\":[],\"conditions\":{\"id\":\"state-condition-object\",\"isParent\":true,\"group\":[]},\"definedActions\":{\"actions\":[]},\"name\":\"Active\",\"isSmartAction\":false,\"smartAction\":{},\"styleObject\":{\"padding\":[{\"type\":\"around\",\"size\":\"x-small\"}],\"margin\":[{\"type\":\"around\",\"size\":\"none\"}],\"container\":{\"class\":\"slds-card\"},\"size\":{\"isResponsive\":false,\"default\":\"12\"},\"sizeClass\":\"slds-size_12-of-12\",\"class\":\"slds-card slds-p-around_x-small slds-m-bottom_x-small\"},\"components\":{\"layer-0\":{\"children\":[{\"name\":\"Custom LWC\",\"element\":\"customLwc\",\"size\":{\"isResponsive\":false,\"default\":\"12\"},\"stateIndex\":0,\"class\":\"slds-col \",\"property\":{\"customlwcname\":\"createContactLongIntake\"},\"type\":\"element\",\"styleObject\":{\"sizeClass\":\"slds-size_12-of-12\"},\"elementLabel\":\"CreateContactFlyoutLongIntake\",\"userUpdatedElementLabel\":true}]}},\"childCards\":[],\"actions\":[],\"omniscripts\":[],\"documents\":[]}],\"dataSource\":{\"type\":\"\",\"value\":{},\"orderBy\":{},\"contextVariables\":[]},\"title\":\"CreateContactFlyoutLongIntake\",\"enableLwc\":true,\"isFlex\":true,\"theme\":\"slds\",\"selectableMode\":\"Multi\",\"lwc\":{\"DeveloperName\":\"cfCreateContactFlyoutLongIntake_1_cintake1\",\"Id\":\"0RbRO0000002MvX0AU\",\"MasterLabel\":\"cfCreateContactFlyoutLongIntake_1_cintake1\",\"NamespacePrefix\":\"c\",\"ManageableState\":\"unmanaged\"}}","OmniUiCardType":"Child","Id":"0koRO00000006FJYAY","VlocityDataPackIsIncluded":true,"StylingConfiguration":"","UniqueName":""}],"VlocityDataPackType":"FlexCard","VlocityDataPackKey":"1f90931bc6f251e1ea5ce9731c13d487"},"VlocityDataPackAllRelationships":{},"DataPackAttachmentSize":3117,"DataPackAttachmentParentId":"0ncRO0000000IT4YAM","DataPackAttachmentId":"00PRO000000VSIF2A4","ActivationStatus":"Ready"}],"dataPackId":"0ncRO0000000IT4YAM","alreadyExportedKeys":[],"name":"CreateContactFlyoutLongIntake","description":"","version":1,"Status":"Complete"}