{"useVlocityTriggers":true,"status":"Complete","processMultiple":true,"primaryDataPackType":"FlexCard","primaryDataPackKey":"c45c0c0a1158a56d44a0fa565dade712","maxDepth":-1,"isChunked":false,"ignoreAllErrors":false,"forceQueueable":false,"forceOldDataModel":null,"dataPacks":[{"VlocityPrimarySourceId":"0koRO00000006FEYAY","VlocityPreviousPageKey":null,"VlocityMultiPackParentKey":null,"VlocityDepthFromPrimary":0,"VlocityDataPackType":"FlexCard","VlocityDataPackStatus":"Success","VlocityDataPackRelationshipType":"Primary","VlocityDataPackRecords":[],"VlocityDataPackParents":[],"VlocityDataPackName":"CreateAccountFlyoutLongIntake","VlocityDataPackMessage":null,"VlocityDataPackLabel":"FlexCard","VlocityDataPackKey":"c45c0c0a1158a56d44a0fa565dade712","VlocityDataPackIsNotSupported":false,"VlocityDataPackIsIncluded":true,"VlocityDataPackData":{"Id":"0koRO00000006FEYAY","VlocityDataPackRelationshipType":"Primary","VlocityDataPackLabel":"FlexCard","OmniUiCard":[{"Description":"","AuthorName":"cintake1","OmniUiCardKey":"CreateAccountFlyoutLongIntake/cintake1/1.0","OverrideKey":"","IsActive":true,"DataSourceConfig":"{\"dataSource\":{\"type\":\"\",\"value\":{},\"orderBy\":{},\"contextVariables\":[]}}","VlocityDataPackType":"SObject","SampleDataSourceResponse":"","ClonedFromOmniUiCardKey":"","VersionNumber":1,"Namespace":"","Name":"CreateAccountFlyoutLongIntake","IsTrackingEnabled":false,"VlocityRecordSObjectType":"OmniUiCard","VlocityRecordSourceKey":"VlocityRecordSourceKey:0koRO00000006FEYAY","PropertySetConfig":"{\"states\":[{\"fields\":[],\"conditions\":{\"id\":\"state-condition-object\",\"isParent\":true,\"group\":[]},\"definedActions\":{\"actions\":[]},\"name\":\"Active\",\"isSmartAction\":false,\"smartAction\":{},\"styleObject\":{\"padding\":[{\"type\":\"around\",\"size\":\"x-small\"}],\"margin\":[{\"type\":\"around\",\"size\":\"none\"}],\"container\":{\"class\":\"slds-card\"},\"size\":{\"isResponsive\":false,\"default\":\"12\"},\"sizeClass\":\"slds-size_12-of-12\",\"class\":\"slds-card slds-p-around_x-small slds-m-bottom_x-small\"},\"components\":{\"layer-0\":{\"children\":[{\"name\":\"Custom LWC\",\"element\":\"customLwc\",\"size\":{\"isResponsive\":false,\"default\":\"12\"},\"stateIndex\":0,\"class\":\"slds-col \",\"property\":{\"customlwcname\":\"createAccountLongIntake\"},\"type\":\"element\",\"styleObject\":{\"sizeClass\":\"slds-size_12-of-12\"},\"elementLabel\":\"CreateAccountLongIntake\",\"userUpdatedElementLabel\":true}]}},\"childCards\":[],\"actions\":[],\"omniscripts\":[],\"documents\":[]}],\"dataSource\":{\"type\":\"\",\"value\":{},\"orderBy\":{},\"contextVariables\":[]},\"title\":\"CreateAccountFlyoutLongIntake\",\"enableLwc\":true,\"isFlex\":true,\"theme\":\"slds\",\"selectableMode\":\"Multi\",\"lwc\":{\"DeveloperName\":\"cfCreateAccountFlyoutLongIntake_1_cintake1\",\"Id\":\"0RbRO0000002MvN0AU\",\"MasterLabel\":\"cfCreateAccountFlyoutLongIntake_1_cintake1\",\"NamespacePrefix\":\"c\",\"ManageableState\":\"unmanaged\"}}","OmniUiCardType":"Child","Id":"0koRO00000006FEYAY","VlocityDataPackIsIncluded":true,"StylingConfiguration":"","UniqueName":""}],"VlocityDataPackType":"FlexCard","VlocityDataPackKey":"c45c0c0a1158a56d44a0fa565dade712"},"VlocityDataPackAllRelationships":{},"DataPackAttachmentSize":3111,"DataPackAttachmentParentId":"0ncRO0000000ISkYAM","DataPackAttachmentId":"00PRO000000VSHv2AO","ActivationStatus":"Ready"}],"dataPackId":"0ncRO0000000ISkYAM","alreadyExportedKeys":[],"name":"CreateAccountFlyoutLongIntake","description":"","version":1,"Status":"Complete"}