
{"useVlocityTriggers":true,"status":"Complete","processMultiple":true,"primaryDataPackType":"Integration Procedure","primaryDataPackKey":"e9924269b1b94ba73859819d28cd3e4b","maxDepth":-1,"isChunked":false,"ignoreAllErrors":false,"forceQueueable":false,"dataPacks":[{"VlocityPrimarySourceId":"a3bR00000004HnbIAE","VlocityPreviousPageKey":null,"VlocityMultiPackParentKey":null,"VlocityDepthFromPrimary":0,"VlocityDataPackType":"IntegrationProcedure","VlocityDataPackStatus":"Success","VlocityDataPackRelationshipType":"Primary","VlocityDataPackRecords":[],"VlocityDataPackParents":[],"VlocityDataPackName":"IPViolationFeeCalculator","VlocityDataPackMessage":null,"VlocityDataPackLabel":"Integration Procedure","VlocityDataPackKey":"e9924269b1b94ba73859819d28cd3e4b","VlocityDataPackIsNotSupported":false,"VlocityDataPackIsIncluded":true,"VlocityDataPackData":{"VlocityDataPackRelationshipType":"Primary","VlocityDataPackKey":"e9924269b1b94ba73859819d28cd3e4b","VlocityDataPackLabel":"Integration Procedure","VlocityDataPackType":"IntegrationProcedure","Id":"a3bR00000004HnbIAE","%vlocity_namespace%__OmniScript__c":[{"Id":"a3bR00000004HnbIAE","Name":"IPViolationFeeCalculator","%vlocity_namespace%__CustomJavaScript__c":"{\n    \"Id\": \"0fgB0000000PAtVIAW\"\n}","%vlocity_namespace%__DisableMetadataCache__c":false,"%vlocity_namespace%__ElementTypeToHTMLTemplateList__c":"{\"ElementTypeToHTMLTemplateList\":[]}","%vlocity_namespace%__IsLwcEnabled__c":false,"%vlocity_namespace%__IsProcedure__c":true,"%vlocity_namespace%__IsReusable__c":false,"%vlocity_namespace%__IsTest__c":false,"%vlocity_namespace%__Language__c":"Procedure","%vlocity_namespace%__LwcId__c":"2023fc4d-348e-dc0b-2658-440b9a53ae76","%vlocity_namespace%__OmniProcessType__c":"Integration Procedure","%vlocity_namespace%__ProcedureKey__c":"ViolationFee_Calculator","%vlocity_namespace%__PropertySet__c":"{\"linkToExternalObject\":\"\",\"trackingCustomData\":{},\"includeAllActionsInResponse\":false,\"columnsPropertyMap\":[],\"relationshipFieldsMap\":[],\"labelSingular\":\"\",\"labelPlural\":\"\",\"description\":\"\",\"nameColumn\":\"\",\"rollbackOnError\":false,\"chainableQueriesLimit\":50,\"chainableDMLStatementsLimit\":null,\"chainableCpuLimit\":2000,\"chainableHeapSizeLimit\":null,\"chainableDMLRowsLimit\":null,\"chainableQueryRowsLimit\":null,\"chainableSoslQueriesLimit\":null,\"chainableActualTimeLimit\":null,\"additionalChainableResponse\":{},\"queueableChainableQueriesLimit\":120,\"queueableChainableCpuLimit\":40000,\"queueableChainableHeapSizeLimit\":6,\"ttlMinutes\":5,\"mockResponseMap\":{}}","%vlocity_namespace%__SubType__c":"Calculator","%vlocity_namespace%__Type__c":"ViolationFee","%vlocity_namespace%__Version__c":1,"%vlocity_namespace%__IsActive__c":true,"%vlocity_namespace%__Element__c":[{"Id":"a20R00000004Hr5IAE","Name":"HasViolationFee","%vlocity_namespace%__OmniScriptId__c":{"Name":"IPViolationFeeCalculator","VlocityRecordSObjectType":"%vlocity_namespace%__OmniScript__c","VlocityDataPackType":"VlocityMatchingKeyObject","VlocityMatchingRecordSourceKey":"VlocityRecordSourceKey:a3bR00000004HnbIAE"},"%vlocity_namespace%__Active__c":true,"%vlocity_namespace%__Level__c":1,"%vlocity_namespace%__OmniScriptVersion__c":1,"%vlocity_namespace%__Order__c":2,"%vlocity_namespace%__ParentElementId__c":{"Name":"IsSubsequentOccurence","%vlocity_namespace%__OmniScriptId__c":{"Name":"IPViolationFeeCalculator","VlocityRecordSObjectType":"%vlocity_namespace%__OmniScript__c","VlocityDataPackType":"VlocityMatchingKeyObject","VlocityMatchingRecordSourceKey":"VlocityRecordSourceKey:a3bR00000004HnbIAE"},"VlocityRecordSObjectType":"%vlocity_namespace%__Element__c","VlocityDataPackType":"VlocityMatchingKeyObject","VlocityMatchingRecordSourceKey":"VlocityRecordSourceKey:a20R00000004Hr6IAE"},"%vlocity_namespace%__ParentElementName__c":"IsSubsequentOccurence","%vlocity_namespace%__ParentElementType__c":"Conditional Block","%vlocity_namespace%__PropertySet__c":"{\"executionConditionalFormula\":\"=SUM(ViolationFee:amount)>0\",\"isIfElseBlock\":false,\"show\":null,\"label\":\"ConditionalBlock1\",\"disOnTplt\":false}","%vlocity_namespace%__ReusableOmniScript__c":false,"%vlocity_namespace%__Type__c":"Conditional Block","VlocityRecordSObjectType":"%vlocity_namespace%__Element__c","VlocityDataPackType":"SObject","VlocityRecordSourceKey":"VlocityRecordSourceKey:a20R00000004Hr5IAE","VlocityDataPackIsIncluded":true,"%vlocity_namespace%__InternalNotes__c":"","%vlocity_namespace%__SearchKey__c":""},{"Id":"a20R00000004Hr6IAE","Name":"IsSubsequentOccurence","%vlocity_namespace%__OmniScriptId__c":{"Name":"IPViolationFeeCalculator","VlocityRecordSObjectType":"%vlocity_namespace%__OmniScript__c","VlocityDataPackType":"VlocityMatchingKeyObject","VlocityMatchingRecordSourceKey":"VlocityRecordSourceKey:a3bR00000004HnbIAE"},"%vlocity_namespace%__Active__c":true,"%vlocity_namespace%__Level__c":0,"%vlocity_namespace%__OmniScriptVersion__c":1,"%vlocity_namespace%__Order__c":3,"%vlocity_namespace%__PropertySet__c":"{\"executionConditionalFormula\":\"=(InputValuesForFee:occurrence > 0)\",\"isIfElseBlock\":false,\"show\":null,\"label\":\"ConditionalBlock2\",\"disOnTplt\":false}","%vlocity_namespace%__ReusableOmniScript__c":false,"%vlocity_namespace%__Type__c":"Conditional Block","VlocityRecordSObjectType":"%vlocity_namespace%__Element__c","VlocityDataPackType":"SObject","VlocityRecordSourceKey":"VlocityRecordSourceKey:a20R00000004Hr6IAE","VlocityDataPackIsIncluded":true,"%vlocity_namespace%__InternalNotes__c":"","%vlocity_namespace%__ParentElementId__c":"","%vlocity_namespace%__SearchKey__c":""},{"Id":"a20R00000004Hr7IAE","Name":"FetchVEADetails","%vlocity_namespace%__OmniScriptId__c":{"Name":"IPViolationFeeCalculator","VlocityRecordSObjectType":"%vlocity_namespace%__OmniScript__c","VlocityDataPackType":"VlocityMatchingKeyObject","VlocityMatchingRecordSourceKey":"VlocityRecordSourceKey:a3bR00000004HnbIAE"},"%vlocity_namespace%__Active__c":true,"%vlocity_namespace%__Level__c":0,"%vlocity_namespace%__OmniScriptVersion__c":1,"%vlocity_namespace%__Order__c":1,"%vlocity_namespace%__PropertySet__c":"{\"executionConditionalFormula\":\"\",\"failureConditionalFormula\":\"\",\"failOnStepError\":true,\"useFormulas\":true,\"additionalInput\":{},\"additionalOutput\":{},\"failureResponse\":{},\"sendOnlyAdditionalInput\":false,\"returnOnlyAdditionalOutput\":false,\"returnOnlyFailureResponse\":false,\"responseJSONPath\":\"\",\"responseJSONNode\":\"\",\"sendJSONPath\":\"\",\"sendJSONNode\":\"\",\"bundle\":\"DRFetchVEADetailsForRTF\",\"dataRaptor Input Parameters\":[],\"chainOnStep\":false,\"actionMessage\":\"\",\"ignoreCache\":false,\"show\":null,\"label\":\"DataRaptorExtractAction1\",\"disOnTplt\":false}","%vlocity_namespace%__ReusableOmniScript__c":false,"%vlocity_namespace%__Type__c":"DataRaptor Extract Action","VlocityRecordSObjectType":"%vlocity_namespace%__Element__c","VlocityDataPackType":"SObject","VlocityRecordSourceKey":"VlocityRecordSourceKey:a20R00000004Hr7IAE","VlocityDataPackIsIncluded":true,"%vlocity_namespace%__InternalNotes__c":"","%vlocity_namespace%__ParentElementId__c":"","%vlocity_namespace%__SearchKey__c":""},{"Id":"a20R00000004Hr8IAE","Name":"InputValuesForFee","%vlocity_namespace%__OmniScriptId__c":{"Name":"IPViolationFeeCalculator","VlocityRecordSObjectType":"%vlocity_namespace%__OmniScript__c","VlocityDataPackType":"VlocityMatchingKeyObject","VlocityMatchingRecordSourceKey":"VlocityRecordSourceKey:a3bR00000004HnbIAE"},"%vlocity_namespace%__Active__c":true,"%vlocity_namespace%__Level__c":0,"%vlocity_namespace%__OmniScriptVersion__c":1,"%vlocity_namespace%__Order__c":2,"%vlocity_namespace%__PropertySet__c":"{\"executionConditionalFormula\":\"\",\"failureConditionalFormula\":\"\",\"failOnStepError\":true,\"elementValueMap\":{\"occurrence\":\"=SUM(SUM(%FetchVEADetails:SimilarViolationEnforcementAction:PlaceHolder%),-1)\",\"section\":\"%FetchVEADetails:RegulatoryCodeViolation:Section%\"},\"responseJSONPath\":\"\",\"responseJSONNode\":\"\",\"chainOnStep\":false,\"actionMessage\":\"\",\"show\":null,\"label\":\"SetValues2\",\"disOnTplt\":false}","%vlocity_namespace%__ReusableOmniScript__c":false,"%vlocity_namespace%__Type__c":"Set Values","VlocityRecordSObjectType":"%vlocity_namespace%__Element__c","VlocityDataPackType":"SObject","VlocityRecordSourceKey":"VlocityRecordSourceKey:a20R00000004Hr8IAE","VlocityDataPackIsIncluded":true,"%vlocity_namespace%__InternalNotes__c":"","%vlocity_namespace%__ParentElementId__c":"","%vlocity_namespace%__SearchKey__c":""},{"Id":"a20R00000004Hr9IAE","Name":"ViolationFee","%vlocity_namespace%__OmniScriptId__c":{"Name":"IPViolationFeeCalculator","VlocityRecordSObjectType":"%vlocity_namespace%__OmniScript__c","VlocityDataPackType":"VlocityMatchingKeyObject","VlocityMatchingRecordSourceKey":"VlocityRecordSourceKey:a3bR00000004HnbIAE"},"%vlocity_namespace%__Active__c":true,"%vlocity_namespace%__Level__c":1,"%vlocity_namespace%__OmniScriptVersion__c":1,"%vlocity_namespace%__Order__c":1,"%vlocity_namespace%__ParentElementId__c":{"Name":"IsSubsequentOccurence","%vlocity_namespace%__OmniScriptId__c":{"Name":"IPViolationFeeCalculator","VlocityRecordSObjectType":"%vlocity_namespace%__OmniScript__c","VlocityDataPackType":"VlocityMatchingKeyObject","VlocityMatchingRecordSourceKey":"VlocityRecordSourceKey:a3bR00000004HnbIAE"},"VlocityRecordSObjectType":"%vlocity_namespace%__Element__c","VlocityDataPackType":"VlocityMatchingKeyObject","VlocityMatchingRecordSourceKey":"VlocityRecordSourceKey:a20R00000004Hr6IAE"},"%vlocity_namespace%__ParentElementName__c":"IsSubsequentOccurence","%vlocity_namespace%__ParentElementType__c":"Conditional Block","%vlocity_namespace%__PropertySet__c":"{\"executionConditionalFormula\":\"\",\"failureConditionalFormula\":\"\",\"failOnStepError\":true,\"useFormulas\":true,\"additionalOutput\":{},\"failureResponse\":{},\"returnOnlyAdditionalOutput\":false,\"returnOnlyFailureResponse\":false,\"matrix Input Parameters\":[{\"value\":\"section\",\"name\":\"InputValuesForFee:section\"},{\"value\":\"occurrence\",\"name\":\"InputValuesForFee:occurrence\"}],\"remoteOptions\":{\"matrixName\":\"CMViolationFee\"},\"responseJSONPath\":\"\",\"responseJSONNode\":\"\",\"sendJSONPath\":\"Values\",\"sendJSONNode\":\"Values\",\"defaultMatrixResult\":{},\"chainOnStep\":false,\"actionMessage\":\"\",\"show\":null,\"label\":\"MatrixAction1\",\"disOnTplt\":false}","%vlocity_namespace%__ReusableOmniScript__c":false,"%vlocity_namespace%__Type__c":"Matrix Action","VlocityRecordSObjectType":"%vlocity_namespace%__Element__c","VlocityDataPackType":"SObject","VlocityRecordSourceKey":"VlocityRecordSourceKey:a20R00000004Hr9IAE","VlocityDataPackIsIncluded":true,"%vlocity_namespace%__InternalNotes__c":"","%vlocity_namespace%__SearchKey__c":""},{"Id":"a20R00000004HrAIAU","Name":"CreateRTF","%vlocity_namespace%__OmniScriptId__c":{"Name":"IPViolationFeeCalculator","VlocityRecordSObjectType":"%vlocity_namespace%__OmniScript__c","VlocityDataPackType":"VlocityMatchingKeyObject","VlocityMatchingRecordSourceKey":"VlocityRecordSourceKey:a3bR00000004HnbIAE"},"%vlocity_namespace%__Active__c":true,"%vlocity_namespace%__Level__c":2,"%vlocity_namespace%__OmniScriptVersion__c":1,"%vlocity_namespace%__Order__c":2,"%vlocity_namespace%__ParentElementId__c":{"Name":"HasViolationFee","%vlocity_namespace%__OmniScriptId__c":{"Name":"IPViolationFeeCalculator","VlocityRecordSObjectType":"%vlocity_namespace%__OmniScript__c","VlocityDataPackType":"VlocityMatchingKeyObject","VlocityMatchingRecordSourceKey":"VlocityRecordSourceKey:a3bR00000004HnbIAE"},"VlocityRecordSObjectType":"%vlocity_namespace%__Element__c","VlocityDataPackType":"VlocityMatchingKeyObject","VlocityMatchingRecordSourceKey":"VlocityRecordSourceKey:a20R00000004Hr5IAE"},"%vlocity_namespace%__ParentElementName__c":"HasViolationFee","%vlocity_namespace%__ParentElementType__c":"Conditional Block","%vlocity_namespace%__PropertySet__c":"{\"executionConditionalFormula\":\"\",\"failureConditionalFormula\":\"\",\"failOnStepError\":true,\"useFormulas\":true,\"additionalInput\":{},\"additionalOutput\":{},\"failureResponse\":{},\"sendOnlyAdditionalInput\":false,\"returnOnlyAdditionalOutput\":false,\"returnOnlyFailureResponse\":false,\"responseJSONPath\":\"\",\"responseJSONNode\":\"\",\"sendJSONPath\":\"InputValuesForRTF\",\"sendJSONNode\":\"\",\"bundle\":\"DRCreateRTFEnforcementAction\",\"chainOnStep\":false,\"actionMessage\":\"\",\"show\":null,\"label\":\"DataRaptorPostAction1\",\"disOnTplt\":false}","%vlocity_namespace%__ReusableOmniScript__c":false,"%vlocity_namespace%__Type__c":"DataRaptor Post Action","VlocityRecordSObjectType":"%vlocity_namespace%__Element__c","VlocityDataPackType":"SObject","VlocityRecordSourceKey":"VlocityRecordSourceKey:a20R00000004HrAIAU","VlocityDataPackIsIncluded":true,"%vlocity_namespace%__InternalNotes__c":"","%vlocity_namespace%__SearchKey__c":""},{"Id":"a20R00000004HrBIAU","Name":"InputValuesForRTF","%vlocity_namespace%__OmniScriptId__c":{"Name":"IPViolationFeeCalculator","VlocityRecordSObjectType":"%vlocity_namespace%__OmniScript__c","VlocityDataPackType":"VlocityMatchingKeyObject","VlocityMatchingRecordSourceKey":"VlocityRecordSourceKey:a3bR00000004HnbIAE"},"%vlocity_namespace%__Active__c":true,"%vlocity_namespace%__Level__c":2,"%vlocity_namespace%__OmniScriptVersion__c":1,"%vlocity_namespace%__Order__c":1,"%vlocity_namespace%__ParentElementId__c":{"Name":"HasViolationFee","%vlocity_namespace%__OmniScriptId__c":{"Name":"IPViolationFeeCalculator","VlocityRecordSObjectType":"%vlocity_namespace%__OmniScript__c","VlocityDataPackType":"VlocityMatchingKeyObject","VlocityMatchingRecordSourceKey":"VlocityRecordSourceKey:a3bR00000004HnbIAE"},"VlocityRecordSObjectType":"%vlocity_namespace%__Element__c","VlocityDataPackType":"VlocityMatchingKeyObject","VlocityMatchingRecordSourceKey":"VlocityRecordSourceKey:a20R00000004Hr5IAE"},"%vlocity_namespace%__ParentElementName__c":"HasViolationFee","%vlocity_namespace%__ParentElementType__c":"Conditional Block","%vlocity_namespace%__PropertySet__c":"{\"executionConditionalFormula\":\"\",\"failureConditionalFormula\":\"\",\"failOnStepError\":true,\"elementValueMap\":{\"accountId\":\"%FetchVEADetails:AccountId%\",\"violationEnforcementActionId\":\"%Id%\",\"charges\":{\"name\":\"Violation Fee\",\"amount\":\"%ViolationFee:amount%\"}},\"responseJSONPath\":\"\",\"responseJSONNode\":\"\",\"chainOnStep\":false,\"actionMessage\":\"\",\"show\":null,\"label\":\"SetValues2\",\"disOnTplt\":false}","%vlocity_namespace%__ReusableOmniScript__c":false,"%vlocity_namespace%__Type__c":"Set Values","VlocityRecordSObjectType":"%vlocity_namespace%__Element__c","VlocityDataPackType":"SObject","VlocityRecordSourceKey":"VlocityRecordSourceKey:a20R00000004HrBIAU","VlocityDataPackIsIncluded":true,"%vlocity_namespace%__InternalNotes__c":"","%vlocity_namespace%__SearchKey__c":""}],"VlocityRecordSObjectType":"%vlocity_namespace%__OmniScript__c","VlocityDataPackType":"SObject","VlocityRecordSourceKey":"VlocityRecordSourceKey:a3bR00000004HnbIAE","VlocityDataPackIsIncluded":true,"%vlocity_namespace%__AdditionalInformation__c":"","%vlocity_namespace%__DataRaptorBundleId__c":"","%vlocity_namespace%__LastPreviewPage__c":"","%vlocity_namespace%__ProcedureResponseCacheType__c":"","%vlocity_namespace%__RequiredPermission__c":"","%vlocity_namespace%__TestHTMLTemplates__c":""}],"VlocityDataPackIsIncluded":true},"VlocityDataPackAllRelationships":{"ba8c1e0582431ca00d11eda52ba2183b":"Reference by Name","78bd34393ffe1946d8692a54d8681444":"Reference by Name","08a280f4551079be122cf0ea0edbc239":"Reference by Name"},"DataPackAttachmentSize":14356,"DataPackAttachmentParentId":"a6BR000000001WUMAY","DataPackAttachmentId":"00PR0000000K6T2MAK","ActivationStatus":"Ready"},{"VlocityPrimarySourceId":"a1dR00000006ta3IAA","VlocityPreviousPageKey":null,"VlocityMultiPackParentKey":null,"VlocityDepthFromPrimary":0,"VlocityDataPackType":"DataRaptor","VlocityDataPackStatus":"Success","VlocityDataPackRelationshipType":"Sibling","VlocityDataPackRecords":[],"VlocityDataPackParents":[],"VlocityDataPackName":"DRFetchVEADetailsForRTF","VlocityDataPackMessage":null,"VlocityDataPackLabel":"DataRaptor","VlocityDataPackKey":"ba8c1e0582431ca00d11eda52ba2183b","VlocityDataPackIsNotSupported":false,"VlocityDataPackIsIncluded":true,"VlocityDataPackData":{"VlocityDataPackRelationshipType":"Sibling","VlocityDataPackKey":"ba8c1e0582431ca00d11eda52ba2183b","VlocityDataPackLabel":"DataRaptor","VlocityDataPackType":"DataRaptor","Id":"DRFetchVEADetailsForRTF","%vlocity_namespace%__DRBundle__c":[{"Id":"a1dR00000006ta3IAA","Name":"DRFetchVEADetailsForRTF","%vlocity_namespace%__CheckFieldLevelSecurity__c":true,"%vlocity_namespace%__DRMapName__c":"DRFetchVEADetailsForRTF","%vlocity_namespace%__DeleteOnSuccess__c":false,"%vlocity_namespace%__IgnoreErrors__c":false,"%vlocity_namespace%__InputType__c":"JSON","%vlocity_namespace%__InterfaceObject__c":"json","%vlocity_namespace%__IsDefaultForInterface__c":false,"%vlocity_namespace%__IsProcessSuperBulk__c":false,"%vlocity_namespace%__OutputType__c":"JSON","%vlocity_namespace%__OverwriteAllNullValues__c":false,"%vlocity_namespace%__ProcessNowThreshold__c":-1,"%vlocity_namespace%__RollbackOnError__c":false,"%vlocity_namespace%__SampleInputJSON__c":"{\"Id\":\"0fgR0000000000kIAA\"}","%vlocity_namespace%__Type__c":"Extract","%vlocity_namespace%__UseAssignmentRules__c":false,"%vlocity_namespace%__UseTranslations__c":false,"%vlocity_namespace%__XmlRemoveDeclaration__c":false,"%vlocity_namespace%__DRMapItem__c":[{"Id":"a1fR00000000POwIAM","Name":"DRFetchVEADetailsForRTF","%vlocity_namespace%__DomainObjectAPIName__c":"json","%vlocity_namespace%__DomainObjectCreationOrder__c":0,"%vlocity_namespace%__DomainObjectFieldAPIName__c":"SiblingVisit","%vlocity_namespace%__FilterGroup__c":0,"%vlocity_namespace%__FilterOperator__c":"=","%vlocity_namespace%__FilterValue__c":"Visit:ContextId","%vlocity_namespace%__InterfaceFieldAPIName__c":"ContextId","%vlocity_namespace%__InterfaceObjectLookupOrder__c":4,"%vlocity_namespace%__InterfaceObjectName__c":"Visit","%vlocity_namespace%__IsDisabled__c":false,"%vlocity_namespace%__IsRequiredForUpsert__c":false,"%vlocity_namespace%__MapId__c":"DRFetchVEADetailsForRTFCustom9590","%vlocity_namespace%__UpsertKey__c":false,"VlocityRecordSObjectType":"%vlocity_namespace%__DRMapItem__c","VlocityDataPackType":"SObject","VlocityRecordSourceKey":"VlocityRecordSourceKey:a1fR00000000POwIAM","VlocityDataPackIsIncluded":true,"%vlocity_namespace%__ConfigurationAttribute__c":"","%vlocity_namespace%__ConfigurationCategory__c":"","%vlocity_namespace%__ConfigurationGroup__c":"","%vlocity_namespace%__ConfigurationKey__c":"","%vlocity_namespace%__ConfigurationPattern__c":"","%vlocity_namespace%__ConfigurationProcess__c":"","%vlocity_namespace%__ConfigurationType__c":"","%vlocity_namespace%__ConfigurationValue__c":"","%vlocity_namespace%__DefaultValue__c":"","%vlocity_namespace%__DisplayType__c":"","%vlocity_namespace%__DomainObjectFieldType__c":"","%vlocity_namespace%__FormulaOrder__c":"","%vlocity_namespace%__FormulaResultPath__c":"","%vlocity_namespace%__Formula__c":"","%vlocity_namespace%__GlobalKey__c":"","%vlocity_namespace%__LinkCreatedField__c":"","%vlocity_namespace%__LinkCreatedIndex__c":"","%vlocity_namespace%__LookupDomainObjectFieldName__c":"","%vlocity_namespace%__LookupDomainObjectName__c":"","%vlocity_namespace%__LookupDomainObjectRequestedFieldName__c":"","%vlocity_namespace%__TransformValuesMap__c":""},{"Id":"a1fR00000000POxIAM","Name":"DRFetchVEADetailsForRTF","%vlocity_namespace%__DomainObjectAPIName__c":"json","%vlocity_namespace%__DomainObjectCreationOrder__c":1,"%vlocity_namespace%__DomainObjectFieldAPIName__c":"RegulatoryCodeViolation:ViolationTypeId","%vlocity_namespace%__InterfaceFieldAPIName__c":"RegulatoryCodeViolation:ViolationTypeId","%vlocity_namespace%__IsDisabled__c":false,"%vlocity_namespace%__IsRequiredForUpsert__c":false,"%vlocity_namespace%__MapId__c":"DRFetchVEADetailsForRTFCustom2607","%vlocity_namespace%__UpsertKey__c":false,"VlocityRecordSObjectType":"%vlocity_namespace%__DRMapItem__c","VlocityDataPackType":"SObject","VlocityRecordSourceKey":"VlocityRecordSourceKey:a1fR00000000POxIAM","VlocityDataPackIsIncluded":true,"%vlocity_namespace%__ConfigurationAttribute__c":"","%vlocity_namespace%__ConfigurationCategory__c":"","%vlocity_namespace%__ConfigurationGroup__c":"","%vlocity_namespace%__ConfigurationKey__c":"","%vlocity_namespace%__ConfigurationPattern__c":"","%vlocity_namespace%__ConfigurationProcess__c":"","%vlocity_namespace%__ConfigurationType__c":"","%vlocity_namespace%__ConfigurationValue__c":"","%vlocity_namespace%__DefaultValue__c":"","%vlocity_namespace%__DisplayType__c":"","%vlocity_namespace%__DomainObjectFieldType__c":"","%vlocity_namespace%__FilterGroup__c":"","%vlocity_namespace%__FilterOperator__c":"","%vlocity_namespace%__FilterValue__c":"","%vlocity_namespace%__FormulaOrder__c":"","%vlocity_namespace%__FormulaResultPath__c":"","%vlocity_namespace%__Formula__c":"","%vlocity_namespace%__GlobalKey__c":"","%vlocity_namespace%__InterfaceObjectLookupOrder__c":"","%vlocity_namespace%__InterfaceObjectName__c":"","%vlocity_namespace%__LinkCreatedField__c":"","%vlocity_namespace%__LinkCreatedIndex__c":"","%vlocity_namespace%__LookupDomainObjectFieldName__c":"","%vlocity_namespace%__LookupDomainObjectName__c":"","%vlocity_namespace%__LookupDomainObjectRequestedFieldName__c":"","%vlocity_namespace%__TransformValuesMap__c":""},{"Id":"a1fR00000000POyIAM","Name":"DRFetchVEADetailsForRTF","%vlocity_namespace%__DomainObjectAPIName__c":"json","%vlocity_namespace%__DomainObjectCreationOrder__c":0,"%vlocity_namespace%__DomainObjectFieldAPIName__c":"SimilarRegulatoryCodeViolation","%vlocity_namespace%__FilterGroup__c":0,"%vlocity_namespace%__FilterOperator__c":"=","%vlocity_namespace%__FilterValue__c":"SiblingVisit:Id","%vlocity_namespace%__InterfaceFieldAPIName__c":"InspectionId","%vlocity_namespace%__InterfaceObjectLookupOrder__c":5,"%vlocity_namespace%__InterfaceObjectName__c":"RegulatoryCodeViolation","%vlocity_namespace%__IsDisabled__c":false,"%vlocity_namespace%__IsRequiredForUpsert__c":false,"%vlocity_namespace%__MapId__c":"DRFetchVEADetailsForRTFCustom6227","%vlocity_namespace%__UpsertKey__c":false,"VlocityRecordSObjectType":"%vlocity_namespace%__DRMapItem__c","VlocityDataPackType":"SObject","VlocityRecordSourceKey":"VlocityRecordSourceKey:a1fR00000000POyIAM","VlocityDataPackIsIncluded":true,"%vlocity_namespace%__ConfigurationAttribute__c":"","%vlocity_namespace%__ConfigurationCategory__c":"","%vlocity_namespace%__ConfigurationGroup__c":"","%vlocity_namespace%__ConfigurationKey__c":"","%vlocity_namespace%__ConfigurationPattern__c":"","%vlocity_namespace%__ConfigurationProcess__c":"","%vlocity_namespace%__ConfigurationType__c":"","%vlocity_namespace%__ConfigurationValue__c":"","%vlocity_namespace%__DefaultValue__c":"","%vlocity_namespace%__DisplayType__c":"","%vlocity_namespace%__DomainObjectFieldType__c":"","%vlocity_namespace%__FormulaOrder__c":"","%vlocity_namespace%__FormulaResultPath__c":"","%vlocity_namespace%__Formula__c":"","%vlocity_namespace%__GlobalKey__c":"","%vlocity_namespace%__LinkCreatedField__c":"","%vlocity_namespace%__LinkCreatedIndex__c":"","%vlocity_namespace%__LookupDomainObjectFieldName__c":"","%vlocity_namespace%__LookupDomainObjectName__c":"","%vlocity_namespace%__LookupDomainObjectRequestedFieldName__c":"","%vlocity_namespace%__TransformValuesMap__c":""},{"Id":"a1fR00000000POzIAM","Name":"DRFetchVEADetailsForRTF","%vlocity_namespace%__DomainObjectAPIName__c":"json","%vlocity_namespace%__DomainObjectCreationOrder__c":1,"%vlocity_namespace%__DomainObjectFieldAPIName__c":"SimilarViolationEnforcementAction:Name","%vlocity_namespace%__InterfaceFieldAPIName__c":"SimilarViolationEnforcementAction:SystemModstamp","%vlocity_namespace%__IsDisabled__c":false,"%vlocity_namespace%__IsRequiredForUpsert__c":false,"%vlocity_namespace%__MapId__c":"DRFetchVEADetailsForRTFCustom1213","%vlocity_namespace%__UpsertKey__c":false,"VlocityRecordSObjectType":"%vlocity_namespace%__DRMapItem__c","VlocityDataPackType":"SObject","VlocityRecordSourceKey":"VlocityRecordSourceKey:a1fR00000000POzIAM","VlocityDataPackIsIncluded":true,"%vlocity_namespace%__ConfigurationAttribute__c":"","%vlocity_namespace%__ConfigurationCategory__c":"","%vlocity_namespace%__ConfigurationGroup__c":"","%vlocity_namespace%__ConfigurationKey__c":"","%vlocity_namespace%__ConfigurationPattern__c":"","%vlocity_namespace%__ConfigurationProcess__c":"","%vlocity_namespace%__ConfigurationType__c":"","%vlocity_namespace%__ConfigurationValue__c":"","%vlocity_namespace%__DefaultValue__c":"","%vlocity_namespace%__DisplayType__c":"","%vlocity_namespace%__DomainObjectFieldType__c":"","%vlocity_namespace%__FilterGroup__c":"","%vlocity_namespace%__FilterOperator__c":"","%vlocity_namespace%__FilterValue__c":"","%vlocity_namespace%__FormulaOrder__c":"","%vlocity_namespace%__FormulaResultPath__c":"","%vlocity_namespace%__Formula__c":"","%vlocity_namespace%__GlobalKey__c":"","%vlocity_namespace%__InterfaceObjectLookupOrder__c":"","%vlocity_namespace%__InterfaceObjectName__c":"","%vlocity_namespace%__LinkCreatedField__c":"","%vlocity_namespace%__LinkCreatedIndex__c":"","%vlocity_namespace%__LookupDomainObjectFieldName__c":"","%vlocity_namespace%__LookupDomainObjectName__c":"","%vlocity_namespace%__LookupDomainObjectRequestedFieldName__c":"","%vlocity_namespace%__TransformValuesMap__c":""},{"Id":"a1fR00000000PP0IAM","Name":"DRFetchVEADetailsForRTF","%vlocity_namespace%__DomainObjectAPIName__c":"json","%vlocity_namespace%__DomainObjectCreationOrder__c":0,"%vlocity_namespace%__DomainObjectFieldAPIName__c":"SimilarRegulatoryCodeViolation","%vlocity_namespace%__FilterGroup__c":0,"%vlocity_namespace%__FilterOperator__c":"=","%vlocity_namespace%__FilterValue__c":"RegulatoryCodeViolation:ViolationTypeId","%vlocity_namespace%__InterfaceFieldAPIName__c":"ViolationTypeId","%vlocity_namespace%__InterfaceObjectLookupOrder__c":5,"%vlocity_namespace%__InterfaceObjectName__c":"RegulatoryCodeViolation","%vlocity_namespace%__IsDisabled__c":false,"%vlocity_namespace%__IsRequiredForUpsert__c":false,"%vlocity_namespace%__MapId__c":"DRFetchVEADetailsForRTFCustom8500","%vlocity_namespace%__UpsertKey__c":false,"VlocityRecordSObjectType":"%vlocity_namespace%__DRMapItem__c","VlocityDataPackType":"SObject","VlocityRecordSourceKey":"VlocityRecordSourceKey:a1fR00000000PP0IAM","VlocityDataPackIsIncluded":true,"%vlocity_namespace%__ConfigurationAttribute__c":"","%vlocity_namespace%__ConfigurationCategory__c":"","%vlocity_namespace%__ConfigurationGroup__c":"","%vlocity_namespace%__ConfigurationKey__c":"","%vlocity_namespace%__ConfigurationPattern__c":"","%vlocity_namespace%__ConfigurationProcess__c":"","%vlocity_namespace%__ConfigurationType__c":"","%vlocity_namespace%__ConfigurationValue__c":"","%vlocity_namespace%__DefaultValue__c":"","%vlocity_namespace%__DisplayType__c":"","%vlocity_namespace%__DomainObjectFieldType__c":"","%vlocity_namespace%__FormulaOrder__c":"","%vlocity_namespace%__FormulaResultPath__c":"","%vlocity_namespace%__Formula__c":"","%vlocity_namespace%__GlobalKey__c":"","%vlocity_namespace%__LinkCreatedField__c":"","%vlocity_namespace%__LinkCreatedIndex__c":"","%vlocity_namespace%__LookupDomainObjectFieldName__c":"","%vlocity_namespace%__LookupDomainObjectName__c":"","%vlocity_namespace%__LookupDomainObjectRequestedFieldName__c":"","%vlocity_namespace%__TransformValuesMap__c":""},{"Id":"a1fR00000000PP1IAM","Name":"DRFetchVEADetailsForRTF","%vlocity_namespace%__DomainObjectAPIName__c":"json","%vlocity_namespace%__DomainObjectCreationOrder__c":0,"%vlocity_namespace%__DomainObjectFieldAPIName__c":"SimilarViolationEnforcementAction","%vlocity_namespace%__FilterGroup__c":0,"%vlocity_namespace%__FilterOperator__c":"=","%vlocity_namespace%__FilterValue__c":"SimilarRegulatoryCodeViolation:Id","%vlocity_namespace%__InterfaceFieldAPIName__c":"ViolationId","%vlocity_namespace%__InterfaceObjectLookupOrder__c":6,"%vlocity_namespace%__InterfaceObjectName__c":"ViolationEnforcementAction","%vlocity_namespace%__IsDisabled__c":false,"%vlocity_namespace%__IsRequiredForUpsert__c":false,"%vlocity_namespace%__MapId__c":"DRFetchVEADetailsForRTFCustom7518","%vlocity_namespace%__UpsertKey__c":false,"VlocityRecordSObjectType":"%vlocity_namespace%__DRMapItem__c","VlocityDataPackType":"SObject","VlocityRecordSourceKey":"VlocityRecordSourceKey:a1fR00000000PP1IAM","VlocityDataPackIsIncluded":true,"%vlocity_namespace%__ConfigurationAttribute__c":"","%vlocity_namespace%__ConfigurationCategory__c":"","%vlocity_namespace%__ConfigurationGroup__c":"","%vlocity_namespace%__ConfigurationKey__c":"","%vlocity_namespace%__ConfigurationPattern__c":"","%vlocity_namespace%__ConfigurationProcess__c":"","%vlocity_namespace%__ConfigurationType__c":"","%vlocity_namespace%__ConfigurationValue__c":"","%vlocity_namespace%__DefaultValue__c":"","%vlocity_namespace%__DisplayType__c":"","%vlocity_namespace%__DomainObjectFieldType__c":"","%vlocity_namespace%__FormulaOrder__c":"","%vlocity_namespace%__FormulaResultPath__c":"","%vlocity_namespace%__Formula__c":"","%vlocity_namespace%__GlobalKey__c":"","%vlocity_namespace%__LinkCreatedField__c":"","%vlocity_namespace%__LinkCreatedIndex__c":"","%vlocity_namespace%__LookupDomainObjectFieldName__c":"","%vlocity_namespace%__LookupDomainObjectName__c":"","%vlocity_namespace%__LookupDomainObjectRequestedFieldName__c":"","%vlocity_namespace%__TransformValuesMap__c":""},{"Id":"a1fR00000000PP2IAM","Name":"DRFetchVEADetailsForRTF","%vlocity_namespace%__DomainObjectAPIName__c":"json","%vlocity_namespace%__DomainObjectCreationOrder__c":1,"%vlocity_namespace%__DomainObjectFieldAPIName__c":"RegulatoryCodeViolation:Section","%vlocity_namespace%__InterfaceFieldAPIName__c":"RegulatoryCodeViolation:ViolationType.Name","%vlocity_namespace%__IsDisabled__c":false,"%vlocity_namespace%__IsRequiredForUpsert__c":false,"%vlocity_namespace%__MapId__c":"DRFetchVEADetailsForRTFCustom6514","%vlocity_namespace%__UpsertKey__c":false,"VlocityRecordSObjectType":"%vlocity_namespace%__DRMapItem__c","VlocityDataPackType":"SObject","VlocityRecordSourceKey":"VlocityRecordSourceKey:a1fR00000000PP2IAM","VlocityDataPackIsIncluded":true,"%vlocity_namespace%__ConfigurationAttribute__c":"","%vlocity_namespace%__ConfigurationCategory__c":"","%vlocity_namespace%__ConfigurationGroup__c":"","%vlocity_namespace%__ConfigurationKey__c":"","%vlocity_namespace%__ConfigurationPattern__c":"","%vlocity_namespace%__ConfigurationProcess__c":"","%vlocity_namespace%__ConfigurationType__c":"","%vlocity_namespace%__ConfigurationValue__c":"","%vlocity_namespace%__DefaultValue__c":"","%vlocity_namespace%__DisplayType__c":"","%vlocity_namespace%__DomainObjectFieldType__c":"","%vlocity_namespace%__FilterGroup__c":"","%vlocity_namespace%__FilterOperator__c":"","%vlocity_namespace%__FilterValue__c":"","%vlocity_namespace%__FormulaOrder__c":"","%vlocity_namespace%__FormulaResultPath__c":"","%vlocity_namespace%__Formula__c":"","%vlocity_namespace%__GlobalKey__c":"","%vlocity_namespace%__InterfaceObjectLookupOrder__c":"","%vlocity_namespace%__InterfaceObjectName__c":"","%vlocity_namespace%__LinkCreatedField__c":"","%vlocity_namespace%__LinkCreatedIndex__c":"","%vlocity_namespace%__LookupDomainObjectFieldName__c":"","%vlocity_namespace%__LookupDomainObjectName__c":"","%vlocity_namespace%__LookupDomainObjectRequestedFieldName__c":"","%vlocity_namespace%__TransformValuesMap__c":""},{"Id":"a1fR00000000PP3IAM","Name":"DRFetchVEADetailsForRTF","%vlocity_namespace%__DomainObjectAPIName__c":"json","%vlocity_namespace%__DomainObjectCreationOrder__c":1,"%vlocity_namespace%__DomainObjectFieldAPIName__c":"SimilarViolationEnforcementAction:Name","%vlocity_namespace%__InterfaceFieldAPIName__c":"SimilarViolationEnforcementAction:Name","%vlocity_namespace%__IsDisabled__c":false,"%vlocity_namespace%__IsRequiredForUpsert__c":false,"%vlocity_namespace%__MapId__c":"DRFetchVEADetailsForRTFCustom9920","%vlocity_namespace%__UpsertKey__c":false,"VlocityRecordSObjectType":"%vlocity_namespace%__DRMapItem__c","VlocityDataPackType":"SObject","VlocityRecordSourceKey":"VlocityRecordSourceKey:a1fR00000000PP3IAM","VlocityDataPackIsIncluded":true,"%vlocity_namespace%__ConfigurationAttribute__c":"","%vlocity_namespace%__ConfigurationCategory__c":"","%vlocity_namespace%__ConfigurationGroup__c":"","%vlocity_namespace%__ConfigurationKey__c":"","%vlocity_namespace%__ConfigurationPattern__c":"","%vlocity_namespace%__ConfigurationProcess__c":"","%vlocity_namespace%__ConfigurationType__c":"","%vlocity_namespace%__ConfigurationValue__c":"","%vlocity_namespace%__DefaultValue__c":"","%vlocity_namespace%__DisplayType__c":"","%vlocity_namespace%__DomainObjectFieldType__c":"","%vlocity_namespace%__FilterGroup__c":"","%vlocity_namespace%__FilterOperator__c":"","%vlocity_namespace%__FilterValue__c":"","%vlocity_namespace%__FormulaOrder__c":"","%vlocity_namespace%__FormulaResultPath__c":"","%vlocity_namespace%__Formula__c":"","%vlocity_namespace%__GlobalKey__c":"","%vlocity_namespace%__InterfaceObjectLookupOrder__c":"","%vlocity_namespace%__InterfaceObjectName__c":"","%vlocity_namespace%__LinkCreatedField__c":"","%vlocity_namespace%__LinkCreatedIndex__c":"","%vlocity_namespace%__LookupDomainObjectFieldName__c":"","%vlocity_namespace%__LookupDomainObjectName__c":"","%vlocity_namespace%__LookupDomainObjectRequestedFieldName__c":"","%vlocity_namespace%__TransformValuesMap__c":""},{"Id":"a1fR00000000PP4IAM","Name":"DRFetchVEADetailsForRTF","%vlocity_namespace%__DomainObjectAPIName__c":"json","%vlocity_namespace%__DomainObjectCreationOrder__c":0,"%vlocity_namespace%__DomainObjectFieldAPIName__c":"BusinessLicenseApplication","%vlocity_namespace%__FilterGroup__c":0,"%vlocity_namespace%__FilterOperator__c":"=","%vlocity_namespace%__FilterValue__c":"Visit:ContextId","%vlocity_namespace%__InterfaceFieldAPIName__c":"Id","%vlocity_namespace%__InterfaceObjectLookupOrder__c":7,"%vlocity_namespace%__InterfaceObjectName__c":"BusinessLicenseApplication","%vlocity_namespace%__IsDisabled__c":false,"%vlocity_namespace%__IsRequiredForUpsert__c":false,"%vlocity_namespace%__MapId__c":"DRFetchVEADetailsForRTFCustom9168","%vlocity_namespace%__UpsertKey__c":false,"VlocityRecordSObjectType":"%vlocity_namespace%__DRMapItem__c","VlocityDataPackType":"SObject","VlocityRecordSourceKey":"VlocityRecordSourceKey:a1fR00000000PP4IAM","VlocityDataPackIsIncluded":true,"%vlocity_namespace%__ConfigurationAttribute__c":"","%vlocity_namespace%__ConfigurationCategory__c":"","%vlocity_namespace%__ConfigurationGroup__c":"","%vlocity_namespace%__ConfigurationKey__c":"","%vlocity_namespace%__ConfigurationPattern__c":"","%vlocity_namespace%__ConfigurationProcess__c":"","%vlocity_namespace%__ConfigurationType__c":"","%vlocity_namespace%__ConfigurationValue__c":"","%vlocity_namespace%__DefaultValue__c":"","%vlocity_namespace%__DisplayType__c":"","%vlocity_namespace%__DomainObjectFieldType__c":"","%vlocity_namespace%__FormulaOrder__c":"","%vlocity_namespace%__FormulaResultPath__c":"","%vlocity_namespace%__Formula__c":"","%vlocity_namespace%__GlobalKey__c":"","%vlocity_namespace%__LinkCreatedField__c":"","%vlocity_namespace%__LinkCreatedIndex__c":"","%vlocity_namespace%__LookupDomainObjectFieldName__c":"","%vlocity_namespace%__LookupDomainObjectName__c":"","%vlocity_namespace%__LookupDomainObjectRequestedFieldName__c":"","%vlocity_namespace%__TransformValuesMap__c":""},{"Id":"a1fR00000000PP5IAM","Name":"DRFetchVEADetailsForRTF","%vlocity_namespace%__DomainObjectAPIName__c":"json","%vlocity_namespace%__DomainObjectCreationOrder__c":1,"%vlocity_namespace%__DomainObjectFieldAPIName__c":"AccountId","%vlocity_namespace%__InterfaceFieldAPIName__c":"BusinessLicenseApplication:AccountId","%vlocity_namespace%__IsDisabled__c":false,"%vlocity_namespace%__IsRequiredForUpsert__c":false,"%vlocity_namespace%__MapId__c":"DRFetchVEADetailsForRTFCustom1140","%vlocity_namespace%__UpsertKey__c":false,"VlocityRecordSObjectType":"%vlocity_namespace%__DRMapItem__c","VlocityDataPackType":"SObject","VlocityRecordSourceKey":"VlocityRecordSourceKey:a1fR00000000PP5IAM","VlocityDataPackIsIncluded":true,"%vlocity_namespace%__ConfigurationAttribute__c":"","%vlocity_namespace%__ConfigurationCategory__c":"","%vlocity_namespace%__ConfigurationGroup__c":"","%vlocity_namespace%__ConfigurationKey__c":"","%vlocity_namespace%__ConfigurationPattern__c":"","%vlocity_namespace%__ConfigurationProcess__c":"","%vlocity_namespace%__ConfigurationType__c":"","%vlocity_namespace%__ConfigurationValue__c":"","%vlocity_namespace%__DefaultValue__c":"","%vlocity_namespace%__DisplayType__c":"","%vlocity_namespace%__DomainObjectFieldType__c":"","%vlocity_namespace%__FilterGroup__c":"","%vlocity_namespace%__FilterOperator__c":"","%vlocity_namespace%__FilterValue__c":"","%vlocity_namespace%__FormulaOrder__c":"","%vlocity_namespace%__FormulaResultPath__c":"","%vlocity_namespace%__Formula__c":"","%vlocity_namespace%__GlobalKey__c":"","%vlocity_namespace%__InterfaceObjectLookupOrder__c":"","%vlocity_namespace%__InterfaceObjectName__c":"","%vlocity_namespace%__LinkCreatedField__c":"","%vlocity_namespace%__LinkCreatedIndex__c":"","%vlocity_namespace%__LookupDomainObjectFieldName__c":"","%vlocity_namespace%__LookupDomainObjectName__c":"","%vlocity_namespace%__LookupDomainObjectRequestedFieldName__c":"","%vlocity_namespace%__TransformValuesMap__c":""},{"Id":"a1fR00000000PP6IAM","Name":"DRFetchVEADetailsForRTF","%vlocity_namespace%__DomainObjectAPIName__c":"json","%vlocity_namespace%__DomainObjectCreationOrder__c":0,"%vlocity_namespace%__DomainObjectFieldAPIName__c":"ViolationEnforcementAction","%vlocity_namespace%__FilterGroup__c":0,"%vlocity_namespace%__FilterOperator__c":"LIMIT","%vlocity_namespace%__FilterValue__c":"1","%vlocity_namespace%__InterfaceObjectLookupOrder__c":1,"%vlocity_namespace%__InterfaceObjectName__c":"ViolationEnforcementAction","%vlocity_namespace%__IsDisabled__c":false,"%vlocity_namespace%__IsRequiredForUpsert__c":false,"%vlocity_namespace%__MapId__c":"DRFetchVEADetailsForRTFCustom7446","%vlocity_namespace%__UpsertKey__c":false,"VlocityRecordSObjectType":"%vlocity_namespace%__DRMapItem__c","VlocityDataPackType":"SObject","VlocityRecordSourceKey":"VlocityRecordSourceKey:a1fR00000000PP6IAM","VlocityDataPackIsIncluded":true,"%vlocity_namespace%__ConfigurationAttribute__c":"","%vlocity_namespace%__ConfigurationCategory__c":"","%vlocity_namespace%__ConfigurationGroup__c":"","%vlocity_namespace%__ConfigurationKey__c":"","%vlocity_namespace%__ConfigurationPattern__c":"","%vlocity_namespace%__ConfigurationProcess__c":"","%vlocity_namespace%__ConfigurationType__c":"","%vlocity_namespace%__ConfigurationValue__c":"","%vlocity_namespace%__DefaultValue__c":"","%vlocity_namespace%__DisplayType__c":"","%vlocity_namespace%__DomainObjectFieldType__c":"","%vlocity_namespace%__FormulaOrder__c":"","%vlocity_namespace%__FormulaResultPath__c":"","%vlocity_namespace%__Formula__c":"","%vlocity_namespace%__GlobalKey__c":"","%vlocity_namespace%__InterfaceFieldAPIName__c":"","%vlocity_namespace%__LinkCreatedField__c":"","%vlocity_namespace%__LinkCreatedIndex__c":"","%vlocity_namespace%__LookupDomainObjectFieldName__c":"","%vlocity_namespace%__LookupDomainObjectName__c":"","%vlocity_namespace%__LookupDomainObjectRequestedFieldName__c":"","%vlocity_namespace%__TransformValuesMap__c":""},{"Id":"a1fR00000000PP7IAM","Name":"DRFetchVEADetailsForRTF","%vlocity_namespace%__DomainObjectAPIName__c":"json","%vlocity_namespace%__DomainObjectCreationOrder__c":0,"%vlocity_namespace%__DomainObjectFieldAPIName__c":"RegulatoryCodeViolation","%vlocity_namespace%__FilterGroup__c":0,"%vlocity_namespace%__FilterOperator__c":"LIMIT","%vlocity_namespace%__FilterValue__c":"1","%vlocity_namespace%__InterfaceObjectLookupOrder__c":2,"%vlocity_namespace%__InterfaceObjectName__c":"RegulatoryCodeViolation","%vlocity_namespace%__IsDisabled__c":false,"%vlocity_namespace%__IsRequiredForUpsert__c":false,"%vlocity_namespace%__MapId__c":"DRFetchVEADetailsForRTFCustom4092","%vlocity_namespace%__UpsertKey__c":false,"VlocityRecordSObjectType":"%vlocity_namespace%__DRMapItem__c","VlocityDataPackType":"SObject","VlocityRecordSourceKey":"VlocityRecordSourceKey:a1fR00000000PP7IAM","VlocityDataPackIsIncluded":true,"%vlocity_namespace%__ConfigurationAttribute__c":"","%vlocity_namespace%__ConfigurationCategory__c":"","%vlocity_namespace%__ConfigurationGroup__c":"","%vlocity_namespace%__ConfigurationKey__c":"","%vlocity_namespace%__ConfigurationPattern__c":"","%vlocity_namespace%__ConfigurationProcess__c":"","%vlocity_namespace%__ConfigurationType__c":"","%vlocity_namespace%__ConfigurationValue__c":"","%vlocity_namespace%__DefaultValue__c":"","%vlocity_namespace%__DisplayType__c":"","%vlocity_namespace%__DomainObjectFieldType__c":"","%vlocity_namespace%__FormulaOrder__c":"","%vlocity_namespace%__FormulaResultPath__c":"","%vlocity_namespace%__Formula__c":"","%vlocity_namespace%__GlobalKey__c":"","%vlocity_namespace%__InterfaceFieldAPIName__c":"","%vlocity_namespace%__LinkCreatedField__c":"","%vlocity_namespace%__LinkCreatedIndex__c":"","%vlocity_namespace%__LookupDomainObjectFieldName__c":"","%vlocity_namespace%__LookupDomainObjectName__c":"","%vlocity_namespace%__LookupDomainObjectRequestedFieldName__c":"","%vlocity_namespace%__TransformValuesMap__c":""},{"Id":"a1fR00000000PP8IAM","Name":"DRFetchVEADetailsForRTF","%vlocity_namespace%__DomainObjectAPIName__c":"json","%vlocity_namespace%__DomainObjectCreationOrder__c":0,"%vlocity_namespace%__DomainObjectFieldAPIName__c":"Visit","%vlocity_namespace%__FilterGroup__c":0,"%vlocity_namespace%__FilterOperator__c":"LIMIT","%vlocity_namespace%__FilterValue__c":"1","%vlocity_namespace%__InterfaceObjectLookupOrder__c":3,"%vlocity_namespace%__InterfaceObjectName__c":"Visit","%vlocity_namespace%__IsDisabled__c":false,"%vlocity_namespace%__IsRequiredForUpsert__c":false,"%vlocity_namespace%__MapId__c":"DRFetchVEADetailsForRTFCustom5968","%vlocity_namespace%__UpsertKey__c":false,"VlocityRecordSObjectType":"%vlocity_namespace%__DRMapItem__c","VlocityDataPackType":"SObject","VlocityRecordSourceKey":"VlocityRecordSourceKey:a1fR00000000PP8IAM","VlocityDataPackIsIncluded":true,"%vlocity_namespace%__ConfigurationAttribute__c":"","%vlocity_namespace%__ConfigurationCategory__c":"","%vlocity_namespace%__ConfigurationGroup__c":"","%vlocity_namespace%__ConfigurationKey__c":"","%vlocity_namespace%__ConfigurationPattern__c":"","%vlocity_namespace%__ConfigurationProcess__c":"","%vlocity_namespace%__ConfigurationType__c":"","%vlocity_namespace%__ConfigurationValue__c":"","%vlocity_namespace%__DefaultValue__c":"","%vlocity_namespace%__DisplayType__c":"","%vlocity_namespace%__DomainObjectFieldType__c":"","%vlocity_namespace%__FormulaOrder__c":"","%vlocity_namespace%__FormulaResultPath__c":"","%vlocity_namespace%__Formula__c":"","%vlocity_namespace%__GlobalKey__c":"","%vlocity_namespace%__InterfaceFieldAPIName__c":"","%vlocity_namespace%__LinkCreatedField__c":"","%vlocity_namespace%__LinkCreatedIndex__c":"","%vlocity_namespace%__LookupDomainObjectFieldName__c":"","%vlocity_namespace%__LookupDomainObjectName__c":"","%vlocity_namespace%__LookupDomainObjectRequestedFieldName__c":"","%vlocity_namespace%__TransformValuesMap__c":""},{"Id":"a1fR00000000PP9IAM","Name":"DRFetchVEADetailsForRTF","%vlocity_namespace%__DomainObjectAPIName__c":"json","%vlocity_namespace%__DomainObjectCreationOrder__c":0,"%vlocity_namespace%__DomainObjectFieldAPIName__c":"SiblingVisit","%vlocity_namespace%__FilterGroup__c":0,"%vlocity_namespace%__FilterOperator__c":"LIMIT","%vlocity_namespace%__FilterValue__c":"1000","%vlocity_namespace%__InterfaceObjectLookupOrder__c":4,"%vlocity_namespace%__InterfaceObjectName__c":"Visit","%vlocity_namespace%__IsDisabled__c":false,"%vlocity_namespace%__IsRequiredForUpsert__c":false,"%vlocity_namespace%__MapId__c":"DRFetchVEADetailsForRTFCustom4540","%vlocity_namespace%__UpsertKey__c":false,"VlocityRecordSObjectType":"%vlocity_namespace%__DRMapItem__c","VlocityDataPackType":"SObject","VlocityRecordSourceKey":"VlocityRecordSourceKey:a1fR00000000PP9IAM","VlocityDataPackIsIncluded":true,"%vlocity_namespace%__ConfigurationAttribute__c":"","%vlocity_namespace%__ConfigurationCategory__c":"","%vlocity_namespace%__ConfigurationGroup__c":"","%vlocity_namespace%__ConfigurationKey__c":"","%vlocity_namespace%__ConfigurationPattern__c":"","%vlocity_namespace%__ConfigurationProcess__c":"","%vlocity_namespace%__ConfigurationType__c":"","%vlocity_namespace%__ConfigurationValue__c":"","%vlocity_namespace%__DefaultValue__c":"","%vlocity_namespace%__DisplayType__c":"","%vlocity_namespace%__DomainObjectFieldType__c":"","%vlocity_namespace%__FormulaOrder__c":"","%vlocity_namespace%__FormulaResultPath__c":"","%vlocity_namespace%__Formula__c":"","%vlocity_namespace%__GlobalKey__c":"","%vlocity_namespace%__InterfaceFieldAPIName__c":"","%vlocity_namespace%__LinkCreatedField__c":"","%vlocity_namespace%__LinkCreatedIndex__c":"","%vlocity_namespace%__LookupDomainObjectFieldName__c":"","%vlocity_namespace%__LookupDomainObjectName__c":"","%vlocity_namespace%__LookupDomainObjectRequestedFieldName__c":"","%vlocity_namespace%__TransformValuesMap__c":""},{"Id":"a1fR00000000PPAIA2","Name":"DRFetchVEADetailsForRTF","%vlocity_namespace%__DomainObjectAPIName__c":"json","%vlocity_namespace%__DomainObjectCreationOrder__c":0,"%vlocity_namespace%__DomainObjectFieldAPIName__c":"SimilarRegulatoryCodeViolation","%vlocity_namespace%__FilterGroup__c":0,"%vlocity_namespace%__FilterOperator__c":"LIMIT","%vlocity_namespace%__FilterValue__c":"1000","%vlocity_namespace%__InterfaceObjectLookupOrder__c":5,"%vlocity_namespace%__InterfaceObjectName__c":"RegulatoryCodeViolation","%vlocity_namespace%__IsDisabled__c":false,"%vlocity_namespace%__IsRequiredForUpsert__c":false,"%vlocity_namespace%__MapId__c":"DRFetchVEADetailsForRTFCustom1901","%vlocity_namespace%__UpsertKey__c":false,"VlocityRecordSObjectType":"%vlocity_namespace%__DRMapItem__c","VlocityDataPackType":"SObject","VlocityRecordSourceKey":"VlocityRecordSourceKey:a1fR00000000PPAIA2","VlocityDataPackIsIncluded":true,"%vlocity_namespace%__ConfigurationAttribute__c":"","%vlocity_namespace%__ConfigurationCategory__c":"","%vlocity_namespace%__ConfigurationGroup__c":"","%vlocity_namespace%__ConfigurationKey__c":"","%vlocity_namespace%__ConfigurationPattern__c":"","%vlocity_namespace%__ConfigurationProcess__c":"","%vlocity_namespace%__ConfigurationType__c":"","%vlocity_namespace%__ConfigurationValue__c":"","%vlocity_namespace%__DefaultValue__c":"","%vlocity_namespace%__DisplayType__c":"","%vlocity_namespace%__DomainObjectFieldType__c":"","%vlocity_namespace%__FormulaOrder__c":"","%vlocity_namespace%__FormulaResultPath__c":"","%vlocity_namespace%__Formula__c":"","%vlocity_namespace%__GlobalKey__c":"","%vlocity_namespace%__InterfaceFieldAPIName__c":"","%vlocity_namespace%__LinkCreatedField__c":"","%vlocity_namespace%__LinkCreatedIndex__c":"","%vlocity_namespace%__LookupDomainObjectFieldName__c":"","%vlocity_namespace%__LookupDomainObjectName__c":"","%vlocity_namespace%__LookupDomainObjectRequestedFieldName__c":"","%vlocity_namespace%__TransformValuesMap__c":""},{"Id":"a1fR00000000PPBIA2","Name":"DRFetchVEADetailsForRTF","%vlocity_namespace%__DomainObjectAPIName__c":"json","%vlocity_namespace%__DomainObjectCreationOrder__c":0,"%vlocity_namespace%__DomainObjectFieldAPIName__c":"SimilarViolationEnforcementAction","%vlocity_namespace%__FilterGroup__c":0,"%vlocity_namespace%__FilterOperator__c":"LIMIT","%vlocity_namespace%__FilterValue__c":"1000","%vlocity_namespace%__InterfaceObjectLookupOrder__c":6,"%vlocity_namespace%__InterfaceObjectName__c":"ViolationEnforcementAction","%vlocity_namespace%__IsDisabled__c":false,"%vlocity_namespace%__IsRequiredForUpsert__c":false,"%vlocity_namespace%__MapId__c":"DRFetchVEADetailsForRTFCustom439","%vlocity_namespace%__UpsertKey__c":false,"VlocityRecordSObjectType":"%vlocity_namespace%__DRMapItem__c","VlocityDataPackType":"SObject","VlocityRecordSourceKey":"VlocityRecordSourceKey:a1fR00000000PPBIA2","VlocityDataPackIsIncluded":true,"%vlocity_namespace%__ConfigurationAttribute__c":"","%vlocity_namespace%__ConfigurationCategory__c":"","%vlocity_namespace%__ConfigurationGroup__c":"","%vlocity_namespace%__ConfigurationKey__c":"","%vlocity_namespace%__ConfigurationPattern__c":"","%vlocity_namespace%__ConfigurationProcess__c":"","%vlocity_namespace%__ConfigurationType__c":"","%vlocity_namespace%__ConfigurationValue__c":"","%vlocity_namespace%__DefaultValue__c":"","%vlocity_namespace%__DisplayType__c":"","%vlocity_namespace%__DomainObjectFieldType__c":"","%vlocity_namespace%__FormulaOrder__c":"","%vlocity_namespace%__FormulaResultPath__c":"","%vlocity_namespace%__Formula__c":"","%vlocity_namespace%__GlobalKey__c":"","%vlocity_namespace%__InterfaceFieldAPIName__c":"","%vlocity_namespace%__LinkCreatedField__c":"","%vlocity_namespace%__LinkCreatedIndex__c":"","%vlocity_namespace%__LookupDomainObjectFieldName__c":"","%vlocity_namespace%__LookupDomainObjectName__c":"","%vlocity_namespace%__LookupDomainObjectRequestedFieldName__c":"","%vlocity_namespace%__TransformValuesMap__c":""},{"Id":"a1fR00000000PPCIA2","Name":"DRFetchVEADetailsForRTF","%vlocity_namespace%__DomainObjectAPIName__c":"json","%vlocity_namespace%__DomainObjectCreationOrder__c":0,"%vlocity_namespace%__DomainObjectFieldAPIName__c":"BusinessLicenseApplication","%vlocity_namespace%__FilterGroup__c":0,"%vlocity_namespace%__FilterOperator__c":"LIMIT","%vlocity_namespace%__FilterValue__c":"1","%vlocity_namespace%__InterfaceObjectLookupOrder__c":7,"%vlocity_namespace%__InterfaceObjectName__c":"BusinessLicenseApplication","%vlocity_namespace%__IsDisabled__c":false,"%vlocity_namespace%__IsRequiredForUpsert__c":false,"%vlocity_namespace%__MapId__c":"DRFetchVEADetailsForRTFCustom3230","%vlocity_namespace%__UpsertKey__c":false,"VlocityRecordSObjectType":"%vlocity_namespace%__DRMapItem__c","VlocityDataPackType":"SObject","VlocityRecordSourceKey":"VlocityRecordSourceKey:a1fR00000000PPCIA2","VlocityDataPackIsIncluded":true,"%vlocity_namespace%__ConfigurationAttribute__c":"","%vlocity_namespace%__ConfigurationCategory__c":"","%vlocity_namespace%__ConfigurationGroup__c":"","%vlocity_namespace%__ConfigurationKey__c":"","%vlocity_namespace%__ConfigurationPattern__c":"","%vlocity_namespace%__ConfigurationProcess__c":"","%vlocity_namespace%__ConfigurationType__c":"","%vlocity_namespace%__ConfigurationValue__c":"","%vlocity_namespace%__DefaultValue__c":"","%vlocity_namespace%__DisplayType__c":"","%vlocity_namespace%__DomainObjectFieldType__c":"","%vlocity_namespace%__FormulaOrder__c":"","%vlocity_namespace%__FormulaResultPath__c":"","%vlocity_namespace%__Formula__c":"","%vlocity_namespace%__GlobalKey__c":"","%vlocity_namespace%__InterfaceFieldAPIName__c":"","%vlocity_namespace%__LinkCreatedField__c":"","%vlocity_namespace%__LinkCreatedIndex__c":"","%vlocity_namespace%__LookupDomainObjectFieldName__c":"","%vlocity_namespace%__LookupDomainObjectName__c":"","%vlocity_namespace%__LookupDomainObjectRequestedFieldName__c":"","%vlocity_namespace%__TransformValuesMap__c":""},{"Id":"a1fR00000000PPDIA2","Name":"DRFetchVEADetailsForRTF","%vlocity_namespace%__DomainObjectAPIName__c":"json","%vlocity_namespace%__DomainObjectCreationOrder__c":0,"%vlocity_namespace%__DomainObjectFieldAPIName__c":"ViolationEnforcementAction","%vlocity_namespace%__FilterGroup__c":0,"%vlocity_namespace%__FilterOperator__c":"=","%vlocity_namespace%__FilterValue__c":"Id","%vlocity_namespace%__InterfaceFieldAPIName__c":"Id","%vlocity_namespace%__InterfaceObjectLookupOrder__c":1,"%vlocity_namespace%__InterfaceObjectName__c":"ViolationEnforcementAction","%vlocity_namespace%__IsDisabled__c":false,"%vlocity_namespace%__IsRequiredForUpsert__c":false,"%vlocity_namespace%__MapId__c":"DRFetchVEADetailsForRTF5164190274100755","%vlocity_namespace%__UpsertKey__c":false,"VlocityRecordSObjectType":"%vlocity_namespace%__DRMapItem__c","VlocityDataPackType":"SObject","VlocityRecordSourceKey":"VlocityRecordSourceKey:a1fR00000000PPDIA2","VlocityDataPackIsIncluded":true,"%vlocity_namespace%__ConfigurationAttribute__c":"","%vlocity_namespace%__ConfigurationCategory__c":"","%vlocity_namespace%__ConfigurationGroup__c":"","%vlocity_namespace%__ConfigurationKey__c":"","%vlocity_namespace%__ConfigurationPattern__c":"","%vlocity_namespace%__ConfigurationProcess__c":"","%vlocity_namespace%__ConfigurationType__c":"","%vlocity_namespace%__ConfigurationValue__c":"","%vlocity_namespace%__DefaultValue__c":"","%vlocity_namespace%__DisplayType__c":"","%vlocity_namespace%__DomainObjectFieldType__c":"","%vlocity_namespace%__FormulaOrder__c":"","%vlocity_namespace%__FormulaResultPath__c":"","%vlocity_namespace%__Formula__c":"","%vlocity_namespace%__GlobalKey__c":"","%vlocity_namespace%__LinkCreatedField__c":"","%vlocity_namespace%__LinkCreatedIndex__c":"","%vlocity_namespace%__LookupDomainObjectFieldName__c":"","%vlocity_namespace%__LookupDomainObjectName__c":"","%vlocity_namespace%__LookupDomainObjectRequestedFieldName__c":"","%vlocity_namespace%__TransformValuesMap__c":""},{"Id":"a1fR00000000PPEIA2","Name":"DRFetchVEADetailsForRTF","%vlocity_namespace%__DomainObjectAPIName__c":"json","%vlocity_namespace%__DomainObjectCreationOrder__c":0,"%vlocity_namespace%__DomainObjectFieldAPIName__c":"RegulatoryCodeViolation","%vlocity_namespace%__FilterGroup__c":0,"%vlocity_namespace%__FilterOperator__c":"=","%vlocity_namespace%__FilterValue__c":"ViolationEnforcementAction:ViolationId","%vlocity_namespace%__InterfaceFieldAPIName__c":"Id","%vlocity_namespace%__InterfaceObjectLookupOrder__c":2,"%vlocity_namespace%__InterfaceObjectName__c":"RegulatoryCodeViolation","%vlocity_namespace%__IsDisabled__c":false,"%vlocity_namespace%__IsRequiredForUpsert__c":false,"%vlocity_namespace%__MapId__c":"DRFetchVEADetailsForRTF3369525282284034","%vlocity_namespace%__UpsertKey__c":false,"VlocityRecordSObjectType":"%vlocity_namespace%__DRMapItem__c","VlocityDataPackType":"SObject","VlocityRecordSourceKey":"VlocityRecordSourceKey:a1fR00000000PPEIA2","VlocityDataPackIsIncluded":true,"%vlocity_namespace%__ConfigurationAttribute__c":"","%vlocity_namespace%__ConfigurationCategory__c":"","%vlocity_namespace%__ConfigurationGroup__c":"","%vlocity_namespace%__ConfigurationKey__c":"","%vlocity_namespace%__ConfigurationPattern__c":"","%vlocity_namespace%__ConfigurationProcess__c":"","%vlocity_namespace%__ConfigurationType__c":"","%vlocity_namespace%__ConfigurationValue__c":"","%vlocity_namespace%__DefaultValue__c":"","%vlocity_namespace%__DisplayType__c":"","%vlocity_namespace%__DomainObjectFieldType__c":"","%vlocity_namespace%__FormulaOrder__c":"","%vlocity_namespace%__FormulaResultPath__c":"","%vlocity_namespace%__Formula__c":"","%vlocity_namespace%__GlobalKey__c":"","%vlocity_namespace%__LinkCreatedField__c":"","%vlocity_namespace%__LinkCreatedIndex__c":"","%vlocity_namespace%__LookupDomainObjectFieldName__c":"","%vlocity_namespace%__LookupDomainObjectName__c":"","%vlocity_namespace%__LookupDomainObjectRequestedFieldName__c":"","%vlocity_namespace%__TransformValuesMap__c":""},{"Id":"a1fR00000000PPFIA2","Name":"DRFetchVEADetailsForRTF","%vlocity_namespace%__DomainObjectAPIName__c":"json","%vlocity_namespace%__DomainObjectCreationOrder__c":1,"%vlocity_namespace%__DomainObjectFieldAPIName__c":"RegulatoryCodeViolation:Name","%vlocity_namespace%__InterfaceFieldAPIName__c":"RegulatoryCodeViolation:Name","%vlocity_namespace%__IsDisabled__c":false,"%vlocity_namespace%__IsRequiredForUpsert__c":false,"%vlocity_namespace%__MapId__c":"DRFetchVEADetailsForRTF2978797807046174","%vlocity_namespace%__UpsertKey__c":false,"VlocityRecordSObjectType":"%vlocity_namespace%__DRMapItem__c","VlocityDataPackType":"SObject","VlocityRecordSourceKey":"VlocityRecordSourceKey:a1fR00000000PPFIA2","VlocityDataPackIsIncluded":true,"%vlocity_namespace%__ConfigurationAttribute__c":"","%vlocity_namespace%__ConfigurationCategory__c":"","%vlocity_namespace%__ConfigurationGroup__c":"","%vlocity_namespace%__ConfigurationKey__c":"","%vlocity_namespace%__ConfigurationPattern__c":"","%vlocity_namespace%__ConfigurationProcess__c":"","%vlocity_namespace%__ConfigurationType__c":"","%vlocity_namespace%__ConfigurationValue__c":"","%vlocity_namespace%__DefaultValue__c":"","%vlocity_namespace%__DisplayType__c":"","%vlocity_namespace%__DomainObjectFieldType__c":"","%vlocity_namespace%__FilterGroup__c":"","%vlocity_namespace%__FilterOperator__c":"","%vlocity_namespace%__FilterValue__c":"","%vlocity_namespace%__FormulaOrder__c":"","%vlocity_namespace%__FormulaResultPath__c":"","%vlocity_namespace%__Formula__c":"","%vlocity_namespace%__GlobalKey__c":"","%vlocity_namespace%__InterfaceObjectLookupOrder__c":"","%vlocity_namespace%__InterfaceObjectName__c":"","%vlocity_namespace%__LinkCreatedField__c":"","%vlocity_namespace%__LinkCreatedIndex__c":"","%vlocity_namespace%__LookupDomainObjectFieldName__c":"","%vlocity_namespace%__LookupDomainObjectName__c":"","%vlocity_namespace%__LookupDomainObjectRequestedFieldName__c":"","%vlocity_namespace%__TransformValuesMap__c":""},{"Id":"a1fR00000000PPGIA2","Name":"DRFetchVEADetailsForRTF","%vlocity_namespace%__DefaultValue__c":"1","%vlocity_namespace%__DomainObjectAPIName__c":"json","%vlocity_namespace%__DomainObjectCreationOrder__c":1,"%vlocity_namespace%__DomainObjectFieldAPIName__c":"SimilarViolationEnforcementAction:PlaceHolder","%vlocity_namespace%__DomainObjectFieldType__c":"Number","%vlocity_namespace%__InterfaceFieldAPIName__c":"none","%vlocity_namespace%__IsDisabled__c":false,"%vlocity_namespace%__IsRequiredForUpsert__c":false,"%vlocity_namespace%__MapId__c":"DRFetchVEADetailsForRTF25522824196625216","%vlocity_namespace%__UpsertKey__c":false,"VlocityRecordSObjectType":"%vlocity_namespace%__DRMapItem__c","VlocityDataPackType":"SObject","VlocityRecordSourceKey":"VlocityRecordSourceKey:a1fR00000000PPGIA2","VlocityDataPackIsIncluded":true,"%vlocity_namespace%__ConfigurationAttribute__c":"","%vlocity_namespace%__ConfigurationCategory__c":"","%vlocity_namespace%__ConfigurationGroup__c":"","%vlocity_namespace%__ConfigurationKey__c":"","%vlocity_namespace%__ConfigurationPattern__c":"","%vlocity_namespace%__ConfigurationProcess__c":"","%vlocity_namespace%__ConfigurationType__c":"","%vlocity_namespace%__ConfigurationValue__c":"","%vlocity_namespace%__DisplayType__c":"","%vlocity_namespace%__FilterGroup__c":"","%vlocity_namespace%__FilterOperator__c":"","%vlocity_namespace%__FilterValue__c":"","%vlocity_namespace%__FormulaOrder__c":"","%vlocity_namespace%__FormulaResultPath__c":"","%vlocity_namespace%__Formula__c":"","%vlocity_namespace%__GlobalKey__c":"","%vlocity_namespace%__InterfaceObjectLookupOrder__c":"","%vlocity_namespace%__InterfaceObjectName__c":"","%vlocity_namespace%__LinkCreatedField__c":"","%vlocity_namespace%__LinkCreatedIndex__c":"","%vlocity_namespace%__LookupDomainObjectFieldName__c":"","%vlocity_namespace%__LookupDomainObjectName__c":"","%vlocity_namespace%__LookupDomainObjectRequestedFieldName__c":"","%vlocity_namespace%__TransformValuesMap__c":""},{"Id":"a1fR00000000PPHIA2","Name":"DRFetchVEADetailsForRTF","%vlocity_namespace%__DomainObjectAPIName__c":"json","%vlocity_namespace%__DomainObjectCreationOrder__c":0,"%vlocity_namespace%__DomainObjectFieldAPIName__c":"Visit","%vlocity_namespace%__FilterGroup__c":0,"%vlocity_namespace%__FilterOperator__c":"=","%vlocity_namespace%__FilterValue__c":"RegulatoryCodeViolation:InspectionId","%vlocity_namespace%__InterfaceFieldAPIName__c":"Id","%vlocity_namespace%__InterfaceObjectLookupOrder__c":3,"%vlocity_namespace%__InterfaceObjectName__c":"Visit","%vlocity_namespace%__IsDisabled__c":false,"%vlocity_namespace%__IsRequiredForUpsert__c":false,"%vlocity_namespace%__MapId__c":"DRFetchVEADetailsForRTFCustom6270","%vlocity_namespace%__UpsertKey__c":false,"VlocityRecordSObjectType":"%vlocity_namespace%__DRMapItem__c","VlocityDataPackType":"SObject","VlocityRecordSourceKey":"VlocityRecordSourceKey:a1fR00000000PPHIA2","VlocityDataPackIsIncluded":true,"%vlocity_namespace%__ConfigurationAttribute__c":"","%vlocity_namespace%__ConfigurationCategory__c":"","%vlocity_namespace%__ConfigurationGroup__c":"","%vlocity_namespace%__ConfigurationKey__c":"","%vlocity_namespace%__ConfigurationPattern__c":"","%vlocity_namespace%__ConfigurationProcess__c":"","%vlocity_namespace%__ConfigurationType__c":"","%vlocity_namespace%__ConfigurationValue__c":"","%vlocity_namespace%__DefaultValue__c":"","%vlocity_namespace%__DisplayType__c":"","%vlocity_namespace%__DomainObjectFieldType__c":"","%vlocity_namespace%__FormulaOrder__c":"","%vlocity_namespace%__FormulaResultPath__c":"","%vlocity_namespace%__Formula__c":"","%vlocity_namespace%__GlobalKey__c":"","%vlocity_namespace%__LinkCreatedField__c":"","%vlocity_namespace%__LinkCreatedIndex__c":"","%vlocity_namespace%__LookupDomainObjectFieldName__c":"","%vlocity_namespace%__LookupDomainObjectName__c":"","%vlocity_namespace%__LookupDomainObjectRequestedFieldName__c":"","%vlocity_namespace%__TransformValuesMap__c":""},{"Id":"a1fR00000000PPIIA2","Name":"DRFetchVEADetailsForRTF","%vlocity_namespace%__DomainObjectAPIName__c":"json","%vlocity_namespace%__DomainObjectCreationOrder__c":1,"%vlocity_namespace%__DomainObjectFieldAPIName__c":"AccountId","%vlocity_namespace%__InterfaceFieldAPIName__c":"BusinessLicenseApplication:AccountId","%vlocity_namespace%__IsDisabled__c":false,"%vlocity_namespace%__IsRequiredForUpsert__c":false,"%vlocity_namespace%__MapId__c":"DRFetchVEADetailsForRTFCustom7939","%vlocity_namespace%__UpsertKey__c":false,"VlocityRecordSObjectType":"%vlocity_namespace%__DRMapItem__c","VlocityDataPackType":"SObject","VlocityRecordSourceKey":"VlocityRecordSourceKey:a1fR00000000PPIIA2","VlocityDataPackIsIncluded":true,"%vlocity_namespace%__ConfigurationAttribute__c":"","%vlocity_namespace%__ConfigurationCategory__c":"","%vlocity_namespace%__ConfigurationGroup__c":"","%vlocity_namespace%__ConfigurationKey__c":"","%vlocity_namespace%__ConfigurationPattern__c":"","%vlocity_namespace%__ConfigurationProcess__c":"","%vlocity_namespace%__ConfigurationType__c":"","%vlocity_namespace%__ConfigurationValue__c":"","%vlocity_namespace%__DefaultValue__c":"","%vlocity_namespace%__DisplayType__c":"","%vlocity_namespace%__DomainObjectFieldType__c":"","%vlocity_namespace%__FilterGroup__c":"","%vlocity_namespace%__FilterOperator__c":"","%vlocity_namespace%__FilterValue__c":"","%vlocity_namespace%__FormulaOrder__c":"","%vlocity_namespace%__FormulaResultPath__c":"","%vlocity_namespace%__Formula__c":"","%vlocity_namespace%__GlobalKey__c":"","%vlocity_namespace%__InterfaceObjectLookupOrder__c":"","%vlocity_namespace%__InterfaceObjectName__c":"","%vlocity_namespace%__LinkCreatedField__c":"","%vlocity_namespace%__LinkCreatedIndex__c":"","%vlocity_namespace%__LookupDomainObjectFieldName__c":"","%vlocity_namespace%__LookupDomainObjectName__c":"","%vlocity_namespace%__LookupDomainObjectRequestedFieldName__c":"","%vlocity_namespace%__TransformValuesMap__c":""}],"VlocityRecordSObjectType":"%vlocity_namespace%__DRBundle__c","VlocityDataPackType":"SObject","VlocityRecordSourceKey":"VlocityRecordSourceKey:a1dR00000006ta3IAA","VlocityDataPackIsIncluded":true,"%vlocity_namespace%__BatchSize__c":"","%vlocity_namespace%__CustomInputClass__c":"","%vlocity_namespace%__CustomOutputClass__c":"","%vlocity_namespace%__Description__c":"","%vlocity_namespace%__GlobalKey__c":"","%vlocity_namespace%__InputCustom__c":"","%vlocity_namespace%__InputJson__c":"","%vlocity_namespace%__InputXml__c":"","%vlocity_namespace%__OuboundStagingObjectDataField__c":"","%vlocity_namespace%__OutboundConfigurationField__c":"","%vlocity_namespace%__OutboundConfigurationName__c":"","%vlocity_namespace%__OutboundStagingObjectName__c":"","%vlocity_namespace%__PreprocessorClassName__c":"","%vlocity_namespace%__RequiredPermission__c":"","%vlocity_namespace%__SalesforcePlatformCacheType__c":"","%vlocity_namespace%__SampleInputCustom__c":"","%vlocity_namespace%__SampleInputRows__c":"","%vlocity_namespace%__SampleInputXML__c":"","%vlocity_namespace%__TargetOutCustom__c":"","%vlocity_namespace%__TargetOutDocuSignTemplateId__c":"","%vlocity_namespace%__TargetOutJson__c":"","%vlocity_namespace%__TargetOutPdfDocName__c":"","%vlocity_namespace%__TargetOutXml__c":"","%vlocity_namespace%__TimeToLiveMinutes__c":"","%vlocity_namespace%__XmlOutputSequence__c":""}],"VlocityDataPackIsIncluded":true},"VlocityDataPackAllRelationships":{"e9924269b1b94ba73859819d28cd3e4b":"Reference by Name"},"DataPackAttachmentSize":42051,"DataPackAttachmentParentId":"a6BR000000001WUMAY","DataPackAttachmentId":"00PR0000000K6T7MAK","ActivationStatus":"NA"},{"VlocityPrimarySourceId":"a1dR00000006ta4IAA","VlocityPreviousPageKey":null,"VlocityMultiPackParentKey":null,"VlocityDepthFromPrimary":0,"VlocityDataPackType":"DataRaptor","VlocityDataPackStatus":"Success","VlocityDataPackRelationshipType":"Sibling","VlocityDataPackRecords":[],"VlocityDataPackParents":[],"VlocityDataPackName":"DRCreateRTFEnforcementAction","VlocityDataPackMessage":null,"VlocityDataPackLabel":"DataRaptor","VlocityDataPackKey":"78bd34393ffe1946d8692a54d8681444","VlocityDataPackIsNotSupported":false,"VlocityDataPackIsIncluded":true,"VlocityDataPackData":{"VlocityDataPackRelationshipType":"Sibling","VlocityDataPackKey":"78bd34393ffe1946d8692a54d8681444","VlocityDataPackLabel":"DataRaptor","VlocityDataPackType":"DataRaptor","Id":"DRCreateRTFEnforcementAction","%vlocity_namespace%__DRBundle__c":[{"Id":"a1dR00000006ta4IAA","Name":"DRCreateRTFEnforcementAction","%vlocity_namespace%__BatchSize__c":200,"%vlocity_namespace%__CheckFieldLevelSecurity__c":false,"%vlocity_namespace%__DRMapName__c":"DRCreateRTFEnforcementAction","%vlocity_namespace%__DeleteOnSuccess__c":false,"%vlocity_namespace%__IgnoreErrors__c":false,"%vlocity_namespace%__InputType__c":"JSON","%vlocity_namespace%__InterfaceObject__c":"json","%vlocity_namespace%__IsDefaultForInterface__c":false,"%vlocity_namespace%__IsProcessSuperBulk__c":false,"%vlocity_namespace%__OutputType__c":"SObject","%vlocity_namespace%__OverwriteAllNullValues__c":true,"%vlocity_namespace%__ProcessNowThreshold__c":-1,"%vlocity_namespace%__RollbackOnError__c":true,"%vlocity_namespace%__SampleInputJSON__c":"{\n  \"accountId\": \"001R00000074hBXIAY\",\n  \"violationEnforcementActionId\": \"0fgR00000000006IAA\",\n  \"charges\": {\n    \"name\": \"Violation Fee\",\n    \"amount\": \"500\"\n  }\n}","%vlocity_namespace%__Type__c":"Load","%vlocity_namespace%__UseAssignmentRules__c":false,"%vlocity_namespace%__UseTranslations__c":false,"%vlocity_namespace%__XmlRemoveDeclaration__c":false,"%vlocity_namespace%__DRMapItem__c":[{"Id":"a1fR00000000PPJIA2","Name":"DRCreateRTFEnforcementAction","%vlocity_namespace%__ConfigurationValue__c":"FAKEMAPPING","%vlocity_namespace%__DomainObjectAPIName__c":"RegulatoryTrxnFee","%vlocity_namespace%__DomainObjectCreationOrder__c":1,"%vlocity_namespace%__DomainObjectFieldAPIName__c":"Id","%vlocity_namespace%__FilterOperator__c":"=","%vlocity_namespace%__IsDisabled__c":true,"%vlocity_namespace%__IsRequiredForUpsert__c":false,"%vlocity_namespace%__MapId__c":"DRCreateRTFEnforcementActionCustoma1XB0000000NLm7MAGItem0","%vlocity_namespace%__UpsertKey__c":false,"VlocityRecordSObjectType":"%vlocity_namespace%__DRMapItem__c","VlocityDataPackType":"SObject","VlocityRecordSourceKey":"VlocityRecordSourceKey:a1fR00000000PPJIA2","VlocityDataPackIsIncluded":true,"%vlocity_namespace%__ConfigurationAttribute__c":"","%vlocity_namespace%__ConfigurationCategory__c":"","%vlocity_namespace%__ConfigurationGroup__c":"","%vlocity_namespace%__ConfigurationKey__c":"","%vlocity_namespace%__ConfigurationPattern__c":"","%vlocity_namespace%__ConfigurationProcess__c":"","%vlocity_namespace%__ConfigurationType__c":"","%vlocity_namespace%__DefaultValue__c":"","%vlocity_namespace%__DisplayType__c":"","%vlocity_namespace%__DomainObjectFieldType__c":"","%vlocity_namespace%__FilterGroup__c":"","%vlocity_namespace%__FilterValue__c":"","%vlocity_namespace%__FormulaOrder__c":"","%vlocity_namespace%__FormulaResultPath__c":"","%vlocity_namespace%__Formula__c":"","%vlocity_namespace%__GlobalKey__c":"","%vlocity_namespace%__InterfaceFieldAPIName__c":"","%vlocity_namespace%__InterfaceObjectLookupOrder__c":"","%vlocity_namespace%__InterfaceObjectName__c":"","%vlocity_namespace%__LinkCreatedField__c":"","%vlocity_namespace%__LinkCreatedIndex__c":"","%vlocity_namespace%__LookupDomainObjectFieldName__c":"","%vlocity_namespace%__LookupDomainObjectName__c":"","%vlocity_namespace%__LookupDomainObjectRequestedFieldName__c":"","%vlocity_namespace%__TransformValuesMap__c":""},{"Id":"a1fR00000000PPKIA2","Name":"DRCreateRTFEnforcementAction","%vlocity_namespace%__DefaultValue__c":"DUE","%vlocity_namespace%__DomainObjectAPIName__c":"RegulatoryTrxnFee","%vlocity_namespace%__DomainObjectCreationOrder__c":1,"%vlocity_namespace%__DomainObjectFieldAPIName__c":"Status","%vlocity_namespace%__IsDisabled__c":false,"%vlocity_namespace%__IsRequiredForUpsert__c":false,"%vlocity_namespace%__MapId__c":"DRCreateRTFEnforcementActionCustoma1XB0000000NLm7MAGItem1","%vlocity_namespace%__UpsertKey__c":false,"VlocityRecordSObjectType":"%vlocity_namespace%__DRMapItem__c","VlocityDataPackType":"SObject","VlocityRecordSourceKey":"VlocityRecordSourceKey:a1fR00000000PPKIA2","VlocityDataPackIsIncluded":true,"%vlocity_namespace%__ConfigurationAttribute__c":"","%vlocity_namespace%__ConfigurationCategory__c":"","%vlocity_namespace%__ConfigurationGroup__c":"","%vlocity_namespace%__ConfigurationKey__c":"","%vlocity_namespace%__ConfigurationPattern__c":"","%vlocity_namespace%__ConfigurationProcess__c":"","%vlocity_namespace%__ConfigurationType__c":"","%vlocity_namespace%__ConfigurationValue__c":"","%vlocity_namespace%__DisplayType__c":"","%vlocity_namespace%__DomainObjectFieldType__c":"","%vlocity_namespace%__FilterGroup__c":"","%vlocity_namespace%__FilterOperator__c":"","%vlocity_namespace%__FilterValue__c":"","%vlocity_namespace%__FormulaOrder__c":"","%vlocity_namespace%__FormulaResultPath__c":"","%vlocity_namespace%__Formula__c":"","%vlocity_namespace%__GlobalKey__c":"","%vlocity_namespace%__InterfaceFieldAPIName__c":"","%vlocity_namespace%__InterfaceObjectLookupOrder__c":"","%vlocity_namespace%__InterfaceObjectName__c":"","%vlocity_namespace%__LinkCreatedField__c":"","%vlocity_namespace%__LinkCreatedIndex__c":"","%vlocity_namespace%__LookupDomainObjectFieldName__c":"","%vlocity_namespace%__LookupDomainObjectName__c":"","%vlocity_namespace%__LookupDomainObjectRequestedFieldName__c":"","%vlocity_namespace%__TransformValuesMap__c":""},{"Id":"a1fR00000000PPLIA2","Name":"DRCreateRTFEnforcementAction","%vlocity_namespace%__DomainObjectAPIName__c":"RegulatoryTrxnFee","%vlocity_namespace%__DomainObjectCreationOrder__c":1,"%vlocity_namespace%__DomainObjectFieldAPIName__c":"AccountId","%vlocity_namespace%__InterfaceFieldAPIName__c":"accountId","%vlocity_namespace%__IsDisabled__c":false,"%vlocity_namespace%__IsRequiredForUpsert__c":false,"%vlocity_namespace%__MapId__c":"DRCreateRTFEnforcementActionCustoma1XB0000000NLm7MAGItem2","%vlocity_namespace%__UpsertKey__c":false,"VlocityRecordSObjectType":"%vlocity_namespace%__DRMapItem__c","VlocityDataPackType":"SObject","VlocityRecordSourceKey":"VlocityRecordSourceKey:a1fR00000000PPLIA2","VlocityDataPackIsIncluded":true,"%vlocity_namespace%__ConfigurationAttribute__c":"","%vlocity_namespace%__ConfigurationCategory__c":"","%vlocity_namespace%__ConfigurationGroup__c":"","%vlocity_namespace%__ConfigurationKey__c":"","%vlocity_namespace%__ConfigurationPattern__c":"","%vlocity_namespace%__ConfigurationProcess__c":"","%vlocity_namespace%__ConfigurationType__c":"","%vlocity_namespace%__ConfigurationValue__c":"","%vlocity_namespace%__DefaultValue__c":"","%vlocity_namespace%__DisplayType__c":"","%vlocity_namespace%__DomainObjectFieldType__c":"","%vlocity_namespace%__FilterGroup__c":"","%vlocity_namespace%__FilterOperator__c":"","%vlocity_namespace%__FilterValue__c":"","%vlocity_namespace%__FormulaOrder__c":"","%vlocity_namespace%__FormulaResultPath__c":"","%vlocity_namespace%__Formula__c":"","%vlocity_namespace%__GlobalKey__c":"","%vlocity_namespace%__InterfaceObjectLookupOrder__c":"","%vlocity_namespace%__InterfaceObjectName__c":"","%vlocity_namespace%__LinkCreatedField__c":"","%vlocity_namespace%__LinkCreatedIndex__c":"","%vlocity_namespace%__LookupDomainObjectFieldName__c":"","%vlocity_namespace%__LookupDomainObjectName__c":"","%vlocity_namespace%__LookupDomainObjectRequestedFieldName__c":"","%vlocity_namespace%__TransformValuesMap__c":""},{"Id":"a1fR00000000PPMIA2","Name":"DRCreateRTFEnforcementAction","%vlocity_namespace%__DomainObjectAPIName__c":"RegulatoryTrxnFee","%vlocity_namespace%__DomainObjectCreationOrder__c":1,"%vlocity_namespace%__DomainObjectFieldAPIName__c":"ParentRecordId","%vlocity_namespace%__InterfaceFieldAPIName__c":"violationEnforcementActionId","%vlocity_namespace%__IsDisabled__c":false,"%vlocity_namespace%__IsRequiredForUpsert__c":false,"%vlocity_namespace%__MapId__c":"DRCreateRTFEnforcementActionCustoma1XB0000000NLm7MAGItem3","%vlocity_namespace%__UpsertKey__c":false,"VlocityRecordSObjectType":"%vlocity_namespace%__DRMapItem__c","VlocityDataPackType":"SObject","VlocityRecordSourceKey":"VlocityRecordSourceKey:a1fR00000000PPMIA2","VlocityDataPackIsIncluded":true,"%vlocity_namespace%__ConfigurationAttribute__c":"","%vlocity_namespace%__ConfigurationCategory__c":"","%vlocity_namespace%__ConfigurationGroup__c":"","%vlocity_namespace%__ConfigurationKey__c":"","%vlocity_namespace%__ConfigurationPattern__c":"","%vlocity_namespace%__ConfigurationProcess__c":"","%vlocity_namespace%__ConfigurationType__c":"","%vlocity_namespace%__ConfigurationValue__c":"","%vlocity_namespace%__DefaultValue__c":"","%vlocity_namespace%__DisplayType__c":"","%vlocity_namespace%__DomainObjectFieldType__c":"","%vlocity_namespace%__FilterGroup__c":"","%vlocity_namespace%__FilterOperator__c":"","%vlocity_namespace%__FilterValue__c":"","%vlocity_namespace%__FormulaOrder__c":"","%vlocity_namespace%__FormulaResultPath__c":"","%vlocity_namespace%__Formula__c":"","%vlocity_namespace%__GlobalKey__c":"","%vlocity_namespace%__InterfaceObjectLookupOrder__c":"","%vlocity_namespace%__InterfaceObjectName__c":"","%vlocity_namespace%__LinkCreatedField__c":"","%vlocity_namespace%__LinkCreatedIndex__c":"","%vlocity_namespace%__LookupDomainObjectFieldName__c":"","%vlocity_namespace%__LookupDomainObjectName__c":"","%vlocity_namespace%__LookupDomainObjectRequestedFieldName__c":"","%vlocity_namespace%__TransformValuesMap__c":""},{"Id":"a1fR00000000PPNIA2","Name":"DRCreateRTFEnforcementAction","%vlocity_namespace%__ConfigurationValue__c":"FAKEMAPPING","%vlocity_namespace%__DomainObjectAPIName__c":"RegulatoryTrxnFeeItem","%vlocity_namespace%__DomainObjectCreationOrder__c":2,"%vlocity_namespace%__DomainObjectFieldAPIName__c":"Id","%vlocity_namespace%__FilterOperator__c":"=","%vlocity_namespace%__IsDisabled__c":true,"%vlocity_namespace%__IsRequiredForUpsert__c":false,"%vlocity_namespace%__MapId__c":"DRCreateRTFEnforcementActionCustoma1XB0000000NLm7MAGItem4","%vlocity_namespace%__UpsertKey__c":false,"VlocityRecordSObjectType":"%vlocity_namespace%__DRMapItem__c","VlocityDataPackType":"SObject","VlocityRecordSourceKey":"VlocityRecordSourceKey:a1fR00000000PPNIA2","VlocityDataPackIsIncluded":true,"%vlocity_namespace%__ConfigurationAttribute__c":"","%vlocity_namespace%__ConfigurationCategory__c":"","%vlocity_namespace%__ConfigurationGroup__c":"","%vlocity_namespace%__ConfigurationKey__c":"","%vlocity_namespace%__ConfigurationPattern__c":"","%vlocity_namespace%__ConfigurationProcess__c":"","%vlocity_namespace%__ConfigurationType__c":"","%vlocity_namespace%__DefaultValue__c":"","%vlocity_namespace%__DisplayType__c":"","%vlocity_namespace%__DomainObjectFieldType__c":"","%vlocity_namespace%__FilterGroup__c":"","%vlocity_namespace%__FilterValue__c":"","%vlocity_namespace%__FormulaOrder__c":"","%vlocity_namespace%__FormulaResultPath__c":"","%vlocity_namespace%__Formula__c":"","%vlocity_namespace%__GlobalKey__c":"","%vlocity_namespace%__InterfaceFieldAPIName__c":"","%vlocity_namespace%__InterfaceObjectLookupOrder__c":"","%vlocity_namespace%__InterfaceObjectName__c":"","%vlocity_namespace%__LinkCreatedField__c":"","%vlocity_namespace%__LinkCreatedIndex__c":"","%vlocity_namespace%__LookupDomainObjectFieldName__c":"","%vlocity_namespace%__LookupDomainObjectName__c":"","%vlocity_namespace%__LookupDomainObjectRequestedFieldName__c":"","%vlocity_namespace%__TransformValuesMap__c":""},{"Id":"a1fR00000000PPOIA2","Name":"DRCreateRTFEnforcementAction","%vlocity_namespace%__DomainObjectAPIName__c":"RegulatoryTrxnFeeItem","%vlocity_namespace%__DomainObjectCreationOrder__c":2,"%vlocity_namespace%__DomainObjectFieldAPIName__c":"RegulatoryTrxnFeeId","%vlocity_namespace%__IsDisabled__c":false,"%vlocity_namespace%__IsRequiredForUpsert__c":false,"%vlocity_namespace%__LinkCreatedField__c":"Id","%vlocity_namespace%__LinkCreatedIndex__c":1,"%vlocity_namespace%__MapId__c":"DRCreateRTFEnforcementActionCustoma1XB0000000NLm7MAGItem5","%vlocity_namespace%__UpsertKey__c":false,"VlocityRecordSObjectType":"%vlocity_namespace%__DRMapItem__c","VlocityDataPackType":"SObject","VlocityRecordSourceKey":"VlocityRecordSourceKey:a1fR00000000PPOIA2","VlocityDataPackIsIncluded":true,"%vlocity_namespace%__ConfigurationAttribute__c":"","%vlocity_namespace%__ConfigurationCategory__c":"","%vlocity_namespace%__ConfigurationGroup__c":"","%vlocity_namespace%__ConfigurationKey__c":"","%vlocity_namespace%__ConfigurationPattern__c":"","%vlocity_namespace%__ConfigurationProcess__c":"","%vlocity_namespace%__ConfigurationType__c":"","%vlocity_namespace%__ConfigurationValue__c":"","%vlocity_namespace%__DefaultValue__c":"","%vlocity_namespace%__DisplayType__c":"","%vlocity_namespace%__DomainObjectFieldType__c":"","%vlocity_namespace%__FilterGroup__c":"","%vlocity_namespace%__FilterOperator__c":"","%vlocity_namespace%__FilterValue__c":"","%vlocity_namespace%__FormulaOrder__c":"","%vlocity_namespace%__FormulaResultPath__c":"","%vlocity_namespace%__Formula__c":"","%vlocity_namespace%__GlobalKey__c":"","%vlocity_namespace%__InterfaceFieldAPIName__c":"","%vlocity_namespace%__InterfaceObjectLookupOrder__c":"","%vlocity_namespace%__InterfaceObjectName__c":"","%vlocity_namespace%__LookupDomainObjectFieldName__c":"","%vlocity_namespace%__LookupDomainObjectName__c":"","%vlocity_namespace%__LookupDomainObjectRequestedFieldName__c":"","%vlocity_namespace%__TransformValuesMap__c":""},{"Id":"a1fR00000000PPPIA2","Name":"DRCreateRTFEnforcementAction","%vlocity_namespace%__DomainObjectAPIName__c":"RegulatoryTrxnFeeItem","%vlocity_namespace%__DomainObjectCreationOrder__c":2,"%vlocity_namespace%__DomainObjectFieldAPIName__c":"FeeAmount","%vlocity_namespace%__InterfaceFieldAPIName__c":"charges:amount","%vlocity_namespace%__IsDisabled__c":false,"%vlocity_namespace%__IsRequiredForUpsert__c":false,"%vlocity_namespace%__MapId__c":"DRCreateRTFEnforcementActionCustoma1XB0000000NLm7MAGItem6","%vlocity_namespace%__UpsertKey__c":false,"VlocityRecordSObjectType":"%vlocity_namespace%__DRMapItem__c","VlocityDataPackType":"SObject","VlocityRecordSourceKey":"VlocityRecordSourceKey:a1fR00000000PPPIA2","VlocityDataPackIsIncluded":true,"%vlocity_namespace%__ConfigurationAttribute__c":"","%vlocity_namespace%__ConfigurationCategory__c":"","%vlocity_namespace%__ConfigurationGroup__c":"","%vlocity_namespace%__ConfigurationKey__c":"","%vlocity_namespace%__ConfigurationPattern__c":"","%vlocity_namespace%__ConfigurationProcess__c":"","%vlocity_namespace%__ConfigurationType__c":"","%vlocity_namespace%__ConfigurationValue__c":"","%vlocity_namespace%__DefaultValue__c":"","%vlocity_namespace%__DisplayType__c":"","%vlocity_namespace%__DomainObjectFieldType__c":"","%vlocity_namespace%__FilterGroup__c":"","%vlocity_namespace%__FilterOperator__c":"","%vlocity_namespace%__FilterValue__c":"","%vlocity_namespace%__FormulaOrder__c":"","%vlocity_namespace%__FormulaResultPath__c":"","%vlocity_namespace%__Formula__c":"","%vlocity_namespace%__GlobalKey__c":"","%vlocity_namespace%__InterfaceObjectLookupOrder__c":"","%vlocity_namespace%__InterfaceObjectName__c":"","%vlocity_namespace%__LinkCreatedField__c":"","%vlocity_namespace%__LinkCreatedIndex__c":"","%vlocity_namespace%__LookupDomainObjectFieldName__c":"","%vlocity_namespace%__LookupDomainObjectName__c":"","%vlocity_namespace%__LookupDomainObjectRequestedFieldName__c":"","%vlocity_namespace%__TransformValuesMap__c":""},{"Id":"a1fR00000000PPQIA2","Name":"DRCreateRTFEnforcementAction","%vlocity_namespace%__DomainObjectAPIName__c":"RegulatoryTrxnFeeItem","%vlocity_namespace%__DomainObjectCreationOrder__c":2,"%vlocity_namespace%__DomainObjectFieldAPIName__c":"Name","%vlocity_namespace%__InterfaceFieldAPIName__c":"charges:name","%vlocity_namespace%__IsDisabled__c":false,"%vlocity_namespace%__IsRequiredForUpsert__c":false,"%vlocity_namespace%__MapId__c":"DRCreateRTFEnforcementActionCustoma1XB0000000NLm7MAGItem7","%vlocity_namespace%__UpsertKey__c":false,"VlocityRecordSObjectType":"%vlocity_namespace%__DRMapItem__c","VlocityDataPackType":"SObject","VlocityRecordSourceKey":"VlocityRecordSourceKey:a1fR00000000PPQIA2","VlocityDataPackIsIncluded":true,"%vlocity_namespace%__ConfigurationAttribute__c":"","%vlocity_namespace%__ConfigurationCategory__c":"","%vlocity_namespace%__ConfigurationGroup__c":"","%vlocity_namespace%__ConfigurationKey__c":"","%vlocity_namespace%__ConfigurationPattern__c":"","%vlocity_namespace%__ConfigurationProcess__c":"","%vlocity_namespace%__ConfigurationType__c":"","%vlocity_namespace%__ConfigurationValue__c":"","%vlocity_namespace%__DefaultValue__c":"","%vlocity_namespace%__DisplayType__c":"","%vlocity_namespace%__DomainObjectFieldType__c":"","%vlocity_namespace%__FilterGroup__c":"","%vlocity_namespace%__FilterOperator__c":"","%vlocity_namespace%__FilterValue__c":"","%vlocity_namespace%__FormulaOrder__c":"","%vlocity_namespace%__FormulaResultPath__c":"","%vlocity_namespace%__Formula__c":"","%vlocity_namespace%__GlobalKey__c":"","%vlocity_namespace%__InterfaceObjectLookupOrder__c":"","%vlocity_namespace%__InterfaceObjectName__c":"","%vlocity_namespace%__LinkCreatedField__c":"","%vlocity_namespace%__LinkCreatedIndex__c":"","%vlocity_namespace%__LookupDomainObjectFieldName__c":"","%vlocity_namespace%__LookupDomainObjectName__c":"","%vlocity_namespace%__LookupDomainObjectRequestedFieldName__c":"","%vlocity_namespace%__TransformValuesMap__c":""}],"VlocityRecordSObjectType":"%vlocity_namespace%__DRBundle__c","VlocityDataPackType":"SObject","VlocityRecordSourceKey":"VlocityRecordSourceKey:a1dR00000006ta4IAA","VlocityDataPackIsIncluded":true,"%vlocity_namespace%__CustomInputClass__c":"","%vlocity_namespace%__CustomOutputClass__c":"","%vlocity_namespace%__Description__c":"","%vlocity_namespace%__GlobalKey__c":"","%vlocity_namespace%__InputCustom__c":"","%vlocity_namespace%__InputJson__c":"","%vlocity_namespace%__InputXml__c":"","%vlocity_namespace%__OuboundStagingObjectDataField__c":"","%vlocity_namespace%__OutboundConfigurationField__c":"","%vlocity_namespace%__OutboundConfigurationName__c":"","%vlocity_namespace%__OutboundStagingObjectName__c":"","%vlocity_namespace%__PreprocessorClassName__c":"","%vlocity_namespace%__RequiredPermission__c":"","%vlocity_namespace%__SalesforcePlatformCacheType__c":"","%vlocity_namespace%__SampleInputCustom__c":"","%vlocity_namespace%__SampleInputRows__c":"","%vlocity_namespace%__SampleInputXML__c":"","%vlocity_namespace%__TargetOutCustom__c":"","%vlocity_namespace%__TargetOutDocuSignTemplateId__c":"","%vlocity_namespace%__TargetOutJson__c":"","%vlocity_namespace%__TargetOutPdfDocName__c":"","%vlocity_namespace%__TargetOutXml__c":"","%vlocity_namespace%__TimeToLiveMinutes__c":"","%vlocity_namespace%__XmlOutputSequence__c":""}],"VlocityDataPackIsIncluded":true},"VlocityDataPackAllRelationships":{"e9924269b1b94ba73859819d28cd3e4b":"Reference by Name"},"DataPackAttachmentSize":16808,"DataPackAttachmentParentId":"a6BR000000001WUMAY","DataPackAttachmentId":"00PR0000000K6T8MAK","ActivationStatus":"NA"},{"VlocityPrimarySourceId":"a0jR00000000hEEIAY","VlocityPreviousPageKey":null,"VlocityMultiPackParentKey":null,"VlocityDepthFromPrimary":0,"VlocityDataPackType":"CalculationMatrix","VlocityDataPackStatus":"Success","VlocityDataPackRelationshipType":"Sibling","VlocityDataPackRecords":[],"VlocityDataPackParents":[],"VlocityDataPackName":"CMViolationFee","VlocityDataPackMessage":null,"VlocityDataPackLabel":"Calculation Matrix","VlocityDataPackKey":"08a280f4551079be122cf0ea0edbc239","VlocityDataPackIsNotSupported":false,"VlocityDataPackIsIncluded":true,"VlocityDataPackData":{"VlocityDataPackRelationshipType":"Sibling","VlocityDataPackKey":"08a280f4551079be122cf0ea0edbc239","VlocityDataPackLabel":"Calculation Matrix","VlocityDataPackType":"CalculationMatrix","Id":"CMViolationFee","%vlocity_namespace%__CalculationMatrix__c":[{"Id":"a0jR00000000hEEIAY","Name":"CMViolationFee","LastViewedDate":"2021-02-11T09:04:59.000Z","LastReferencedDate":"2021-02-11T09:04:59.000Z","%vlocity_namespace%__VersionsWithLongOutputCount__c":0,"%vlocity_namespace%__CalculationMatrixVersion__c":[{"Id":"a0iR00000000I3HIAU","Name":"CMViolationFee V1","%vlocity_namespace%__CalculationMatrixId__c":{"Name":"CMViolationFee","VlocityRecordSObjectType":"%vlocity_namespace%__CalculationMatrix__c","VlocityDataPackType":"VlocityMatchingKeyObject","VlocityMatchingRecordSourceKey":"VlocityRecordSourceKey:a0jR00000000hEEIAY"},"%vlocity_namespace%__CurrentStatus__c":"Active","%vlocity_namespace%__MatrixUseLongOutput__c":false,"%vlocity_namespace%__Priority__c":1,"%vlocity_namespace%__StartDateTime__c":"2020-10-01T07:00:00.000Z","%vlocity_namespace%__UseLongOutput__c":false,"%vlocity_namespace%__VersionNumber__c":1,"%vlocity_namespace%__CalculationMatrixId__r.Name":"CMViolationFee","%vlocity_namespace%__CalculationMatrixId__r.Id":{"Name":"CMViolationFee","VlocityRecordSObjectType":"%vlocity_namespace%__CalculationMatrix__c","VlocityDataPackType":"VlocityMatchingKeyObject","VlocityMatchingRecordSourceKey":"VlocityRecordSourceKey:a0jR00000000hEEIAY"},"%vlocity_namespace%__CalculationMatrixRow__c":[{"Id":"a0hR00000004thuIAA","Name":"Header","%vlocity_namespace%__CalculationMatrixVersionId__c":{"%vlocity_namespace%__CalculationMatrixId__r.Name":"CMViolationFee","%vlocity_namespace%__VersionNumber__c":1,"VlocityRecordSObjectType":"%vlocity_namespace%__CalculationMatrixVersion__c","VlocityDataPackType":"VlocityMatchingKeyObject","VlocityMatchingRecordSourceKey":"VlocityRecordSourceKey:a0iR00000000I3HIAU"},"%vlocity_namespace%__InputData__c":"{\"name\":\"occurrence\",\"listValues\":\"1,2,3\",\"lineItemId\":null,\"label\":null,\"headerType\":\"Input\",\"displayOrder\":1,\"dataType\":\"Number Range\",\"columnKey\":\"d616cf\"}","%vlocity_namespace%__IsCalculationMatrixVersionEnabled__c":true,"VlocityRecordSObjectType":"%vlocity_namespace%__CalculationMatrixRow__c","VlocityDataPackType":"SObject","VlocityRecordSourceKey":"VlocityRecordSourceKey:a0hR00000004thuIAA","VlocityDataPackIsIncluded":true,"%vlocity_namespace%__EndDateTime__c":"","%vlocity_namespace%__GlobalKey__c":"","%vlocity_namespace%__HashKey__c":"","%vlocity_namespace%__OutputDataLong__c":"","%vlocity_namespace%__OutputData__c":"","%vlocity_namespace%__StartDateTime__c":""},{"Id":"a0hR00000004thvIAA","Name":"Header","%vlocity_namespace%__CalculationMatrixVersionId__c":{"%vlocity_namespace%__CalculationMatrixId__r.Name":"CMViolationFee","%vlocity_namespace%__VersionNumber__c":1,"VlocityRecordSObjectType":"%vlocity_namespace%__CalculationMatrixVersion__c","VlocityDataPackType":"VlocityMatchingKeyObject","VlocityMatchingRecordSourceKey":"VlocityRecordSourceKey:a0iR00000000I3HIAU"},"%vlocity_namespace%__InputData__c":"{\"name\":\"section\",\"listValues\":null,\"lineItemId\":null,\"label\":null,\"headerType\":\"Input\",\"displayOrder\":2,\"dataType\":\"Text\",\"columnKey\":\"5cb4b0\"}","%vlocity_namespace%__IsCalculationMatrixVersionEnabled__c":true,"VlocityRecordSObjectType":"%vlocity_namespace%__CalculationMatrixRow__c","VlocityDataPackType":"SObject","VlocityRecordSourceKey":"VlocityRecordSourceKey:a0hR00000004thvIAA","VlocityDataPackIsIncluded":true,"%vlocity_namespace%__EndDateTime__c":"","%vlocity_namespace%__GlobalKey__c":"","%vlocity_namespace%__HashKey__c":"","%vlocity_namespace%__OutputDataLong__c":"","%vlocity_namespace%__OutputData__c":"","%vlocity_namespace%__StartDateTime__c":""},{"Id":"a0hR00000004thwIAA","Name":"Header","%vlocity_namespace%__CalculationMatrixVersionId__c":{"%vlocity_namespace%__CalculationMatrixId__r.Name":"CMViolationFee","%vlocity_namespace%__VersionNumber__c":1,"VlocityRecordSObjectType":"%vlocity_namespace%__CalculationMatrixVersion__c","VlocityDataPackType":"VlocityMatchingKeyObject","VlocityMatchingRecordSourceKey":"VlocityRecordSourceKey:a0iR00000000I3HIAU"},"%vlocity_namespace%__InputData__c":"{\"name\":\"amount\",\"listValues\":null,\"lineItemId\":null,\"label\":null,\"headerType\":\"Output\",\"displayOrder\":3,\"dataType\":\"Currency\",\"columnKey\":\"f9d2db\"}","%vlocity_namespace%__IsCalculationMatrixVersionEnabled__c":true,"VlocityRecordSObjectType":"%vlocity_namespace%__CalculationMatrixRow__c","VlocityDataPackType":"SObject","VlocityRecordSourceKey":"VlocityRecordSourceKey:a0hR00000004thwIAA","VlocityDataPackIsIncluded":true,"%vlocity_namespace%__EndDateTime__c":"","%vlocity_namespace%__GlobalKey__c":"","%vlocity_namespace%__HashKey__c":"","%vlocity_namespace%__OutputDataLong__c":"","%vlocity_namespace%__OutputData__c":"","%vlocity_namespace%__StartDateTime__c":""},{"Id":"a0hR00000004thxIAA","Name":"3e2ff20f75acd97310436b249f3a41c0","%vlocity_namespace%__CalculationMatrixVersionId__c":{"%vlocity_namespace%__CalculationMatrixId__r.Name":"CMViolationFee","%vlocity_namespace%__VersionNumber__c":1,"VlocityRecordSObjectType":"%vlocity_namespace%__CalculationMatrixVersion__c","VlocityDataPackType":"VlocityMatchingKeyObject","VlocityMatchingRecordSourceKey":"VlocityRecordSourceKey:a0iR00000000I3HIAU"},"%vlocity_namespace%__InputData__c":"{\n  \"section\" : \"Failure to have shop properly ventilated\",\n  \"occurrence\" : \"1\"\n}","%vlocity_namespace%__IsCalculationMatrixVersionEnabled__c":true,"%vlocity_namespace%__OutputData__c":"{   \"amount\" : 250.00 }","%vlocity_namespace%__StartDateTime__c":"2020-11-10T05:26:08.000Z","VlocityRecordSObjectType":"%vlocity_namespace%__CalculationMatrixRow__c","VlocityDataPackType":"SObject","VlocityRecordSourceKey":"VlocityRecordSourceKey:a0hR00000004thxIAA","VlocityDataPackIsIncluded":true,"%vlocity_namespace%__EndDateTime__c":"","%vlocity_namespace%__GlobalKey__c":"","%vlocity_namespace%__HashKey__c":"","%vlocity_namespace%__OutputDataLong__c":""},{"Id":"a0hR00000004thyIAA","Name":"13c0b91f6a77df8f351eaea5cb58a716","%vlocity_namespace%__CalculationMatrixVersionId__c":{"%vlocity_namespace%__CalculationMatrixId__r.Name":"CMViolationFee","%vlocity_namespace%__VersionNumber__c":1,"VlocityRecordSObjectType":"%vlocity_namespace%__CalculationMatrixVersion__c","VlocityDataPackType":"VlocityMatchingKeyObject","VlocityMatchingRecordSourceKey":"VlocityRecordSourceKey:a0iR00000000I3HIAU"},"%vlocity_namespace%__InputData__c":"{\n  \"section\" : \"Storing chemical supplies in restroom.\",\n  \"occurrence\" : \"1\"\n}","%vlocity_namespace%__IsCalculationMatrixVersionEnabled__c":true,"%vlocity_namespace%__OutputData__c":"{   \"amount\" : 500.00 }","%vlocity_namespace%__StartDateTime__c":"2020-11-10T05:26:08.000Z","VlocityRecordSObjectType":"%vlocity_namespace%__CalculationMatrixRow__c","VlocityDataPackType":"SObject","VlocityRecordSourceKey":"VlocityRecordSourceKey:a0hR00000004thyIAA","VlocityDataPackIsIncluded":true,"%vlocity_namespace%__EndDateTime__c":"","%vlocity_namespace%__GlobalKey__c":"","%vlocity_namespace%__HashKey__c":"","%vlocity_namespace%__OutputDataLong__c":""},{"Id":"a0hR00000004thzIAA","Name":"8d56c4b76aefacb1975110a30137b455","%vlocity_namespace%__CalculationMatrixVersionId__c":{"%vlocity_namespace%__CalculationMatrixId__r.Name":"CMViolationFee","%vlocity_namespace%__VersionNumber__c":1,"VlocityRecordSObjectType":"%vlocity_namespace%__CalculationMatrixVersion__c","VlocityDataPackType":"VlocityMatchingKeyObject","VlocityMatchingRecordSourceKey":"VlocityRecordSourceKey:a0iR00000000I3HIAU"},"%vlocity_namespace%__InputData__c":"{\n  \"section\" : \"Failure to have shop properly ventilated\",\n  \"occurrence\" : \"2\"\n}","%vlocity_namespace%__IsCalculationMatrixVersionEnabled__c":true,"%vlocity_namespace%__OutputData__c":"{   \"amount\" : 500.00 }","%vlocity_namespace%__StartDateTime__c":"2020-11-10T05:26:08.000Z","VlocityRecordSObjectType":"%vlocity_namespace%__CalculationMatrixRow__c","VlocityDataPackType":"SObject","VlocityRecordSourceKey":"VlocityRecordSourceKey:a0hR00000004thzIAA","VlocityDataPackIsIncluded":true,"%vlocity_namespace%__EndDateTime__c":"","%vlocity_namespace%__GlobalKey__c":"","%vlocity_namespace%__HashKey__c":"","%vlocity_namespace%__OutputDataLong__c":""},{"Id":"a0hR00000004ti0IAA","Name":"188a5a201800b7d0e6f33443463ce0f2","%vlocity_namespace%__CalculationMatrixVersionId__c":{"%vlocity_namespace%__CalculationMatrixId__r.Name":"CMViolationFee","%vlocity_namespace%__VersionNumber__c":1,"VlocityRecordSObjectType":"%vlocity_namespace%__CalculationMatrixVersion__c","VlocityDataPackType":"VlocityMatchingKeyObject","VlocityMatchingRecordSourceKey":"VlocityRecordSourceKey:a0iR00000000I3HIAU"},"%vlocity_namespace%__InputData__c":"{\n  \"section\" : \"Storing chemical supplies in restroom.\",\n  \"occurrence\" : \"2\"\n}","%vlocity_namespace%__IsCalculationMatrixVersionEnabled__c":true,"%vlocity_namespace%__OutputData__c":"{   \"amount\" : 1000.00 }","%vlocity_namespace%__StartDateTime__c":"2020-11-10T05:26:08.000Z","VlocityRecordSObjectType":"%vlocity_namespace%__CalculationMatrixRow__c","VlocityDataPackType":"SObject","VlocityRecordSourceKey":"VlocityRecordSourceKey:a0hR00000004ti0IAA","VlocityDataPackIsIncluded":true,"%vlocity_namespace%__EndDateTime__c":"","%vlocity_namespace%__GlobalKey__c":"","%vlocity_namespace%__HashKey__c":"","%vlocity_namespace%__OutputDataLong__c":""},{"Id":"a0hR00000004ti1IAA","Name":"4f3d78eaffe99622d32d962a1bd8853b","%vlocity_namespace%__CalculationMatrixVersionId__c":{"%vlocity_namespace%__CalculationMatrixId__r.Name":"CMViolationFee","%vlocity_namespace%__VersionNumber__c":1,"VlocityRecordSObjectType":"%vlocity_namespace%__CalculationMatrixVersion__c","VlocityDataPackType":"VlocityMatchingKeyObject","VlocityMatchingRecordSourceKey":"VlocityRecordSourceKey:a0iR00000000I3HIAU"},"%vlocity_namespace%__InputData__c":"{\n  \"section\" : \"Failure to have shop properly ventilated\",\n  \"occurrence\" : \"3\"\n}","%vlocity_namespace%__IsCalculationMatrixVersionEnabled__c":true,"%vlocity_namespace%__OutputData__c":"{   \"amount\" : 750.00 }","%vlocity_namespace%__StartDateTime__c":"2020-11-10T05:26:08.000Z","VlocityRecordSObjectType":"%vlocity_namespace%__CalculationMatrixRow__c","VlocityDataPackType":"SObject","VlocityRecordSourceKey":"VlocityRecordSourceKey:a0hR00000004ti1IAA","VlocityDataPackIsIncluded":true,"%vlocity_namespace%__EndDateTime__c":"","%vlocity_namespace%__GlobalKey__c":"","%vlocity_namespace%__HashKey__c":"","%vlocity_namespace%__OutputDataLong__c":""},{"Id":"a0hR00000004ti2IAA","Name":"6854fe38e10d8b476f0875421d040487","%vlocity_namespace%__CalculationMatrixVersionId__c":{"%vlocity_namespace%__CalculationMatrixId__r.Name":"CMViolationFee","%vlocity_namespace%__VersionNumber__c":1,"VlocityRecordSObjectType":"%vlocity_namespace%__CalculationMatrixVersion__c","VlocityDataPackType":"VlocityMatchingKeyObject","VlocityMatchingRecordSourceKey":"VlocityRecordSourceKey:a0iR00000000I3HIAU"},"%vlocity_namespace%__InputData__c":"{\n  \"section\" : \"Storing chemical supplies in restroom.\",\n  \"occurrence\" : \"3\"\n}","%vlocity_namespace%__IsCalculationMatrixVersionEnabled__c":true,"%vlocity_namespace%__OutputData__c":"{   \"amount\" : 1000.00 }","%vlocity_namespace%__StartDateTime__c":"2020-11-10T05:26:08.000Z","VlocityRecordSObjectType":"%vlocity_namespace%__CalculationMatrixRow__c","VlocityDataPackType":"SObject","VlocityRecordSourceKey":"VlocityRecordSourceKey:a0hR00000004ti2IAA","VlocityDataPackIsIncluded":true,"%vlocity_namespace%__EndDateTime__c":"","%vlocity_namespace%__GlobalKey__c":"","%vlocity_namespace%__HashKey__c":"","%vlocity_namespace%__OutputDataLong__c":""}],"VlocityRecordSObjectType":"%vlocity_namespace%__CalculationMatrixVersion__c","VlocityDataPackType":"SObject","VlocityRecordSourceKey":"VlocityRecordSourceKey:a0iR00000000I3HIAU","VlocityDataPackIsIncluded":true,"%vlocity_namespace%__EndDateTime__c":"","%vlocity_namespace%__GlobalKey__c":"","%vlocity_namespace%__GroupKeyValue__c":"","%vlocity_namespace%__SubGroupKeyValue__c":""}],"VlocityRecordSObjectType":"%vlocity_namespace%__CalculationMatrix__c","VlocityDataPackType":"SObject","VlocityRecordSourceKey":"VlocityRecordSourceKey:a0jR00000000hEEIAY","VlocityDataPackIsIncluded":true,"RecordTypeId":"","%vlocity_namespace%__Description__c":"","%vlocity_namespace%__GlobalKey__c":"","%vlocity_namespace%__GroupKey__c":"","%vlocity_namespace%__SubGroupKey__c":"","%vlocity_namespace%__WildcardColumn__c":"","%vlocity_namespace%__WildcardValue__c":""}],"VlocityDataPackIsIncluded":true},"VlocityDataPackAllRelationships":{"e9924269b1b94ba73859819d28cd3e4b":"Reference by Name"},"DataPackAttachmentSize":12314,"DataPackAttachmentParentId":"a6BR000000001WUMAY","DataPackAttachmentId":"00PR0000000K6T9MAK","ActivationStatus":"Ready"}],"dataPackId":"a6BR000000001WUMAY","alreadyExportedKeys":[],"name":"IPViolationFeeCalculator","version":1}