
{"useVlocityTriggers":true,"status":"Complete","processMultiple":true,"primaryDataPackType":"Vlocity UI Layout","primaryDataPackKey":"76ae6aab8dae28bf812f398cc153b7fb","maxDepth":-1,"isChunked":false,"ignoreAllErrors":false,"forceQueueable":false,"dataPacks":[{"VlocityPrimarySourceId":"a6WR000000000LHMAY","VlocityPreviousPageKey":null,"VlocityMultiPackParentKey":null,"VlocityDepthFromPrimary":0,"VlocityDataPackType":"VlocityUILayout","VlocityDataPackStatus":"Success","VlocityDataPackRelationshipType":"Primary","VlocityDataPackRecords":[],"VlocityDataPackParents":[],"VlocityDataPackName":"BusinessProfileList","VlocityDataPackMessage":null,"VlocityDataPackLabel":"Vlocity UI Layout","VlocityDataPackKey":"76ae6aab8dae28bf812f398cc153b7fb","VlocityDataPackIsNotSupported":false,"VlocityDataPackIsIncluded":true,"VlocityDataPackData":{"VlocityDataPackRelationshipType":"Primary","VlocityDataPackKey":"76ae6aab8dae28bf812f398cc153b7fb","VlocityDataPackLabel":"Vlocity UI Layout","VlocityDataPackType":"VlocityUILayout","Id":"a6WR000000000LHMAY","%vlocity_namespace%__VlocityUILayout__c":[{"Id":"a6WR000000000LHMAY","Name":"BusinessProfileList","%vlocity_namespace%__Active__c":true,"%vlocity_namespace%__Author__c":"salesforce","%vlocity_namespace%__Definition__c":"{\"templates\":{\"0\":{\"templateUrl\":\"BusinessProfileList\"}},\"workspace\":[\"BusinessLicenseCard/salesforce/1/1597124438621\"],\"componentName\":\"cfBusinessProfileList\",\"previewType\":\"runTime\",\"dataSource\":{\"type\":\"DataRaptor\",\"value\":{\"bundle\":\"DRGetBusinessProfilesForLoggedInUser\",\"optionsMap\":{\"vlcClass\":\"%vlocity_namespace%.IntegrationProcedureService\"},\"ipMethod\":\"BusinessProfileList_BusinessProfile\",\"inputMap\":{}}},\"Cards\":[\"BusinessLicenseCard\"]}","%vlocity_namespace%__GlobalKey__c":"BusinessProfileList/1/salesforce/1597654950996","%vlocity_namespace%__Type__c":"Layout","%vlocity_namespace%__Version__c":1,"VlocityRecordSObjectType":"%vlocity_namespace%__VlocityUILayout__c","VlocityDataPackType":"SObject","VlocityRecordSourceKey":"VlocityRecordSourceKey:a6WR000000000LHMAY","VlocityDataPackIsIncluded":true,"%vlocity_namespace%__Datasource__c":"","%vlocity_namespace%__Description__c":"","%vlocity_namespace%__ParentID__c":"","%vlocity_namespace%__RequiredPermission__c":"","VlocityDataPackMoreInfo":"(Author: salesforce, Version: 1)"}],"VlocityDataPackIsIncluded":true},"VlocityDataPackAllRelationships":{"2e36b858e0a4b286e2d64dfaea8670f6":"Reference by Name","c980de6f5d08a3bdfd423ee5175f1adb":"Reference by Name","8aced61d9e13c110e4549a7e46a68ffa":"Reference by Name","ff22a2a00fa9949d5a10a8f267d77f8d":"Reference by Name"},"DataPackAttachmentSize":2438,"DataPackAttachmentParentId":"a6BR000000003dXMAQ","DataPackAttachmentId":"00PR0000000KGhWMAW","ActivationStatus":"Ready"},{"VlocityPrimarySourceId":"a6XR00000004CiYMAU","VlocityPreviousPageKey":null,"VlocityMultiPackParentKey":null,"VlocityDepthFromPrimary":0,"VlocityDataPackType":"VlocityUITemplate","VlocityDataPackStatus":"Success","VlocityDataPackRelationshipType":"Sibling","VlocityDataPackRecords":[],"VlocityDataPackParents":[],"VlocityDataPackName":"BusinessProfileList","VlocityDataPackMessage":null,"VlocityDataPackLabel":"Vlocity UI Template","VlocityDataPackKey":"2e36b858e0a4b286e2d64dfaea8670f6","VlocityDataPackIsNotSupported":false,"VlocityDataPackIsIncluded":true,"VlocityDataPackData":{"VlocityDataPackRelationshipType":"Sibling","VlocityDataPackKey":"2e36b858e0a4b286e2d64dfaea8670f6","VlocityDataPackLabel":"Vlocity UI Template","VlocityDataPackType":"VlocityUITemplate","Id":"BusinessProfileList","%vlocity_namespace%__VlocityUITemplate__c":[{"Id":"a6XR00000004CiYMAU","Name":"BusinessProfileList","%vlocity_namespace%__Author__c":"salesforce","%vlocity_namespace%__CustomJavascript__c":"vlocity.cardframework.registerModule.controller('ListViewBusinessProfileCtrl', ['$rootScope', '$scope', '$filter', function($rootScope, $scope, $filter) {\n    \n    $rootScope.rows = $scope.records;\n    //$scope.columns= $scope.records.headers;\n}]);","%vlocity_namespace%__ExternalID__c":"BusinessProfileList/1/salesforce/1597640018502","%vlocity_namespace%__HTML__c":"<div class=\"via-slds riders-list-canvas container-table-canvas\" ng-controller=\"ListViewBusinessProfileCtrl\">\n    <div vloc-card ng-repeat=\"card in cards\"\n            ng-model=\"card\" \n            data=\"card\" \n            records=\"records\" \n            index=\"{{$index}}\" \n            session-id=\"{{sessionId}}\" \n            class=\"slds-size--1-of-1\" \n            actual-records = \"actualRecords\"\n            use-existing-element-type>\n    </div>\n    \n</div>","%vlocity_namespace%__Type__c":"List","%vlocity_namespace%__Version__c":1,"%vlocity_namespace%__Active__c":true,"VlocityRecordSObjectType":"%vlocity_namespace%__VlocityUITemplate__c","VlocityDataPackType":"SObject","VlocityRecordSourceKey":"VlocityRecordSourceKey:a6XR00000004CiYMAU","VlocityDataPackIsIncluded":true,"%vlocity_namespace%__CSS__c":"","%vlocity_namespace%__Definition__c":"","%vlocity_namespace%__Description__c":"","%vlocity_namespace%__DisplayOn__c":"","%vlocity_namespace%__ParentID__c":"","%vlocity_namespace%__SampleJson__c":"","%vlocity_namespace%__Sass__c":"","VlocityDataPackMoreInfo":"(Author: salesforce, Version: 1)"}],"VlocityDataPackIsIncluded":true},"VlocityDataPackAllRelationships":{"76ae6aab8dae28bf812f398cc153b7fb":"Reference by Name"},"DataPackAttachmentSize":2643,"DataPackAttachmentParentId":"a6BR000000003dXMAQ","DataPackAttachmentId":"00PR0000000KGhbMAG","ActivationStatus":"Ready"},{"VlocityPrimarySourceId":"a1dR00000006wu9IAA","VlocityPreviousPageKey":null,"VlocityMultiPackParentKey":null,"VlocityDepthFromPrimary":0,"VlocityDataPackType":"DataRaptor","VlocityDataPackStatus":"Success","VlocityDataPackRelationshipType":"Sibling","VlocityDataPackRecords":[],"VlocityDataPackParents":[],"VlocityDataPackName":"DRGetBusinessProfilesForLoggedInUser","VlocityDataPackMessage":null,"VlocityDataPackLabel":"DataRaptor","VlocityDataPackKey":"c980de6f5d08a3bdfd423ee5175f1adb","VlocityDataPackIsNotSupported":false,"VlocityDataPackIsIncluded":true,"VlocityDataPackData":{"VlocityDataPackRelationshipType":"Sibling","VlocityDataPackKey":"c980de6f5d08a3bdfd423ee5175f1adb","VlocityDataPackLabel":"DataRaptor","VlocityDataPackType":"DataRaptor","Id":"DRGetBusinessProfilesForLoggedInUser","%vlocity_namespace%__DRBundle__c":[{"Id":"a1dR00000006wu9IAA","Name":"DRGetBusinessProfilesForLoggedInUser","%vlocity_namespace%__CheckFieldLevelSecurity__c":true,"%vlocity_namespace%__DRMapName__c":"DRGetBusinessProfilesForLoggedInUser","%vlocity_namespace%__DeleteOnSuccess__c":false,"%vlocity_namespace%__IgnoreErrors__c":false,"%vlocity_namespace%__InputType__c":"JSON","%vlocity_namespace%__InterfaceObject__c":"json","%vlocity_namespace%__IsDefaultForInterface__c":false,"%vlocity_namespace%__IsProcessSuperBulk__c":false,"%vlocity_namespace%__OutputType__c":"JSON","%vlocity_namespace%__OverwriteAllNullValues__c":false,"%vlocity_namespace%__ProcessNowThreshold__c":-1,"%vlocity_namespace%__RollbackOnError__c":false,"%vlocity_namespace%__SampleInputJSON__c":"{\"offset\":3}","%vlocity_namespace%__Type__c":"Extract","%vlocity_namespace%__UseAssignmentRules__c":false,"%vlocity_namespace%__UseTranslations__c":false,"%vlocity_namespace%__XmlRemoveDeclaration__c":false,"%vlocity_namespace%__DRMapItem__c":[{"Id":"a1fR00000000YV0IAM","Name":"DRGetBusinessProfilesForLoggedInUser","%vlocity_namespace%__DomainObjectAPIName__c":"json","%vlocity_namespace%__DomainObjectCreationOrder__c":1,"%vlocity_namespace%__DomainObjectFieldAPIName__c":"Name","%vlocity_namespace%__InterfaceFieldAPIName__c":"BusinessProfile:Name","%vlocity_namespace%__IsDisabled__c":false,"%vlocity_namespace%__IsRequiredForUpsert__c":false,"%vlocity_namespace%__MapId__c":"DRGetBusinessProfilesForLoggedInUser9608359389533556","%vlocity_namespace%__UpsertKey__c":false,"VlocityRecordSObjectType":"%vlocity_namespace%__DRMapItem__c","VlocityDataPackType":"SObject","VlocityRecordSourceKey":"VlocityRecordSourceKey:a1fR00000000YV0IAM","VlocityDataPackIsIncluded":true,"%vlocity_namespace%__ConfigurationAttribute__c":"","%vlocity_namespace%__ConfigurationCategory__c":"","%vlocity_namespace%__ConfigurationGroup__c":"","%vlocity_namespace%__ConfigurationKey__c":"","%vlocity_namespace%__ConfigurationPattern__c":"","%vlocity_namespace%__ConfigurationProcess__c":"","%vlocity_namespace%__ConfigurationType__c":"","%vlocity_namespace%__ConfigurationValue__c":"","%vlocity_namespace%__DefaultValue__c":"","%vlocity_namespace%__DisplayType__c":"","%vlocity_namespace%__DomainObjectFieldType__c":"","%vlocity_namespace%__FilterGroup__c":"","%vlocity_namespace%__FilterOperator__c":"","%vlocity_namespace%__FilterValue__c":"","%vlocity_namespace%__FormulaOrder__c":"","%vlocity_namespace%__FormulaResultPath__c":"","%vlocity_namespace%__Formula__c":"","%vlocity_namespace%__GlobalKey__c":"","%vlocity_namespace%__InterfaceObjectLookupOrder__c":"","%vlocity_namespace%__InterfaceObjectName__c":"","%vlocity_namespace%__LinkCreatedField__c":"","%vlocity_namespace%__LinkCreatedIndex__c":"","%vlocity_namespace%__LookupDomainObjectFieldName__c":"","%vlocity_namespace%__LookupDomainObjectName__c":"","%vlocity_namespace%__LookupDomainObjectRequestedFieldName__c":"","%vlocity_namespace%__TransformValuesMap__c":""},{"Id":"a1fR00000000YV1IAM","Name":"DRGetBusinessProfilesForLoggedInUser","%vlocity_namespace%__DomainObjectAPIName__c":"json","%vlocity_namespace%__DomainObjectCreationOrder__c":0,"%vlocity_namespace%__DomainObjectFieldAPIName__c":"User","%vlocity_namespace%__FilterGroup__c":0,"%vlocity_namespace%__FilterOperator__c":"=","%vlocity_namespace%__FilterValue__c":"\"$Vlocity.UserId\"","%vlocity_namespace%__InterfaceFieldAPIName__c":"Id","%vlocity_namespace%__InterfaceObjectLookupOrder__c":1,"%vlocity_namespace%__InterfaceObjectName__c":"User","%vlocity_namespace%__IsDisabled__c":false,"%vlocity_namespace%__IsRequiredForUpsert__c":false,"%vlocity_namespace%__MapId__c":"DRGetBusinessProfilesForLoggedInUser6588604701140799","%vlocity_namespace%__UpsertKey__c":false,"VlocityRecordSObjectType":"%vlocity_namespace%__DRMapItem__c","VlocityDataPackType":"SObject","VlocityRecordSourceKey":"VlocityRecordSourceKey:a1fR00000000YV1IAM","VlocityDataPackIsIncluded":true,"%vlocity_namespace%__ConfigurationAttribute__c":"","%vlocity_namespace%__ConfigurationCategory__c":"","%vlocity_namespace%__ConfigurationGroup__c":"","%vlocity_namespace%__ConfigurationKey__c":"","%vlocity_namespace%__ConfigurationPattern__c":"","%vlocity_namespace%__ConfigurationProcess__c":"","%vlocity_namespace%__ConfigurationType__c":"","%vlocity_namespace%__ConfigurationValue__c":"","%vlocity_namespace%__DefaultValue__c":"","%vlocity_namespace%__DisplayType__c":"","%vlocity_namespace%__DomainObjectFieldType__c":"","%vlocity_namespace%__FormulaOrder__c":"","%vlocity_namespace%__FormulaResultPath__c":"","%vlocity_namespace%__Formula__c":"","%vlocity_namespace%__GlobalKey__c":"","%vlocity_namespace%__LinkCreatedField__c":"","%vlocity_namespace%__LinkCreatedIndex__c":"","%vlocity_namespace%__LookupDomainObjectFieldName__c":"","%vlocity_namespace%__LookupDomainObjectName__c":"","%vlocity_namespace%__LookupDomainObjectRequestedFieldName__c":"","%vlocity_namespace%__TransformValuesMap__c":""},{"Id":"a1fR00000000YV2IAM","Name":"DRGetBusinessProfilesForLoggedInUser","%vlocity_namespace%__DomainObjectAPIName__c":"json","%vlocity_namespace%__DomainObjectCreationOrder__c":0,"%vlocity_namespace%__DomainObjectFieldAPIName__c":"Account","%vlocity_namespace%__FilterGroup__c":0,"%vlocity_namespace%__FilterOperator__c":"=","%vlocity_namespace%__FilterValue__c":"User:ContactId","%vlocity_namespace%__InterfaceFieldAPIName__c":"ContactId","%vlocity_namespace%__InterfaceObjectLookupOrder__c":2,"%vlocity_namespace%__InterfaceObjectName__c":"AccountContactRelation","%vlocity_namespace%__IsDisabled__c":false,"%vlocity_namespace%__IsRequiredForUpsert__c":false,"%vlocity_namespace%__MapId__c":"DRGetBusinessProfilesForLoggedInUser8099122727363397","%vlocity_namespace%__UpsertKey__c":false,"VlocityRecordSObjectType":"%vlocity_namespace%__DRMapItem__c","VlocityDataPackType":"SObject","VlocityRecordSourceKey":"VlocityRecordSourceKey:a1fR00000000YV2IAM","VlocityDataPackIsIncluded":true,"%vlocity_namespace%__ConfigurationAttribute__c":"","%vlocity_namespace%__ConfigurationCategory__c":"","%vlocity_namespace%__ConfigurationGroup__c":"","%vlocity_namespace%__ConfigurationKey__c":"","%vlocity_namespace%__ConfigurationPattern__c":"","%vlocity_namespace%__ConfigurationProcess__c":"","%vlocity_namespace%__ConfigurationType__c":"","%vlocity_namespace%__ConfigurationValue__c":"","%vlocity_namespace%__DefaultValue__c":"","%vlocity_namespace%__DisplayType__c":"","%vlocity_namespace%__DomainObjectFieldType__c":"","%vlocity_namespace%__FormulaOrder__c":"","%vlocity_namespace%__FormulaResultPath__c":"","%vlocity_namespace%__Formula__c":"","%vlocity_namespace%__GlobalKey__c":"","%vlocity_namespace%__LinkCreatedField__c":"","%vlocity_namespace%__LinkCreatedIndex__c":"","%vlocity_namespace%__LookupDomainObjectFieldName__c":"","%vlocity_namespace%__LookupDomainObjectName__c":"","%vlocity_namespace%__LookupDomainObjectRequestedFieldName__c":"","%vlocity_namespace%__TransformValuesMap__c":""},{"Id":"a1fR00000000YV3IAM","Name":"DRGetBusinessProfilesForLoggedInUser","%vlocity_namespace%__DomainObjectAPIName__c":"json","%vlocity_namespace%__DomainObjectCreationOrder__c":0,"%vlocity_namespace%__DomainObjectFieldAPIName__c":"BusinessProfile","%vlocity_namespace%__FilterGroup__c":0,"%vlocity_namespace%__FilterOperator__c":"=","%vlocity_namespace%__FilterValue__c":"Account:AccountId","%vlocity_namespace%__InterfaceFieldAPIName__c":"AccountId","%vlocity_namespace%__InterfaceObjectLookupOrder__c":3,"%vlocity_namespace%__InterfaceObjectName__c":"BusinessProfile","%vlocity_namespace%__IsDisabled__c":false,"%vlocity_namespace%__IsRequiredForUpsert__c":false,"%vlocity_namespace%__MapId__c":"DRGetBusinessProfilesForLoggedInUser17758718623932213","%vlocity_namespace%__UpsertKey__c":false,"VlocityRecordSObjectType":"%vlocity_namespace%__DRMapItem__c","VlocityDataPackType":"SObject","VlocityRecordSourceKey":"VlocityRecordSourceKey:a1fR00000000YV3IAM","VlocityDataPackIsIncluded":true,"%vlocity_namespace%__ConfigurationAttribute__c":"","%vlocity_namespace%__ConfigurationCategory__c":"","%vlocity_namespace%__ConfigurationGroup__c":"","%vlocity_namespace%__ConfigurationKey__c":"","%vlocity_namespace%__ConfigurationPattern__c":"","%vlocity_namespace%__ConfigurationProcess__c":"","%vlocity_namespace%__ConfigurationType__c":"","%vlocity_namespace%__ConfigurationValue__c":"","%vlocity_namespace%__DefaultValue__c":"","%vlocity_namespace%__DisplayType__c":"","%vlocity_namespace%__DomainObjectFieldType__c":"","%vlocity_namespace%__FormulaOrder__c":"","%vlocity_namespace%__FormulaResultPath__c":"","%vlocity_namespace%__Formula__c":"","%vlocity_namespace%__GlobalKey__c":"","%vlocity_namespace%__LinkCreatedField__c":"","%vlocity_namespace%__LinkCreatedIndex__c":"","%vlocity_namespace%__LookupDomainObjectFieldName__c":"","%vlocity_namespace%__LookupDomainObjectName__c":"","%vlocity_namespace%__LookupDomainObjectRequestedFieldName__c":"","%vlocity_namespace%__TransformValuesMap__c":""},{"Id":"a1fR00000000YV4IAM","Name":"DRGetBusinessProfilesForLoggedInUser","%vlocity_namespace%__DomainObjectAPIName__c":"json","%vlocity_namespace%__DomainObjectCreationOrder__c":1,"%vlocity_namespace%__DomainObjectFieldAPIName__c":"BusinessOperatingName","%vlocity_namespace%__InterfaceFieldAPIName__c":"BusinessProfile:BusinessOperatingName","%vlocity_namespace%__IsDisabled__c":false,"%vlocity_namespace%__IsRequiredForUpsert__c":false,"%vlocity_namespace%__MapId__c":"DRGetBusinessProfilesForLoggedInUserCustom4878","%vlocity_namespace%__UpsertKey__c":false,"VlocityRecordSObjectType":"%vlocity_namespace%__DRMapItem__c","VlocityDataPackType":"SObject","VlocityRecordSourceKey":"VlocityRecordSourceKey:a1fR00000000YV4IAM","VlocityDataPackIsIncluded":true,"%vlocity_namespace%__ConfigurationAttribute__c":"","%vlocity_namespace%__ConfigurationCategory__c":"","%vlocity_namespace%__ConfigurationGroup__c":"","%vlocity_namespace%__ConfigurationKey__c":"","%vlocity_namespace%__ConfigurationPattern__c":"","%vlocity_namespace%__ConfigurationProcess__c":"","%vlocity_namespace%__ConfigurationType__c":"","%vlocity_namespace%__ConfigurationValue__c":"","%vlocity_namespace%__DefaultValue__c":"","%vlocity_namespace%__DisplayType__c":"","%vlocity_namespace%__DomainObjectFieldType__c":"","%vlocity_namespace%__FilterGroup__c":"","%vlocity_namespace%__FilterOperator__c":"","%vlocity_namespace%__FilterValue__c":"","%vlocity_namespace%__FormulaOrder__c":"","%vlocity_namespace%__FormulaResultPath__c":"","%vlocity_namespace%__Formula__c":"","%vlocity_namespace%__GlobalKey__c":"","%vlocity_namespace%__InterfaceObjectLookupOrder__c":"","%vlocity_namespace%__InterfaceObjectName__c":"","%vlocity_namespace%__LinkCreatedField__c":"","%vlocity_namespace%__LinkCreatedIndex__c":"","%vlocity_namespace%__LookupDomainObjectFieldName__c":"","%vlocity_namespace%__LookupDomainObjectName__c":"","%vlocity_namespace%__LookupDomainObjectRequestedFieldName__c":"","%vlocity_namespace%__TransformValuesMap__c":""},{"Id":"a1fR00000000YV5IAM","Name":"DRGetBusinessProfilesForLoggedInUser","%vlocity_namespace%__DomainObjectAPIName__c":"json","%vlocity_namespace%__DomainObjectCreationOrder__c":1,"%vlocity_namespace%__DomainObjectFieldAPIName__c":"BusinessLegalName","%vlocity_namespace%__InterfaceFieldAPIName__c":"BusinessProfile:Account.Name","%vlocity_namespace%__IsDisabled__c":false,"%vlocity_namespace%__IsRequiredForUpsert__c":false,"%vlocity_namespace%__MapId__c":"DRGetBusinessProfilesForLoggedInUserCustom6603","%vlocity_namespace%__UpsertKey__c":false,"VlocityRecordSObjectType":"%vlocity_namespace%__DRMapItem__c","VlocityDataPackType":"SObject","VlocityRecordSourceKey":"VlocityRecordSourceKey:a1fR00000000YV5IAM","VlocityDataPackIsIncluded":true,"%vlocity_namespace%__ConfigurationAttribute__c":"","%vlocity_namespace%__ConfigurationCategory__c":"","%vlocity_namespace%__ConfigurationGroup__c":"","%vlocity_namespace%__ConfigurationKey__c":"","%vlocity_namespace%__ConfigurationPattern__c":"","%vlocity_namespace%__ConfigurationProcess__c":"","%vlocity_namespace%__ConfigurationType__c":"","%vlocity_namespace%__ConfigurationValue__c":"","%vlocity_namespace%__DefaultValue__c":"","%vlocity_namespace%__DisplayType__c":"","%vlocity_namespace%__DomainObjectFieldType__c":"","%vlocity_namespace%__FilterGroup__c":"","%vlocity_namespace%__FilterOperator__c":"","%vlocity_namespace%__FilterValue__c":"","%vlocity_namespace%__FormulaOrder__c":"","%vlocity_namespace%__FormulaResultPath__c":"","%vlocity_namespace%__Formula__c":"","%vlocity_namespace%__GlobalKey__c":"","%vlocity_namespace%__InterfaceObjectLookupOrder__c":"","%vlocity_namespace%__InterfaceObjectName__c":"","%vlocity_namespace%__LinkCreatedField__c":"","%vlocity_namespace%__LinkCreatedIndex__c":"","%vlocity_namespace%__LookupDomainObjectFieldName__c":"","%vlocity_namespace%__LookupDomainObjectName__c":"","%vlocity_namespace%__LookupDomainObjectRequestedFieldName__c":"","%vlocity_namespace%__TransformValuesMap__c":""},{"Id":"a1fR00000000YV6IAM","Name":"DRGetBusinessProfilesForLoggedInUser","%vlocity_namespace%__DomainObjectAPIName__c":"json","%vlocity_namespace%__DomainObjectCreationOrder__c":1,"%vlocity_namespace%__DomainObjectFieldAPIName__c":"BusinessTaxIdentifier","%vlocity_namespace%__InterfaceFieldAPIName__c":"BusinessProfile:BusinessTaxIdentifier","%vlocity_namespace%__IsDisabled__c":false,"%vlocity_namespace%__IsRequiredForUpsert__c":false,"%vlocity_namespace%__MapId__c":"DRGetBusinessProfilesForLoggedInUserCustom5559","%vlocity_namespace%__UpsertKey__c":false,"VlocityRecordSObjectType":"%vlocity_namespace%__DRMapItem__c","VlocityDataPackType":"SObject","VlocityRecordSourceKey":"VlocityRecordSourceKey:a1fR00000000YV6IAM","VlocityDataPackIsIncluded":true,"%vlocity_namespace%__ConfigurationAttribute__c":"","%vlocity_namespace%__ConfigurationCategory__c":"","%vlocity_namespace%__ConfigurationGroup__c":"","%vlocity_namespace%__ConfigurationKey__c":"","%vlocity_namespace%__ConfigurationPattern__c":"","%vlocity_namespace%__ConfigurationProcess__c":"","%vlocity_namespace%__ConfigurationType__c":"","%vlocity_namespace%__ConfigurationValue__c":"","%vlocity_namespace%__DefaultValue__c":"","%vlocity_namespace%__DisplayType__c":"","%vlocity_namespace%__DomainObjectFieldType__c":"","%vlocity_namespace%__FilterGroup__c":"","%vlocity_namespace%__FilterOperator__c":"","%vlocity_namespace%__FilterValue__c":"","%vlocity_namespace%__FormulaOrder__c":"","%vlocity_namespace%__FormulaResultPath__c":"","%vlocity_namespace%__Formula__c":"","%vlocity_namespace%__GlobalKey__c":"","%vlocity_namespace%__InterfaceObjectLookupOrder__c":"","%vlocity_namespace%__InterfaceObjectName__c":"","%vlocity_namespace%__LinkCreatedField__c":"","%vlocity_namespace%__LinkCreatedIndex__c":"","%vlocity_namespace%__LookupDomainObjectFieldName__c":"","%vlocity_namespace%__LookupDomainObjectName__c":"","%vlocity_namespace%__LookupDomainObjectRequestedFieldName__c":"","%vlocity_namespace%__TransformValuesMap__c":""},{"Id":"a1fR00000000YV7IAM","Name":"DRGetBusinessProfilesForLoggedInUser","%vlocity_namespace%__DomainObjectAPIName__c":"json","%vlocity_namespace%__DomainObjectCreationOrder__c":1,"%vlocity_namespace%__DomainObjectFieldAPIName__c":"BusinessStructure","%vlocity_namespace%__InterfaceFieldAPIName__c":"BusinessProfile:BusinessStructure","%vlocity_namespace%__IsDisabled__c":false,"%vlocity_namespace%__IsRequiredForUpsert__c":false,"%vlocity_namespace%__MapId__c":"DRGetBusinessProfilesForLoggedInUserCustom4895","%vlocity_namespace%__UpsertKey__c":false,"VlocityRecordSObjectType":"%vlocity_namespace%__DRMapItem__c","VlocityDataPackType":"SObject","VlocityRecordSourceKey":"VlocityRecordSourceKey:a1fR00000000YV7IAM","VlocityDataPackIsIncluded":true,"%vlocity_namespace%__ConfigurationAttribute__c":"","%vlocity_namespace%__ConfigurationCategory__c":"","%vlocity_namespace%__ConfigurationGroup__c":"","%vlocity_namespace%__ConfigurationKey__c":"","%vlocity_namespace%__ConfigurationPattern__c":"","%vlocity_namespace%__ConfigurationProcess__c":"","%vlocity_namespace%__ConfigurationType__c":"","%vlocity_namespace%__ConfigurationValue__c":"","%vlocity_namespace%__DefaultValue__c":"","%vlocity_namespace%__DisplayType__c":"","%vlocity_namespace%__DomainObjectFieldType__c":"","%vlocity_namespace%__FilterGroup__c":"","%vlocity_namespace%__FilterOperator__c":"","%vlocity_namespace%__FilterValue__c":"","%vlocity_namespace%__FormulaOrder__c":"","%vlocity_namespace%__FormulaResultPath__c":"","%vlocity_namespace%__Formula__c":"","%vlocity_namespace%__GlobalKey__c":"","%vlocity_namespace%__InterfaceObjectLookupOrder__c":"","%vlocity_namespace%__InterfaceObjectName__c":"","%vlocity_namespace%__LinkCreatedField__c":"","%vlocity_namespace%__LinkCreatedIndex__c":"","%vlocity_namespace%__LookupDomainObjectFieldName__c":"","%vlocity_namespace%__LookupDomainObjectName__c":"","%vlocity_namespace%__LookupDomainObjectRequestedFieldName__c":"","%vlocity_namespace%__TransformValuesMap__c":""},{"Id":"a1fR00000000YV8IAM","Name":"DRGetBusinessProfilesForLoggedInUser","%vlocity_namespace%__DomainObjectAPIName__c":"Formula","%vlocity_namespace%__DomainObjectCreationOrder__c":0,"%vlocity_namespace%__DomainObjectFieldAPIName__c":"Formula","%vlocity_namespace%__FormulaOrder__c":1,"%vlocity_namespace%__FormulaResultPath__c":"BusinessProfile:Address","%vlocity_namespace%__Formula__c":"IF(ISBLANK(BusinessProfile:Account.BillingCountry),'',CONCAT(BusinessProfile:Account.BillingStreet,', ',BusinessProfile:Account.BillingCity,', ',BusinessProfile:Account.BillingState,', ',BusinessProfile:Account.BillingCountry,', ',BusinessProfile:Account.BillingPostalCode))","%vlocity_namespace%__IsDisabled__c":false,"%vlocity_namespace%__IsRequiredForUpsert__c":false,"%vlocity_namespace%__MapId__c":"DRGetBusinessProfilesForLoggedInUserCustom62","%vlocity_namespace%__UpsertKey__c":false,"VlocityRecordSObjectType":"%vlocity_namespace%__DRMapItem__c","VlocityDataPackType":"SObject","VlocityRecordSourceKey":"VlocityRecordSourceKey:a1fR00000000YV8IAM","VlocityDataPackIsIncluded":true,"%vlocity_namespace%__ConfigurationAttribute__c":"","%vlocity_namespace%__ConfigurationCategory__c":"","%vlocity_namespace%__ConfigurationGroup__c":"","%vlocity_namespace%__ConfigurationKey__c":"","%vlocity_namespace%__ConfigurationPattern__c":"","%vlocity_namespace%__ConfigurationProcess__c":"","%vlocity_namespace%__ConfigurationType__c":"","%vlocity_namespace%__ConfigurationValue__c":"","%vlocity_namespace%__DefaultValue__c":"","%vlocity_namespace%__DisplayType__c":"","%vlocity_namespace%__DomainObjectFieldType__c":"","%vlocity_namespace%__FilterGroup__c":"","%vlocity_namespace%__FilterOperator__c":"","%vlocity_namespace%__FilterValue__c":"","%vlocity_namespace%__GlobalKey__c":"","%vlocity_namespace%__InterfaceFieldAPIName__c":"","%vlocity_namespace%__InterfaceObjectLookupOrder__c":"","%vlocity_namespace%__InterfaceObjectName__c":"","%vlocity_namespace%__LinkCreatedField__c":"","%vlocity_namespace%__LinkCreatedIndex__c":"","%vlocity_namespace%__LookupDomainObjectFieldName__c":"","%vlocity_namespace%__LookupDomainObjectName__c":"","%vlocity_namespace%__LookupDomainObjectRequestedFieldName__c":"","%vlocity_namespace%__TransformValuesMap__c":""},{"Id":"a1fR00000000YV9IAM","Name":"DRGetBusinessProfilesForLoggedInUser","%vlocity_namespace%__DomainObjectAPIName__c":"json","%vlocity_namespace%__DomainObjectCreationOrder__c":1,"%vlocity_namespace%__DomainObjectFieldAPIName__c":"Address","%vlocity_namespace%__InterfaceFieldAPIName__c":"BusinessProfile:Address","%vlocity_namespace%__IsDisabled__c":false,"%vlocity_namespace%__IsRequiredForUpsert__c":false,"%vlocity_namespace%__MapId__c":"DRGetBusinessProfilesForLoggedInUserCustom9537","%vlocity_namespace%__UpsertKey__c":false,"VlocityRecordSObjectType":"%vlocity_namespace%__DRMapItem__c","VlocityDataPackType":"SObject","VlocityRecordSourceKey":"VlocityRecordSourceKey:a1fR00000000YV9IAM","VlocityDataPackIsIncluded":true,"%vlocity_namespace%__ConfigurationAttribute__c":"","%vlocity_namespace%__ConfigurationCategory__c":"","%vlocity_namespace%__ConfigurationGroup__c":"","%vlocity_namespace%__ConfigurationKey__c":"","%vlocity_namespace%__ConfigurationPattern__c":"","%vlocity_namespace%__ConfigurationProcess__c":"","%vlocity_namespace%__ConfigurationType__c":"","%vlocity_namespace%__ConfigurationValue__c":"","%vlocity_namespace%__DefaultValue__c":"","%vlocity_namespace%__DisplayType__c":"","%vlocity_namespace%__DomainObjectFieldType__c":"","%vlocity_namespace%__FilterGroup__c":"","%vlocity_namespace%__FilterOperator__c":"","%vlocity_namespace%__FilterValue__c":"","%vlocity_namespace%__FormulaOrder__c":"","%vlocity_namespace%__FormulaResultPath__c":"","%vlocity_namespace%__Formula__c":"","%vlocity_namespace%__GlobalKey__c":"","%vlocity_namespace%__InterfaceObjectLookupOrder__c":"","%vlocity_namespace%__InterfaceObjectName__c":"","%vlocity_namespace%__LinkCreatedField__c":"","%vlocity_namespace%__LinkCreatedIndex__c":"","%vlocity_namespace%__LookupDomainObjectFieldName__c":"","%vlocity_namespace%__LookupDomainObjectName__c":"","%vlocity_namespace%__LookupDomainObjectRequestedFieldName__c":"","%vlocity_namespace%__TransformValuesMap__c":""},{"Id":"a1fR00000000YVAIA2","Name":"DRGetBusinessProfilesForLoggedInUser","%vlocity_namespace%__DomainObjectAPIName__c":"json","%vlocity_namespace%__DomainObjectCreationOrder__c":0,"%vlocity_namespace%__DomainObjectFieldAPIName__c":"Account","%vlocity_namespace%__FilterGroup__c":0,"%vlocity_namespace%__FilterOperator__c":"LIMIT","%vlocity_namespace%__FilterValue__c":"1000","%vlocity_namespace%__InterfaceObjectLookupOrder__c":2,"%vlocity_namespace%__InterfaceObjectName__c":"AccountContactRelation","%vlocity_namespace%__IsDisabled__c":false,"%vlocity_namespace%__IsRequiredForUpsert__c":false,"%vlocity_namespace%__MapId__c":"DRGetBusinessProfilesForLoggedInUserCustom5383","%vlocity_namespace%__UpsertKey__c":false,"VlocityRecordSObjectType":"%vlocity_namespace%__DRMapItem__c","VlocityDataPackType":"SObject","VlocityRecordSourceKey":"VlocityRecordSourceKey:a1fR00000000YVAIA2","VlocityDataPackIsIncluded":true,"%vlocity_namespace%__ConfigurationAttribute__c":"","%vlocity_namespace%__ConfigurationCategory__c":"","%vlocity_namespace%__ConfigurationGroup__c":"","%vlocity_namespace%__ConfigurationKey__c":"","%vlocity_namespace%__ConfigurationPattern__c":"","%vlocity_namespace%__ConfigurationProcess__c":"","%vlocity_namespace%__ConfigurationType__c":"","%vlocity_namespace%__ConfigurationValue__c":"","%vlocity_namespace%__DefaultValue__c":"","%vlocity_namespace%__DisplayType__c":"","%vlocity_namespace%__DomainObjectFieldType__c":"","%vlocity_namespace%__FormulaOrder__c":"","%vlocity_namespace%__FormulaResultPath__c":"","%vlocity_namespace%__Formula__c":"","%vlocity_namespace%__GlobalKey__c":"","%vlocity_namespace%__InterfaceFieldAPIName__c":"","%vlocity_namespace%__LinkCreatedField__c":"","%vlocity_namespace%__LinkCreatedIndex__c":"","%vlocity_namespace%__LookupDomainObjectFieldName__c":"","%vlocity_namespace%__LookupDomainObjectName__c":"","%vlocity_namespace%__LookupDomainObjectRequestedFieldName__c":"","%vlocity_namespace%__TransformValuesMap__c":""},{"Id":"a1fR00000000YVBIA2","Name":"DRGetBusinessProfilesForLoggedInUser","%vlocity_namespace%__DomainObjectAPIName__c":"json","%vlocity_namespace%__DomainObjectCreationOrder__c":0,"%vlocity_namespace%__DomainObjectFieldAPIName__c":"BusinessProfile","%vlocity_namespace%__FilterGroup__c":0,"%vlocity_namespace%__FilterOperator__c":"LIMIT","%vlocity_namespace%__FilterValue__c":"25","%vlocity_namespace%__InterfaceObjectLookupOrder__c":3,"%vlocity_namespace%__InterfaceObjectName__c":"BusinessProfile","%vlocity_namespace%__IsDisabled__c":false,"%vlocity_namespace%__IsRequiredForUpsert__c":false,"%vlocity_namespace%__MapId__c":"DRGetBusinessProfilesForLoggedInUserCustom1327","%vlocity_namespace%__UpsertKey__c":false,"VlocityRecordSObjectType":"%vlocity_namespace%__DRMapItem__c","VlocityDataPackType":"SObject","VlocityRecordSourceKey":"VlocityRecordSourceKey:a1fR00000000YVBIA2","VlocityDataPackIsIncluded":true,"%vlocity_namespace%__ConfigurationAttribute__c":"","%vlocity_namespace%__ConfigurationCategory__c":"","%vlocity_namespace%__ConfigurationGroup__c":"","%vlocity_namespace%__ConfigurationKey__c":"","%vlocity_namespace%__ConfigurationPattern__c":"","%vlocity_namespace%__ConfigurationProcess__c":"","%vlocity_namespace%__ConfigurationType__c":"","%vlocity_namespace%__ConfigurationValue__c":"","%vlocity_namespace%__DefaultValue__c":"","%vlocity_namespace%__DisplayType__c":"","%vlocity_namespace%__DomainObjectFieldType__c":"","%vlocity_namespace%__FormulaOrder__c":"","%vlocity_namespace%__FormulaResultPath__c":"","%vlocity_namespace%__Formula__c":"","%vlocity_namespace%__GlobalKey__c":"","%vlocity_namespace%__InterfaceFieldAPIName__c":"","%vlocity_namespace%__LinkCreatedField__c":"","%vlocity_namespace%__LinkCreatedIndex__c":"","%vlocity_namespace%__LookupDomainObjectFieldName__c":"","%vlocity_namespace%__LookupDomainObjectName__c":"","%vlocity_namespace%__LookupDomainObjectRequestedFieldName__c":"","%vlocity_namespace%__TransformValuesMap__c":""},{"Id":"a1fR00000000YVCIA2","Name":"DRGetBusinessProfilesForLoggedInUser","%vlocity_namespace%__DomainObjectAPIName__c":"json","%vlocity_namespace%__DomainObjectCreationOrder__c":0,"%vlocity_namespace%__DomainObjectFieldAPIName__c":"BusinessProfile","%vlocity_namespace%__FilterGroup__c":0,"%vlocity_namespace%__FilterOperator__c":"ORDER BY","%vlocity_namespace%__FilterValue__c":"Name","%vlocity_namespace%__InterfaceObjectLookupOrder__c":3,"%vlocity_namespace%__InterfaceObjectName__c":"BusinessProfile","%vlocity_namespace%__IsDisabled__c":false,"%vlocity_namespace%__IsRequiredForUpsert__c":false,"%vlocity_namespace%__MapId__c":"DRGetBusinessProfilesForLoggedInUserCustom3550","%vlocity_namespace%__UpsertKey__c":false,"VlocityRecordSObjectType":"%vlocity_namespace%__DRMapItem__c","VlocityDataPackType":"SObject","VlocityRecordSourceKey":"VlocityRecordSourceKey:a1fR00000000YVCIA2","VlocityDataPackIsIncluded":true,"%vlocity_namespace%__ConfigurationAttribute__c":"","%vlocity_namespace%__ConfigurationCategory__c":"","%vlocity_namespace%__ConfigurationGroup__c":"","%vlocity_namespace%__ConfigurationKey__c":"","%vlocity_namespace%__ConfigurationPattern__c":"","%vlocity_namespace%__ConfigurationProcess__c":"","%vlocity_namespace%__ConfigurationType__c":"","%vlocity_namespace%__ConfigurationValue__c":"","%vlocity_namespace%__DefaultValue__c":"","%vlocity_namespace%__DisplayType__c":"","%vlocity_namespace%__DomainObjectFieldType__c":"","%vlocity_namespace%__FormulaOrder__c":"","%vlocity_namespace%__FormulaResultPath__c":"","%vlocity_namespace%__Formula__c":"","%vlocity_namespace%__GlobalKey__c":"","%vlocity_namespace%__InterfaceFieldAPIName__c":"","%vlocity_namespace%__LinkCreatedField__c":"","%vlocity_namespace%__LinkCreatedIndex__c":"","%vlocity_namespace%__LookupDomainObjectFieldName__c":"","%vlocity_namespace%__LookupDomainObjectName__c":"","%vlocity_namespace%__LookupDomainObjectRequestedFieldName__c":"","%vlocity_namespace%__TransformValuesMap__c":""},{"Id":"a1fR00000000YVDIA2","Name":"DRGetBusinessProfilesForLoggedInUser","%vlocity_namespace%__DomainObjectAPIName__c":"json","%vlocity_namespace%__DomainObjectCreationOrder__c":0,"%vlocity_namespace%__DomainObjectFieldAPIName__c":"BusinessProfile","%vlocity_namespace%__FilterGroup__c":0,"%vlocity_namespace%__FilterOperator__c":"OFFSET","%vlocity_namespace%__FilterValue__c":"offset","%vlocity_namespace%__InterfaceObjectLookupOrder__c":3,"%vlocity_namespace%__InterfaceObjectName__c":"BusinessProfile","%vlocity_namespace%__IsDisabled__c":false,"%vlocity_namespace%__IsRequiredForUpsert__c":false,"%vlocity_namespace%__MapId__c":"DRGetBusinessProfilesForLoggedInUserCustom7263","%vlocity_namespace%__UpsertKey__c":false,"VlocityRecordSObjectType":"%vlocity_namespace%__DRMapItem__c","VlocityDataPackType":"SObject","VlocityRecordSourceKey":"VlocityRecordSourceKey:a1fR00000000YVDIA2","VlocityDataPackIsIncluded":true,"%vlocity_namespace%__ConfigurationAttribute__c":"","%vlocity_namespace%__ConfigurationCategory__c":"","%vlocity_namespace%__ConfigurationGroup__c":"","%vlocity_namespace%__ConfigurationKey__c":"","%vlocity_namespace%__ConfigurationPattern__c":"","%vlocity_namespace%__ConfigurationProcess__c":"","%vlocity_namespace%__ConfigurationType__c":"","%vlocity_namespace%__ConfigurationValue__c":"","%vlocity_namespace%__DefaultValue__c":"","%vlocity_namespace%__DisplayType__c":"","%vlocity_namespace%__DomainObjectFieldType__c":"","%vlocity_namespace%__FormulaOrder__c":"","%vlocity_namespace%__FormulaResultPath__c":"","%vlocity_namespace%__Formula__c":"","%vlocity_namespace%__GlobalKey__c":"","%vlocity_namespace%__InterfaceFieldAPIName__c":"","%vlocity_namespace%__LinkCreatedField__c":"","%vlocity_namespace%__LinkCreatedIndex__c":"","%vlocity_namespace%__LookupDomainObjectFieldName__c":"","%vlocity_namespace%__LookupDomainObjectName__c":"","%vlocity_namespace%__LookupDomainObjectRequestedFieldName__c":"","%vlocity_namespace%__TransformValuesMap__c":""}],"VlocityRecordSObjectType":"%vlocity_namespace%__DRBundle__c","VlocityDataPackType":"SObject","VlocityRecordSourceKey":"VlocityRecordSourceKey:a1dR00000006wu9IAA","VlocityDataPackIsIncluded":true,"%vlocity_namespace%__BatchSize__c":"","%vlocity_namespace%__CustomInputClass__c":"","%vlocity_namespace%__CustomOutputClass__c":"","%vlocity_namespace%__Description__c":"","%vlocity_namespace%__GlobalKey__c":"","%vlocity_namespace%__InputCustom__c":"","%vlocity_namespace%__InputJson__c":"","%vlocity_namespace%__InputXml__c":"","%vlocity_namespace%__OuboundStagingObjectDataField__c":"","%vlocity_namespace%__OutboundConfigurationField__c":"","%vlocity_namespace%__OutboundConfigurationName__c":"","%vlocity_namespace%__OutboundStagingObjectName__c":"","%vlocity_namespace%__PreprocessorClassName__c":"","%vlocity_namespace%__RequiredPermission__c":"","%vlocity_namespace%__SalesforcePlatformCacheType__c":"","%vlocity_namespace%__SampleInputCustom__c":"","%vlocity_namespace%__SampleInputRows__c":"","%vlocity_namespace%__SampleInputXML__c":"","%vlocity_namespace%__TargetOutCustom__c":"","%vlocity_namespace%__TargetOutDocuSignTemplateId__c":"","%vlocity_namespace%__TargetOutJson__c":"","%vlocity_namespace%__TargetOutPdfDocName__c":"","%vlocity_namespace%__TargetOutXml__c":"","%vlocity_namespace%__TimeToLiveMinutes__c":"","%vlocity_namespace%__XmlOutputSequence__c":""}],"VlocityDataPackIsIncluded":true},"VlocityDataPackAllRelationships":{"76ae6aab8dae28bf812f398cc153b7fb":"Reference by Name"},"DataPackAttachmentSize":27194,"DataPackAttachmentParentId":"a6BR000000003dXMAQ","DataPackAttachmentId":"00PR0000000KGhcMAG","ActivationStatus":"NA"},{"VlocityPrimarySourceId":"a3bR00000004IsmIAE","VlocityPreviousPageKey":null,"VlocityMultiPackParentKey":null,"VlocityDepthFromPrimary":0,"VlocityDataPackType":"IntegrationProcedure","VlocityDataPackStatus":"Success","VlocityDataPackRelationshipType":"Sibling","VlocityDataPackRecords":[],"VlocityDataPackParents":[],"VlocityDataPackName":"BusinessProfile","VlocityDataPackMessage":null,"VlocityDataPackLabel":"Integration Procedure","VlocityDataPackKey":"8aced61d9e13c110e4549a7e46a68ffa","VlocityDataPackIsNotSupported":false,"VlocityDataPackIsIncluded":true,"VlocityDataPackData":{"VlocityDataPackRelationshipType":"Sibling","VlocityDataPackKey":"8aced61d9e13c110e4549a7e46a68ffa","VlocityDataPackLabel":"Integration Procedure","VlocityDataPackType":"IntegrationProcedure","Id":"BusinessProfileList_BusinessProfile","%vlocity_namespace%__OmniScript__c":[{"Id":"a3bR00000004IsmIAE","Name":"BusinessProfile","%vlocity_namespace%__CustomJavaScript__c":"{\n    \"offset\": 1\n}","%vlocity_namespace%__DisableMetadataCache__c":false,"%vlocity_namespace%__ElementTypeToHTMLTemplateList__c":"{\"ElementTypeToHTMLTemplateList\":[]}","%vlocity_namespace%__IsLwcEnabled__c":false,"%vlocity_namespace%__IsProcedure__c":true,"%vlocity_namespace%__IsReusable__c":false,"%vlocity_namespace%__IsTest__c":false,"%vlocity_namespace%__Language__c":"Procedure","%vlocity_namespace%__LwcId__c":"e5ef4de6-87b3-3f24-5ca4-65c0d4bc9124","%vlocity_namespace%__OmniProcessType__c":"Integration Procedure","%vlocity_namespace%__ProcedureKey__c":"BusinessProfileList_BusinessProfile","%vlocity_namespace%__PropertySet__c":"{\"linkToExternalObject\":\"\",\"trackingCustomData\":{},\"includeAllActionsInResponse\":false,\"columnsPropertyMap\":[],\"relationshipFieldsMap\":[],\"labelSingular\":\"\",\"labelPlural\":\"\",\"description\":\"\",\"nameColumn\":\"\",\"rollbackOnError\":false,\"chainableQueriesLimit\":50,\"chainableDMLStatementsLimit\":null,\"chainableCpuLimit\":2000,\"chainableHeapSizeLimit\":null,\"chainableDMLRowsLimit\":null,\"chainableQueryRowsLimit\":null,\"chainableSoslQueriesLimit\":null,\"chainableActualTimeLimit\":null,\"additionalChainableResponse\":{},\"queueableChainableQueriesLimit\":120,\"queueableChainableCpuLimit\":40000,\"queueableChainableHeapSizeLimit\":6,\"ttlMinutes\":5}","%vlocity_namespace%__SubType__c":"BusinessProfile","%vlocity_namespace%__Type__c":"BusinessProfileList","%vlocity_namespace%__Version__c":1,"%vlocity_namespace%__IsActive__c":true,"%vlocity_namespace%__Element__c":[{"Id":"a20R00000004LqXIAU","Name":"Configuration","%vlocity_namespace%__OmniScriptId__c":{"Name":"BusinessProfile","VlocityRecordSObjectType":"%vlocity_namespace%__OmniScript__c","VlocityDataPackType":"VlocityMatchingKeyObject","VlocityMatchingRecordSourceKey":"VlocityRecordSourceKey:a3bR00000004IsmIAE"},"%vlocity_namespace%__Active__c":true,"%vlocity_namespace%__Level__c":0,"%vlocity_namespace%__OmniScriptVersion__c":1,"%vlocity_namespace%__Order__c":1,"%vlocity_namespace%__PropertySet__c":"{\"executionConditionalFormula\":\"\",\"failureConditionalFormula\":\"\",\"failOnStepError\":true,\"elementValueMap\":{\"headers\":{\"Name\":\"Business Profile Id\",\"BusinessLegalName\":\"Business Legal Name\",\"BusinessOperatingName\":\"Business Operating Name\",\"BusinessTaxIdentifier\":\"Business Tax ID\",\"BusinessStructure\":\"Business Structure\",\"Address\":\"Address\"}},\"responseJSONPath\":\"\",\"responseJSONNode\":\"\",\"chainOnStep\":false,\"actionMessage\":\"\",\"show\":null,\"label\":\"SetValues1\",\"disOnTplt\":false}","%vlocity_namespace%__ReusableOmniScript__c":false,"%vlocity_namespace%__Type__c":"Set Values","VlocityRecordSObjectType":"%vlocity_namespace%__Element__c","VlocityDataPackType":"SObject","VlocityRecordSourceKey":"VlocityRecordSourceKey:a20R00000004LqXIAU","VlocityDataPackIsIncluded":true,"%vlocity_namespace%__InternalNotes__c":"","%vlocity_namespace%__ParentElementId__c":"","%vlocity_namespace%__SearchKey__c":""},{"Id":"a20R00000004LqYIAU","Name":"ReturnBusinessProfiles","%vlocity_namespace%__OmniScriptId__c":{"Name":"BusinessProfile","VlocityRecordSObjectType":"%vlocity_namespace%__OmniScript__c","VlocityDataPackType":"VlocityMatchingKeyObject","VlocityMatchingRecordSourceKey":"VlocityRecordSourceKey:a3bR00000004IsmIAE"},"%vlocity_namespace%__Active__c":true,"%vlocity_namespace%__Level__c":0,"%vlocity_namespace%__OmniScriptVersion__c":1,"%vlocity_namespace%__Order__c":2,"%vlocity_namespace%__PropertySet__c":"{\"executionConditionalFormula\":\"\",\"useFormulas\":true,\"additionalOutput\":{\"headers\":\"%Configuration:headers%\"},\"returnOnlyAdditionalOutput\":false,\"returnFullDataJSON\":false,\"responseFormat\":\"JSON\",\"responseJSONPath\":\"\",\"responseJSONNode\":\"\",\"sendJSONPath\":\"\",\"sendJSONNode\":\"\",\"responseDefaultData\":{},\"vlcResponseHeaders\":{},\"show\":null,\"label\":\"ResponseAction1\",\"disOnTplt\":false}","%vlocity_namespace%__ReusableOmniScript__c":false,"%vlocity_namespace%__Type__c":"Response Action","VlocityRecordSObjectType":"%vlocity_namespace%__Element__c","VlocityDataPackType":"SObject","VlocityRecordSourceKey":"VlocityRecordSourceKey:a20R00000004LqYIAU","VlocityDataPackIsIncluded":true,"%vlocity_namespace%__InternalNotes__c":"","%vlocity_namespace%__ParentElementId__c":"","%vlocity_namespace%__SearchKey__c":""}],"VlocityRecordSObjectType":"%vlocity_namespace%__OmniScript__c","VlocityDataPackType":"SObject","VlocityRecordSourceKey":"VlocityRecordSourceKey:a3bR00000004IsmIAE","VlocityDataPackIsIncluded":true,"%vlocity_namespace%__AdditionalInformation__c":"","%vlocity_namespace%__DataRaptorBundleId__c":"","%vlocity_namespace%__LastPreviewPage__c":"","%vlocity_namespace%__ProcedureResponseCacheType__c":"","%vlocity_namespace%__RequiredPermission__c":"","%vlocity_namespace%__TestHTMLTemplates__c":""}],"VlocityDataPackIsIncluded":true},"VlocityDataPackAllRelationships":{"76ae6aab8dae28bf812f398cc153b7fb":"Reference by Name"},"DataPackAttachmentSize":5680,"DataPackAttachmentParentId":"a6BR000000003dXMAQ","DataPackAttachmentId":"00PR0000000KGhdMAG","ActivationStatus":"Ready"},{"VlocityPrimarySourceId":"a67R000000001U9IAI","VlocityPreviousPageKey":null,"VlocityMultiPackParentKey":null,"VlocityDepthFromPrimary":0,"VlocityDataPackType":"VlocityCard","VlocityDataPackStatus":"Success","VlocityDataPackRelationshipType":"Sibling","VlocityDataPackRecords":[],"VlocityDataPackParents":[],"VlocityDataPackName":"BusinessLicenseCard","VlocityDataPackMessage":null,"VlocityDataPackLabel":"Vlocity Card","VlocityDataPackKey":"ff22a2a00fa9949d5a10a8f267d77f8d","VlocityDataPackIsNotSupported":false,"VlocityDataPackIsIncluded":true,"VlocityDataPackData":{"VlocityDataPackRelationshipType":"Sibling","VlocityDataPackKey":"ff22a2a00fa9949d5a10a8f267d77f8d","VlocityDataPackLabel":"Vlocity Card","VlocityDataPackType":"VlocityCard","Id":"BusinessLicenseCard","%vlocity_namespace%__VlocityCard__c":[{"Id":"a67R000000001U9IAI","Name":"BusinessLicenseCard","LastViewedDate":"2021-02-25T07:22:00.000Z","LastReferencedDate":"2021-02-25T07:22:00.000Z","%vlocity_namespace%__Active__c":true,"%vlocity_namespace%__Author__c":"salesforce","%vlocity_namespace%__Definition__c":"{\"states\":[{\"fields\":[],\"conditions\":{\"group\":[{\"field\":\"$scope.data.status\",\"operator\":\"===\",\"value\":\"'active'\",\"type\":\"system\"}]},\"definedActions\":{\"actions\":[]},\"name\":\"Active\",\"templateUrl\":\"BusinessProfileCard\",\"isSmartAction\":false,\"smartAction\":{},\"collapse\":false}],\"filter\":{},\"dataSource\":{\"type\":\"IntegrationProcedures\",\"value\":{\"inputMap\":{},\"optionsMap\":{\"vlcClass\":\"%vlocity_namespace%.IntegrationProcedureService\"},\"ipMethod\":\"BusinessProfileList_BusinessProfile\"}},\"title\":\"Business Profile List\"}","%vlocity_namespace%__GlobalKey__c":"BusinessLicenseCard/salesforce/1/1597124438621","%vlocity_namespace%__IsChildCard__c":false,"%vlocity_namespace%__Version__c":1,"VlocityRecordSObjectType":"%vlocity_namespace%__VlocityCard__c","VlocityDataPackType":"SObject","VlocityRecordSourceKey":"VlocityRecordSourceKey:a67R000000001U9IAI","VlocityDataPackIsIncluded":true,"%vlocity_namespace%__CardType__c":"","%vlocity_namespace%__Datasource__c":"","%vlocity_namespace%__Description__c":"","%vlocity_namespace%__ParentID__c":"","%vlocity_namespace%__SampleData__c":"","%vlocity_namespace%__Styles__c":"","%vlocity_namespace%__Type__c":"","VlocityDataPackMoreInfo":"(Author: salesforce, Version: 1)"}],"VlocityDataPackIsIncluded":true},"VlocityDataPackAllRelationships":{"76ae6aab8dae28bf812f398cc153b7fb":"Reference by Name","5803015e0e78bf09462915503896c922":"Reference by Name","8aced61d9e13c110e4549a7e46a68ffa":"Reference by Name"},"DataPackAttachmentSize":2615,"DataPackAttachmentParentId":"a6BR000000003dXMAQ","DataPackAttachmentId":"00PR0000000KGheMAG","ActivationStatus":"Ready"},{"VlocityPrimarySourceId":"a6XR00000004CiZMAU","VlocityPreviousPageKey":null,"VlocityMultiPackParentKey":null,"VlocityDepthFromPrimary":0,"VlocityDataPackType":"VlocityUITemplate","VlocityDataPackStatus":"Success","VlocityDataPackRelationshipType":"Sibling","VlocityDataPackRecords":[],"VlocityDataPackParents":[],"VlocityDataPackName":"BusinessProfileCard","VlocityDataPackMessage":null,"VlocityDataPackLabel":"Vlocity UI Template","VlocityDataPackKey":"5803015e0e78bf09462915503896c922","VlocityDataPackIsNotSupported":false,"VlocityDataPackIsIncluded":true,"VlocityDataPackData":{"VlocityDataPackRelationshipType":"Sibling","VlocityDataPackKey":"5803015e0e78bf09462915503896c922","VlocityDataPackLabel":"Vlocity UI Template","VlocityDataPackType":"VlocityUITemplate","Id":"BusinessProfileCard","%vlocity_namespace%__VlocityUITemplate__c":[{"Id":"a6XR00000004CiZMAU","Name":"BusinessProfileCard","%vlocity_namespace%__Author__c":"salesforce","%vlocity_namespace%__CSS__c":".header_title {\n  font-weight: bold;\n  line-height: 20px; }\n\n.font-400 {\n  font-weight: 400; }\n\ntable {\n  border-left: 1px solid #dddbda;\n  border-right: 1px solid #dddbda; }\n\n.line-clamp {\n  display: -webkit-box;\n  -webkit-box-orient: vertical;\n  -webkit-line-clamp: 3;\n  overflow: hidden;\n  text-overflow: ellipsis;\n  white-space: pre-line; }\n\n.list-containter {\n  overflow: auto;\n  max-height: 650px; }\n\n.loading-row {\n  position: absolute;\n  height: 50px;\n  bottom: -50px;\n  width: 100%; }","%vlocity_namespace%__CustomJavascript__c":"vlocity.cardframework.registerModule.controller('businessListController', ['$rootScope', '$scope', '$filter', '$timeout', 'dataService', function($rootScope, $scope, $filter, $timeout, dataService) {\n    var timerId;\n    $scope.columns = $scope.records.headers;\n    $scope.columnsLength = Object.keys($scope.columns).length;\n    var _businessProfile = $rootScope.rows;\n    if(!(_businessProfile instanceof Array)){\n        $scope.obj.businessProfiles = new Array();\n        $scope.obj.businessProfiles.push(_businessProfile);\n    }else{\n        $scope.obj.businessProfiles = _businessProfile;\n    }\n    $scope.rows = $scope.obj.businessProfiles;\n    \n    $scope.pageCounter = 1;\n    //NOTE: Changing this page size value, would also require to change the LIMIT attribute for BusinessProfile in DR 'DRGetBusinessProfilesForLoggedInUser' \n    $scope.pageSize = 25;\n    $rootScope.toScroll = true;\n    var loadingSpinner = $(\n        '.loading-row[data-name=\"' + 'businessProfileCardSpinner' + '\"]'\n    );\n    loadingSpinner.hide();\n    var debounceFunction  =  function (func, delay) {\n        // Cancels the setTimeout method execution\n        clearTimeout(timerId)\n\n        // Executes the func after delay time.\n        timerId  =  setTimeout(func, delay);\n    }\n    var scrollDebounced = function () {\n        //page height\n        var parentDiv = $(document.querySelector('div.list-containter'));\n        \n        if($(parentDiv).scrollTop() + $(parentDiv).innerHeight() + 100 >= $(parentDiv)[0].scrollHeight){\n            if($rootScope.toScroll == true){\n                var inputMap = { offset:  $scope.pageCounter * $scope.pageSize};\n                loadingSpinner.show();\n                dataService.getDataRaptorBundle('DRGetBusinessProfilesForLoggedInUser', '', null, inputMap).then(\n                function (records) {\n                    loadingSpinner.hide();\n                    $scope.rows = $scope.rows.concat(records);\n                    if(records.length > 0) {\n                        $scope.pageCounter = $scope.pageCounter + 1;\n                        $rootScope.toScroll = true;\n                    }\n                });\n                $rootScope.toScroll = false;\n            }\n        }\n    }\n    \n    var scrollListener = function(){\n        debounceFunction(scrollDebounced, 200);\n    };\n    angular.element(document.querySelector('div.list-containter')).bind('scroll', scrollListener);\n}]);","%vlocity_namespace%__ExternalID__c":"BusinessProfileCard/1/salesforce/1597656687698","%vlocity_namespace%__HTML__c":"<div class=\"list-containter\" ng-controller=\"businessListController\">\n\t<div class=\"loading-row\" data-name=\"businessProfileCardSpinner\">\n      <div class=\"slds-spinner_container\" style=\"z-index: 5\">\n        <div class=\"slds-spinner--brand slds-spinner slds-spinner--small\" aria-hidden=\"false\" role=\"alert\">\n            <div class=\"slds-spinner__dot-a\"></div>\n            <div class=\"slds-spinner__dot-b\"></div>\n        </div>\n      </div>\n    </div>\n\t<div class=\"slds-page-header\">\n\t\t<div class=\"slds-media__body slds-align-middle\">\n\t\t\t<h1 class=\"slds-truncate slds-page-header__title font-400\" title=\"Business Profiles\">Business Profiles</h1> </div>\n\t</div>\n\t\n\t<table class=\"slds-table slds-table_bordered slds-table_edit slds-table_fixed-layout slds-table_resizable-cols\">\n\t\t<thead>\n\t\t\t<tr class=\"slds-line-height_reset\">\n\t\t\t\t<th aria-label=\"{{value}}\" aria-sort=\"none\" class=\"slds-has-button-menu slds-is-resizable slds-is-sortable\" scope=\"col\" ng-repeat=\"(key, value) in columns | limitTo:12\">\n\t\t\t\t\t<a class=\"slds-th__action slds-text-link_reset\" href=\"javascript:void(0);\" role=\"button\" tabindex=\"-1\">\n\t\t\t\t\t\t<div class=\"slds-grid slds-grid_vertical-align-center slds-has-flexi-truncate header_title\"> <span class=\"slds-truncate\" title=\"{{value}}\">{{value}}</span> </div>\n\t\t\t\t\t</a>\n\t\t\t\t</th>\n\t\t\t</tr>\n\t\t</thead>\n\t\t<tbody ng-repeat=\"item in rows\">\n\t\t\t<tr class=\"slds-hint-parent\" tabindex=\"0\">\n\t\t\t\t<td data-label=\"{{item[key]}}\" role=\"gridcell\" ng-repeat=\"(key, value) in columns | limitTo:12\">\n\t\t\t\t\t<div class=\"line-clamp slds-p-around_xxx-small slds-text-body_regular\" title=\"{{item[key]}}\">{{item[key]}}</div>\n\t\t\t\t</td>\n\t\t\t</tr>\n\t\t</tbody>\n        <tbody ng-if=\"rows.length == 0\">\n\t\t\t<tr class=\"slds-hint-parent\" tabindex=\"0\">\n\t\t\t\t<td data-label=\"{{card[key]}}\" role=\"gridcell\" colspan=\"{{columnsLength}}\" class=\"slds-text-align--center slds-p-around_medium\">No items to display.</td>\n\t\t\t</tr>\n\t\t</tbody>\n\t</table>\n</div>","%vlocity_namespace%__Sass__c":".header_title{\n    font-weight: bold;\n    line-height: 20px;\n}\n.font-400{\n    font-weight: 400;\n}\n\ntable{\n    border-left: 1px solid #dddbda;\n    border-right: 1px solid #dddbda;\n}\n.line-clamp{\n    display: -webkit-box;\n    -webkit-box-orient: vertical;\n    -webkit-line-clamp: 3;\n    overflow: hidden;\n    text-overflow: ellipsis;\n    white-space: pre-line;\n}\n.list-containter {\n    overflow: auto;\n    max-height: 650px;\n}\n.loading-row {\n    position: absolute;\n    height: 50px;\n    bottom:-50px;\n    width: 100%;\n}","%vlocity_namespace%__Type__c":"Cards","%vlocity_namespace%__Version__c":1,"%vlocity_namespace%__Active__c":true,"VlocityRecordSObjectType":"%vlocity_namespace%__VlocityUITemplate__c","VlocityDataPackType":"SObject","VlocityRecordSourceKey":"VlocityRecordSourceKey:a6XR00000004CiZMAU","VlocityDataPackIsIncluded":true,"%vlocity_namespace%__Definition__c":"","%vlocity_namespace%__Description__c":"","%vlocity_namespace%__DisplayOn__c":"","%vlocity_namespace%__ParentID__c":"","%vlocity_namespace%__SampleJson__c":"","VlocityDataPackMoreInfo":"(Author: salesforce, Version: 1)"}],"VlocityDataPackIsIncluded":true},"VlocityDataPackAllRelationships":{"ff22a2a00fa9949d5a10a8f267d77f8d":"Reference by Name"},"DataPackAttachmentSize":7780,"DataPackAttachmentParentId":"a6BR000000003dXMAQ","DataPackAttachmentId":"00PR0000000KGhgMAG","ActivationStatus":"Ready"}],"dataPackId":"a6BR000000003dXMAQ","alreadyExportedKeys":[],"name":"BusinessProfileList","version":1}
